<?xml version='1.0' encoding='UTF-8'?>
<osm version='0.6' upload='false' generator='JOSM'>
  <node id='-139604' lat='0.00046405347' lon='-0.0002451349'>
    <tag k='name' v='N_9' />
  </node>
  <node id='-139605' lat='0.0005616893' lon='-0.00027127922' />
  <node id='-139606' lat='0.00052564858' lon='-0.00001432506'>
    <tag k='name' v='N_1' />
  </node>
  <node id='-139607' lat='0.00062854466' lon='-0.00004001431' />
  <node id='-139608' lat='0.00065274138' lon='-0.00004968558' />
  <node id='-139609' lat='0.00053704445' lon='-0.00002204683' />
  <node id='-139610' lat='0.00053387034' lon='-0.0000228045' />
  <node id='-139611' lat='0.00053139231' lon='-0.00002368617' />
  <node id='-139612' lat='0.00052924086' lon='-0.00002691387' />
  <node id='-139613' lat='0.0005285396' lon='-0.00003315637' />
  <node id='-139614' lat='0.00053040569' lon='-0.00003616254' />
  <node id='-139615' lat='0.00064918452' lon='-0.0000652599' />
  <node id='-139616' lat='0.00060247106' lon='-0.00025832491' />
  <node id='-139617' lat='0.00048576293' lon='-0.00022876975' />
  <node id='-139618' lat='0.00048255691' lon='-0.0002280057' />
  <node id='-139619' lat='0.00047979581' lon='-0.00022861644' />
  <node id='-139620' lat='0.00047793049' lon='-0.00023225357' />
  <node id='-139621' lat='0.00047724955' lon='-0.00023946444' />
  <node id='-139622' lat='0.00047787953' lon='-0.00024304979' />
  <node id='-139623' lat='0.00059825603' lon='-0.0002755738' />
  <node id='-139624' lat='0.00050530574' lon='-0.00029424397' />
  <node id='-139625' lat='0.00004762285' lon='0.00010020643'>
    <tag k='name' v='S_9' />
  </node>
  <node id='-139626' lat='-0.00008420453' lon='0.0001314561' />
  <node id='-139627' lat='-0.00013586546' lon='-0.00010350977' />
  <node id='-139628' lat='-0.0000048275' lon='-0.00013512174'>
    <tag k='name' v='S_1' />
  </node>
  <node id='-139629' lat='0.0002748051' lon='0.00020780692' />
  <node id='-139630' lat='-0.00001200732' lon='-0.00016973202'>
    <tag k='name' v='S_0' />
  </node>
  <node id='-139631' lat='0.00011708763' lon='-0.00032033871'>
    <tag k='name' v='W_6' />
  </node>
  <node id='-139632' lat='0.00000124697' lon='0.00009768991' />
  <node id='-139633' lat='0.00000049199' lon='0.00010227611' />
  <node id='-139634' lat='0.00000084137' lon='0.00009553631' />
  <node id='-139635' lat='-0.00000156271' lon='0.00009112697' />
  <node id='-139636' lat='-0.00000296705' lon='0.00009030211' />
  <node id='-139637' lat='-0.00000720551' lon='0.0000906987' />
  <node id='-139638' lat='-0.00009157373' lon='0.00011248123' />
  <node id='-139639' lat='-0.00008798489' lon='0.00012653394' />
  <node id='-139640' lat='-0.0000034088' lon='0.00010475577' />
  <node id='-139641' lat='-0.00000151669' lon='0.00010382591' />
  <node id='-139642' lat='0.00000131131' lon='0.00009959401' />
  <node id='-139643' lat='-0.00000020583' lon='0.0000925734' />
  <node id='-139644' lat='-0.00000535828' lon='0.00009025238' />
  <node id='-139645' lat='-0.00013309467' lon='-0.00008352267' />
  <node id='-139646' lat='-0.00006161715' lon='-0.00010072769' />
  <node id='-139647' lat='-0.00005238752' lon='-0.00010268192' />
  <node id='-139648' lat='-0.00004987175' lon='-0.00010359866' />
  <node id='-139649' lat='-0.00004803539' lon='-0.00010518687' />
  <node id='-139650' lat='-0.00004733968' lon='-0.00010859792' />
  <node id='-139651' lat='-0.00004728165' lon='-0.00011136473' />
  <node id='-139652' lat='-0.00004832837' lon='-0.000114362' />
  <node id='-139653' lat='-0.00005008568' lon='-0.00011654357' />
  <node id='-139654' lat='-0.00005399889' lon='-0.00011842396' />
  <node id='-139655' lat='-0.00013680739' lon='-0.00009827017' />
  <node id='-139656' action='modify' lat='0.00043835063' lon='0.00060894805' />
  <node id='-139657' lat='0.00030206305' lon='0.00022082705'>
    <tag k='name' v='E_1' />
  </node>
  <node id='-139658' action='modify' lat='0.00046836016' lon='0.00060688874' />
  <node id='-139659' lat='0.0003296469' lon='0.00021170952'>
    <tag k='name' v='E_2' />
  </node>
  <node id='-139660' lat='-0.0001233148' lon='-0.00008027597' />
  <node id='-139661' lat='-0.00000008127' lon='-0.00011011173'>
    <tag k='name' v='S_2' />
  </node>
  <node id='-139662' lat='-0.00011125902' lon='-0.00002023745' />
  <node id='-139663' lat='0.00001334343' lon='-0.00004921456'>
    <tag k='name' v='S_4' />
  </node>
  <node id='-139664' lat='-0.00011673237' lon='-0.00005024524' />
  <node id='-139665' lat='0.00000702087' lon='-0.00007840947'>
    <tag k='name' v='S_3' />
  </node>
  <node id='-139666' lat='0.00051880397' lon='-0.00003847873'>
    <tag k='name' v='N_2' />
  </node>
  <node id='-139667' lat='0.0006222691' lon='-0.00006484817' />
  <node id='-139668' lat='0.00051108637' lon='-0.00006728713'>
    <tag k='name' v='N_3' />
  </node>
  <node id='-139669' lat='0.00061059722' lon='-0.00009027838' />
  <node id='-139670' lat='0.000502719' lon='-0.00009818485'>
    <tag k='name' v='N_4' />
  </node>
  <node id='-139671' lat='0.00060264589' lon='-0.00012116758' />
  <node id='-139672' lat='0.00022380443' lon='-0.00034961631'>
    <tag k='name' v='W_2' />
  </node>
  <node id='-139673' lat='0.00013873237' lon='-0.00068436793' />
  <node id='-139674' lat='0.00025169426' lon='-0.00035678967'>
    <tag k='name' v='W_1' />
  </node>
  <node id='-139675' lat='0.00016527059' lon='-0.00069322982' />
  <node id='-139676' lat='0.00026948044' lon='-0.00036113229'>
    <tag k='name' v='W_0' />
  </node>
  <node id='-139677' lat='0.00051948942' lon='0.00002637589' />
  <node id='-139678' lat='0.00043763326' lon='-0.00026834455' />
  <node id='-139679' lat='0.00046896709' lon='0.00005005221' />
  <node id='-139680' lat='0.00037832852' lon='-0.00026528141' />
  <node id='-139681' lat='0.0004344289' lon='0.00015561115' />
  <node id='-139682' lat='0.00027686647' lon='0.00020622363' />
  <node id='-139683' lat='0.00042712392' lon='0.0001005152' />
  <node id='-139684' lat='0.00026009131' lon='0.00015546412' />
  <node id='-139685' lat='0.00059525479' lon='-0.00015232186' />
  <node id='-139686' lat='0.00049536154' lon='-0.00012757976'>
    <tag k='name' v='N_5' />
  </node>
  <node id='-139687' lat='0.00058550262' lon='-0.00018331748' />
  <node id='-139688' lat='0.00048716213' lon='-0.00015824626'>
    <tag k='name' v='N_6' />
  </node>
  <node id='-139689' lat='0.00057946344' lon='-0.00021278333' />
  <node id='-139690' lat='0.00047908215' lon='-0.00018666459'>
    <tag k='name' v='N_7' />
  </node>
  <node id='-139691' lat='0.00057573619' lon='-0.00024337756' />
  <node id='-139692' lat='0.00047110246' lon='-0.00021664271'>
    <tag k='name' v='N_8' />
  </node>
  <node id='-139693' lat='0.00049576361' lon='-0.0001236559' />
  <node id='-139694' lat='0.0005604141' lon='0.00058324241' />
  <node id='-139695' lat='0.00041685925' lon='0.0001829448'>
    <tag k='name' v='E_5' />
  </node>
  <node id='-139696' lat='0.00052468559' lon='0.00059385216' />
  <node id='-139697' lat='0.0003902162' lon='0.00019179015'>
    <tag k='name' v='E_4' />
  </node>
  <node id='-139698' lat='0.0004974316' lon='0.00059716383' />
  <node id='-139699' lat='0.00035808296' lon='0.00020219543'>
    <tag k='name' v='E_3' />
  </node>
  <node id='-139700' lat='0.00036069931' lon='0.00020130716' />
  <node id='-139701' lat='0.00035339608' lon='0.00020355107' />
  <node id='-139702' lat='-0.00009781162' lon='0.0001057088' />
  <node id='-139703' lat='0.00004191462' lon='0.00007401207'>
    <tag k='name' v='S_8' />
  </node>
  <node id='-139704' lat='-0.00010352747' lon='0.0000740352' />
  <node id='-139705' lat='0.00003490264' lon='0.00004297831'>
    <tag k='name' v='S_7' />
  </node>
  <node id='-139706' lat='-0.00010872954' lon='0.00004430998' />
  <node id='-139707' lat='0.00002783812' lon='0.0000129906'>
    <tag k='name' v='S_6' />
  </node>
  <node id='-139708' lat='-0.00011502298' lon='0.00001373149' />
  <node id='-139709' lat='0.00002052457' lon='-0.00001780563'>
    <tag k='name' v='S_5' />
  </node>
  <node id='-139710' lat='0.00001995446' lon='-0.00002056687' />
  <node id='-139711' lat='0.00007196314' lon='0.00012174687' />
  <node id='-139712' lat='0.00000745031' lon='-0.00016503883' />
  <node id='-139713' lat='0.00012584764' lon='0.00010929852' />
  <node id='-139714' lat='0.00006060982' lon='-0.00017680997' />
  <node id='-139715' lat='0.0003002363' lon='-0.0002905985' />
  <node id='-139716' lat='0.00013101095' lon='-0.00025015846' />
  <node id='-139717' lat='0.00027837702' lon='-0.00033949092' />
  <node id='-139718' lat='0.00011902803' lon='-0.00030043809' />
  <node id='-139719' lat='0.00004908418' lon='-0.00066214178' />
  <node id='-139720' lat='0.00013361641' lon='-0.00032471497'>
    <tag k='name' v='W_5' />
  </node>
  <node id='-139721' lat='0.00007409228' lon='-0.00067740176' />
  <node id='-139722' lat='0.00016232177' lon='-0.00033230509'>
    <tag k='name' v='W_4' />
  </node>
  <node id='-139723' lat='0.00019263383' lon='-0.00034032006'>
    <tag k='name' v='W_3' />
  </node>
  <node id='-139724' lat='0.00010410505' lon='-0.00068660688' />
  <node id='-139725' lat='0.00019449369' lon='-0.00034081184' />
  <node id='-139726' lat='0.00002854834' lon='-0.00065509363' />
  <node id='-139727' lat='0.00010669863' lon='-0.00036062107' />
  <node id='-139728' lat='0.00011441326' lon='-0.00033167416' />
  <node id='-139729' lat='0.00011756385' lon='-0.0002967321' />
  <node id='-139730' lat='0.00010840422' lon='-0.00025678558' />
  <node id='-139731' lat='0.00009288022' lon='-0.00023081078' />
  <node id='-139732' lat='0.00007640383' lon='-0.0002123293' />
  <node id='-139733' lat='0.00005215218' lon='-0.00019345511' />
  <node id='-139734' lat='0.00003139029' lon='-0.00018225911' />
  <node id='-139735' lat='0.00000462124' lon='-0.00017561622' />
  <node id='-139736' lat='-0.00013979531' lon='-0.00014095967' />
  <node id='-139737' lat='-0.00007138364' lon='0.00016825875' />
  <node id='-139738' lat='0.00005637312' lon='0.00013436423'>
    <tag k='name' v='S_10' />
  </node>
  <node id='-139739' lat='0.00010488543' lon='0.0001226351' />
  <node id='-139740' lat='0.00014049232' lon='0.00011783578' />
  <node id='-139741' lat='0.00017872108' lon='0.00012028753' />
  <node id='-139742' lat='0.00020785665' lon='0.00013306954' />
  <node id='-139743' lat='0.00023195489' lon='0.00014796172' />
  <node id='-139744' lat='0.00025519691' lon='0.00017722978' />
  <node id='-139745' lat='0.00028342221' lon='0.00022680732'>
    <tag k='name' v='E_0' />
  </node>
  <node id='-139746' lat='0.00032186705' lon='0.0003314026' />
  <node id='-139747' lat='0.0003553275' lon='0.00042897468' />
  <node id='-139748' lat='0.00038566961' lon='0.0005165174' />
  <node id='-139749' lat='0.00041709768' lon='0.00060518972' />
  <node id='-139750' lat='0.00064675584' lon='-0.00000233885' />
  <node id='-139751' lat='0.00053495812' lon='0.00002455023'>
    <tag k='name' v='N_0' />
  </node>
  <node id='-139752' lat='0.000516204' lon='0.00003260458' />
  <node id='-139753' lat='0.00049316607' lon='0.00004652146' />
  <node id='-139754' lat='0.00046831364' lon='0.00006759761' />
  <node id='-139755' lat='0.00045516464' lon='0.00008614791' />
  <node id='-139756' lat='0.00044108977' lon='0.00012239422' />
  <node id='-139757' lat='0.00043907453' lon='0.00014574208' />
  <node id='-139758' lat='0.00043984882' lon='0.00017496043'>
    <tag k='name' v='E_6' />
  </node>
  <node id='-139759' lat='0.00045448776' lon='0.00022425679' />
  <node id='-139760' lat='0.00049801446' lon='0.00034445774' />
  <node id='-139761' lat='0.00054115961' lon='0.00046963306' />
  <node id='-139762' lat='0.00057663064' lon='0.00056392483' />
  <node id='-139763' lat='0.00057725948' lon='-0.00031268445' />
  <node id='-139764' lat='0.00055938647' lon='-0.00030696475' />
  <node id='-139765' lat='0.00045483386' lon='-0.00028165609'>
    <tag k='name' v='N_10' />
  </node>
  <node id='-139766' lat='0.00043449585' lon='-0.00027744057' />
  <node id='-139767' lat='0.00039780319' lon='-0.00027377112' />
  <node id='-139768' lat='0.00036535662' lon='-0.00027416577' />
  <node id='-139769' lat='0.00034304271' lon='-0.00028154754' />
  <node id='-139770' lat='0.00031840163' lon='-0.00029700466' />
  <node id='-139771' lat='0.00029666094' lon='-0.00031849136' />
  <node id='-139772' lat='0.00028095059' lon='-0.00033653168' />
  <node id='-139773' lat='0.00025543194' lon='-0.00041594779' />
  <node id='-139774' lat='0.0002223104' lon='-0.00054285414' />
  <node id='-139775' lat='0.00018324846' lon='-0.00070392998' />
  <node id='-139776' action='modify' lat='0.00002038385' lon='-0.00001763938'>
    <tag k='name' v='S_5' />
  </node>
  <node id='-139777' action='modify' lat='-0.0001151637' lon='0.00001389774' />
  <node id='-140280' action='modify' lat='0.00035866347' lon='0.00020294082'>
    <tag k='name' v='E_3' />
  </node>
  <node id='-140281' action='modify' lat='0.00049801211' lon='0.00059790922' />
  <node id='-140661' action='modify' lat='0.00049486938' lon='-0.00012718853'>
    <tag k='name' v='N_5' />
  </node>
  <node id='-140662' action='modify' lat='0.00059476263' lon='-0.00015193063' />
  <node id='-140735' action='modify' lat='0.0001038834' lon='-0.00068521684' />
  <node id='-140736' action='modify' lat='0.00019241218' lon='-0.00033893002'>
    <tag k='name' v='W_3' />
  </node>
  <node id='-141085' action='modify' lat='0.00019263564' lon='-0.00033996401'>
    <tag k='name' v='W_3' />
  </node>
  <node id='-141086' action='modify' lat='0.00019925361' lon='-0.0003182634' />
  <node id='-141087' action='modify' lat='0.00020587157' lon='-0.00029656278' />
  <node id='-141088' action='modify' lat='0.00021248953' lon='-0.00027486216' />
  <node id='-141089' action='modify' lat='0.00021910749' lon='-0.00025316155' />
  <node id='-141090' action='modify' lat='0.00022572546' lon='-0.00023146093' />
  <node id='-141091' action='modify' lat='0.00023234342' lon='-0.00020976032' />
  <node id='-141092' action='modify' lat='0.00023896138' lon='-0.0001880597' />
  <node id='-141093' action='modify' lat='0.00024557934' lon='-0.00016635908' />
  <node id='-141094' action='modify' lat='0.00025219731' lon='-0.00014465846' />
  <node id='-141095' action='modify' lat='0.00025881527' lon='-0.00012295784' />
  <node id='-141096' action='modify' lat='0.00026543324' lon='-0.00010125722' />
  <node id='-141097' action='modify' lat='0.00027205121' lon='-0.00007955661' />
  <node id='-141098' action='modify' lat='0.00027866917' lon='-0.00005785599' />
  <node id='-141099' action='modify' lat='0.00028528714' lon='-0.00003615536' />
  <node id='-141100' action='modify' lat='0.0002919051' lon='-0.00001445475' />
  <node id='-141101' action='modify' lat='0.00029852307' lon='0.00000724588' />
  <node id='-141102' action='modify' lat='0.00030514103' lon='0.0000289465' />
  <node id='-141103' action='modify' lat='0.00031175899' lon='0.00005064712' />
  <node id='-141104' action='modify' lat='0.00031837696' lon='0.00007234774' />
  <node id='-141105' action='modify' lat='0.00032499493' lon='0.00009404836' />
  <node id='-141106' action='modify' lat='0.0003316129' lon='0.00011574899' />
  <node id='-141107' action='modify' lat='0.00033823086' lon='0.00013744961' />
  <node id='-141108' action='modify' lat='0.00034484883' lon='0.00015915023' />
  <node id='-141109' action='modify' lat='0.0003514668' lon='0.00018085085' />
  <node id='-141110' action='modify' lat='0.00035808477' lon='0.00020255148'>
    <tag k='name' v='E_3' />
  </node>
  <node id='1000' version='1' lat='0.00019782169' lon='-0.00031682047' />
  <node id='1001' version='1' lat='0.00020517028' lon='-0.0002938966' />
  <node id='1002' version='1' lat='0.00021461695' lon='-0.00027174402' />
  <node id='1003' version='1' lat='0.00022608107' lon='-0.00025055174' />
  <node id='1004' version='1' lat='0.00023946483' lon='-0.00023050055' />
  <node id='1005' version='1' lat='0.00025465407' lon='-0.00021176153' />
  <node id='1006' version='1' lat='0.00027151919' lon='-0.00019449455' />
  <node id='1007' version='1' lat='0.0002899163' lon='-0.00017884692' />
  <node id='1008' version='1' lat='0.00030968843' lon='-0.00016495215' />
  <node id='1009' version='1' lat='0.00033066692' lon='-0.00015292879' />
  <node id='1010' version='1' lat='0.00035267275' lon='-0.00014287941' />
  <node id='1011' version='1' lat='0.00037551822' lon='-0.00013488974' />
  <node id='1012' version='1' lat='0.00039900838' lon='-0.00012902796' />
  <node id='1013' version='1' lat='0.00042294285' lon='-0.00012534409' />
  <node id='1014' version='1' lat='0.00044711741' lon='-0.00012386953' />
  <node id='1015' version='1' lat='0.00047132582' lon='-0.00012461688' />
  <node id='1017' version='1' lat='0.00016798045' lon='-0.00030756602' />
  <node id='1018' version='1' lat='0.00017578827' lon='-0.00028341098' />
  <node id='1019' version='1' lat='0.00018568581' lon='-0.00026002378' />
  <node id='1020' version='1' lat='0.00019759777' lon='-0.00023758244' />
  <node id='1021' version='1' lat='0.00021143346' lon='-0.00021625774' />
  <node id='1022' version='1' lat='0.00022708761' lon='-0.00019621197' />
  <node id='1023' version='1' lat='0.00024444106' lon='-0.0001775977' />
  <node id='1024' version='1' lat='0.00026336176' lon='-0.00016055659' />
  <node id='1025' version='1' lat='0.0002837057' lon='-0.00014521834' />
  <node id='1026' version='1' lat='0.00030531804' lon='-0.00013169967' />
  <node id='1027' version='1' lat='0.00032803432' lon='-0.00012010347' />
  <node id='1028' version='1' lat='0.00035168165' lon='-0.00011051801' />
  <node id='1029' version='1' lat='0.00037608003' lon='-0.00010301621' />
  <node id='1030' version='1' lat='0.00040104382' lon='-0.0000976552' />
  <node id='1031' version='1' lat='0.00042638301' lon='-0.00009447576' />
  <node id='1032' version='1' lat='0.00045190473' lon='-0.00009350209' />
  <node id='1033' version='1' lat='0.00047741479' lon='-0.0000947416' />
  <node id='1036' version='1' lat='0.000351961' lon='0.00017821602' />
  <node id='1037' version='1' lat='0.00034375832' lon='0.00015485785' />
  <node id='1038' version='1' lat='0.00033353733' lon='0.00013229869' />
  <node id='1039' version='1' lat='0.00032137583' lon='0.00011071024' />
  <node id='1040' version='1' lat='0.00030736636' lon='0.00009025678' />
  <node id='1041' version='1' lat='0.00029161555' lon='0.00007109398' />
  <node id='1042' version='1' lat='0.00027424329' lon='0.00005336769' />
  <node id='1043' version='1' lat='0.00025538176' lon='0.00003721281' />
  <node id='1044' version='1' lat='0.00023517453' lon='0.00002275229' />
  <node id='1045' version='1' lat='0.00021377538' lon='0.00001009618' />
  <node id='1046' version='1' lat='0.00019134718' lon='-0.00000065919' />
  <node id='1047' version='1' lat='0.00016806061' lon='-0.00000943199' />
  <node id='1048' version='1' lat='0.00014409291' lon='-0.00001615542' />
  <node id='1049' version='1' lat='0.00011962647' lon='-0.00002077833' />
  <node id='1050' version='1' lat='0.00009484751' lon='-0.00002326553' />
  <node id='1051' version='1' lat='0.0000699446' lon='-0.0000235981' />
  <node id='1052' version='1' lat='0.00004510728' lon='-0.0000217735' />
  <node id='1054' version='1' lat='0.00038399501' lon='0.0001678556' />
  <node id='1055' version='1' lat='0.00037590246' lon='0.00014447967' />
  <node id='1056' version='1' lat='0.00036598845' lon='0.00012180648' />
  <node id='1057' version='1' lat='0.00035431409' lon='0.00009997583' />
  <node id='1058' version='1' lat='0.00034095136' lon='0.0000791223' />
  <node id='1059' version='1' lat='0.00032598264' lon='0.00005937447' />
  <node id='1060' version='1' lat='0.00030950023' lon='0.00004085408' />
  <node id='1061' version='1' lat='0.00029160575' lon='0.00002367532' />
  <node id='1062' version='1' lat='0.00027240952' lon='0.00000794411' />
  <node id='1063' version='1' lat='0.0002520299' lon='-0.00000624258' />
  <node id='1064' version='1' lat='0.00023059251' lon='-0.00001879727' />
  <node id='1065' version='1' lat='0.00020822954' lon='-0.00002964256' />
  <node id='1066' version='1' lat='0.00018507886' lon='-0.00003871159' />
  <node id='1067' version='1' lat='0.00016128322' lon='-0.00004594844' />
  <node id='1068' version='1' lat='0.00013698929' lon='-0.00005130849' />
  <node id='1069' version='1' lat='0.00011234689' lon='-0.0000547587' />
  <node id='1070' version='1' lat='0.00008750791' lon='-0.0000562778' />
  <node id='1071' version='1' lat='0.00006262552' lon='-0.00005585641' />
  <node id='1072' version='1' lat='0.00003785312' lon='-0.00005349716' />
  <node id='1075' version='1' lat='0.00004311847' lon='-0.00002585013' />
  <node id='1076' version='1' lat='0.00006486873' lon='-0.00003593107' />
  <node id='1077' version='1' lat='0.0000855898' lon='-0.00004796242' />
  <node id='1078' version='1' lat='0.00010510487' lon='-0.00006184155' />
  <node id='1079' version='1' lat='0.00012324745' lon='-0.00007745005' />
  <node id='1080' version='1' lat='0.00013986278' lon='-0.00009465475' />
  <node id='1081' version='1' lat='0.00015480907' lon='-0.00011330885' />
  <node id='1082' version='1' lat='0.00016795882' lon='-0.00013325323' />
  <node id='1083' version='1' lat='0.00017919983' lon='-0.0001543177' />
  <node id='1084' version='1' lat='0.00018843622' lon='-0.00017632257' />
  <node id='1085' version='1' lat='0.00019558917' lon='-0.00019908008' />
  <node id='1086' version='1' lat='0.00020059765' lon='-0.00022239609' />
  <node id='1087' version='1' lat='0.00020341894' lon='-0.00024607166' />
  <node id='1088' version='1' lat='0.00020402896' lon='-0.00026990482' />
  <node id='1089' version='1' lat='0.00020242251' lon='-0.00029369221' />
  <node id='1090' version='1' lat='0.00019861331' lon='-0.0003172309' />
  <node id='1092' version='1' lat='0.00005196434' lon='0.00000461131' />
  <node id='1093' version='1' lat='0.00007526354' lon='-0.00000582475' />
  <node id='1094' version='1' lat='0.00009755837' lon='-0.00001823816' />
  <node id='1095' version='1' lat='0.00011867917' lon='-0.00003253445' />
  <node id='1096' version='1' lat='0.00013846521' lon='-0.00004860482' />
  <node id='1097' version='1' lat='0.00015676588' lon='-0.00006632695' />
  <node id='1098' version='1' lat='0.00017344192' lon='-0.00008556599' />
  <node id='1099' version='1' lat='0.00018836641' lon='-0.00010617549' />
  <node id='1100' version='1' lat='0.00020142577' lon='-0.00012799861' />
  <node id='1101' version='1' lat='0.0002125206' lon='-0.00015086927' />
  <node id='1102' version='1' lat='0.00022156647' lon='-0.00017461341' />
  <node id='1103' version='1' lat='0.00022849453' lon='-0.00019905031' />
  <node id='1104' version='1' lat='0.00023325205' lon='-0.000223994' />
  <node id='1105' version='1' lat='0.00023580284' lon='-0.00024925463' />
  <node id='1106' version='1' lat='0.00023612748' lon='-0.00027463998' />
  <node id='1107' version='1' lat='0.00023422348' lon='-0.00029995683' />
  <node id='1108' version='1' lat='0.00023010535' lon='-0.0003250125' />
  <node id='1111' version='1' lat='0.0004728318' lon='-0.00011697845' />
  <node id='1112' version='1' lat='0.00045145665' lon='-0.00010423468' />
  <node id='1113' version='1' lat='0.00043144196' lon='-0.00008947116' />
  <node id='1114' version='1' lat='0.00041298048' lon='-0.00007283009' />
  <node id='1115' version='1' lat='0.00039624999' lon='-0.00005447172' />
  <node id='1116' version='1' lat='0.00038141163' lon='-0.00003457285' />
  <node id='1117' version='1' lat='0.0003686083' lon='-0.00001332513' />
  <node id='1118' version='1' lat='0.00035796329' lon='0.00000906683' />
  <node id='1119' version='1' lat='0.00034957912' lon='0.00003238737' />
  <node id='1120' version='1' lat='0.00034353655' lon='0.00005641191' />
  <node id='1121' version='1' lat='0.00033989376' lon='0.00008090907' />
  <node id='1122' version='1' lat='0.00033868584' lon='0.00010564294' />
  <node id='1123' version='1' lat='0.00033992441' lon='0.00013037532' />
  <node id='1124' version='1' lat='0.00034359756' lon='0.00015486801' />
  <node id='1125' version='1' lat='0.0003496699' lon='0.00017888515' />
  <node id='1127' version='1' lat='0.00046447636' lon='-0.00014794102' />
  <node id='1128' version='1' lat='0.00044278114' lon='-0.00013571103' />
  <node id='1129' version='1' lat='0.00042224156' lon='-0.00012164937' />
  <node id='1130' version='1' lat='0.00040301396' lon='-0.00010586307' />
  <node id='1131' version='1' lat='0.00038524466' lon='-0.00008847225' />
  <node id='1132' version='1' lat='0.00036906891' lon='-0.0000696093' />
  <node id='1133' version='1' lat='0.00035460979' lon='-0.00004941774' />
  <node id='1134' version='1' lat='0.00034197738' lon='-0.00002805126' />
  <node id='1135' version='1' lat='0.0003312678' lon='-0.00000567247' />
  <node id='1136' version='1' lat='0.00032256255' lon='0.00001754831' />
  <node id='1137' version='1' lat='0.0003159279' lon='0.00004143437' />
  <node id='1138' version='1' lat='0.00031141432' lon='0.00006580391' />
  <node id='1139' version='1' lat='0.00030905619' lon='0.00009047147' />
  <node id='1140' version='1' lat='0.00030887143' lon='0.00011524931' />
  <node id='1141' version='1' lat='0.00031086146' lon='0.00013994886' />
  <node id='1142' version='1' lat='0.00031501113' lon='0.00016438214' />
  <node id='1143' version='1' lat='0.00032128888' lon='0.00018836319' />
  <node id='1146' version='1' lat='0.0001992518' lon='-0.00031861945' />
  <node id='1147' version='1' lat='0.00020586976' lon='-0.00029691883' />
  <node id='1148' version='1' lat='0.00021248772' lon='-0.00027521821' />
  <node id='1149' version='1' lat='0.00021910568' lon='-0.0002535176' />
  <node id='1150' version='1' lat='0.00022572365' lon='-0.00023181698' />
  <node id='1151' version='1' lat='0.00023234161' lon='-0.00021011637' />
  <node id='1152' version='1' lat='0.00023895957' lon='-0.00018841575' />
  <node id='1153' version='1' lat='0.00024557753' lon='-0.00016671513' />
  <node id='1154' version='1' lat='0.0002521955' lon='-0.00014501451' />
  <node id='1155' version='1' lat='0.00025881346' lon='-0.00012331389' />
  <node id='1156' version='1' lat='0.00026543143' lon='-0.00010161327' />
  <node id='1157' version='1' lat='0.0002720494' lon='-0.00007991266' />
  <node id='1158' version='1' lat='0.00027866736' lon='-0.00005821204' />
  <node id='1159' version='1' lat='0.00028528533' lon='-0.00003651141' />
  <node id='1160' version='1' lat='0.00029190329' lon='-0.0000148108' />
  <node id='1161' version='1' lat='0.00029852126' lon='0.00000688983' />
  <node id='1162' version='1' lat='0.00030513922' lon='0.00002859045' />
  <node id='1163' version='1' lat='0.00031175718' lon='0.00005029107' />
  <node id='1164' version='1' lat='0.00031837515' lon='0.00007199169' />
  <node id='1165' version='1' lat='0.00032499312' lon='0.00009369231' />
  <node id='1166' version='1' lat='0.00033161109' lon='0.00011539294' />
  <node id='1167' version='1' lat='0.00033822905' lon='0.00013709356' />
  <node id='1168' version='1' lat='0.00034484702' lon='0.00015879418' />
  <node id='1169' version='1' lat='0.00035146499' lon='0.0001804948' />
  <node id='1171' version='1' lat='0.00016901477' lon='-0.00031054451' />
  <node id='1172' version='1' lat='0.00017570778' lon='-0.00028878393' />
  <node id='1173' version='1' lat='0.00018240078' lon='-0.00026702335' />
  <node id='1174' version='1' lat='0.00018909378' lon='-0.00024526277' />
  <node id='1175' version='1' lat='0.00019578679' lon='-0.00022350219' />
  <node id='1176' version='1' lat='0.00020247978' lon='-0.00020174161' />
  <node id='1177' version='1' lat='0.00020917279' lon='-0.00017998103' />
  <node id='1178' version='1' lat='0.0002158658' lon='-0.00015822044' />
  <node id='1179' version='1' lat='0.0002225588' lon='-0.00013645986' />
  <node id='1180' version='1' lat='0.0002292518' lon='-0.00011469928' />
  <node id='1181' version='1' lat='0.00023594481' lon='-0.00009293869' />
  <node id='1182' version='1' lat='0.00024263781' lon='-0.00007117811' />
  <node id='1183' version='1' lat='0.00024933082' lon='-0.00004941753' />
  <node id='1184' version='1' lat='0.00025602382' lon='-0.00002765694' />
  <node id='1185' version='1' lat='0.00026271683' lon='-0.00000589636' />
  <node id='1186' version='1' lat='0.00026940984' lon='0.00001586423' />
  <node id='1187' version='1' lat='0.00027610284' lon='0.00003762481' />
  <node id='1188' version='1' lat='0.00028279584' lon='0.0000593854' />
  <node id='1189' version='1' lat='0.00028948886' lon='0.00008114599' />
  <node id='1190' version='1' lat='0.00029618186' lon='0.00010290658' />
  <node id='1191' version='1' lat='0.00030287487' lon='0.00012466716' />
  <node id='1192' version='1' lat='0.00030956788' lon='0.00014642775' />
  <node id='1193' version='1' lat='0.00031626088' lon='0.00016818834' />
  <node id='1194' version='1' lat='0.00032295389' lon='0.00018994893' />
  <node id='1197' version='1' lat='0.00014035427' lon='-0.00030289329' />
  <node id='1198' version='1' lat='0.00014709213' lon='-0.00028107161' />
  <node id='1199' version='1' lat='0.00015383' lon='-0.00025924993' />
  <node id='1200' version='1' lat='0.00016056786' lon='-0.00023742826' />
  <node id='1201' version='1' lat='0.00016730572' lon='-0.00021560658' />
  <node id='1202' version='1' lat='0.00017404358' lon='-0.0001937849' />
  <node id='1203' version='1' lat='0.00018078145' lon='-0.00017196323' />
  <node id='1204' version='1' lat='0.00018751932' lon='-0.00015014155' />
  <node id='1205' version='1' lat='0.00019425718' lon='-0.00012831987' />
  <node id='1206' version='1' lat='0.00020099505' lon='-0.00010649819' />
  <node id='1207' version='1' lat='0.00020773291' lon='-0.0000846765' />
  <node id='1208' version='1' lat='0.00021447078' lon='-0.00006285482' />
  <node id='1209' version='1' lat='0.00022120864' lon='-0.00004103315' />
  <node id='1210' version='1' lat='0.0002279465' lon='-0.00001921147' />
  <node id='1211' version='1' lat='0.00023468438' lon='0.00000261022' />
  <node id='1212' version='1' lat='0.00024142224' lon='0.0000244319' />
  <node id='1213' version='1' lat='0.00024816011' lon='0.00004625358' />
  <node id='1214' version='1' lat='0.00025489797' lon='0.00006807527' />
  <node id='1215' version='1' lat='0.00026163584' lon='0.00008989695' />
  <node id='1216' version='1' lat='0.00026837371' lon='0.00011171863' />
  <node id='1217' version='1' lat='0.00027511157' lon='0.00013354031' />
  <node id='1218' version='1' lat='0.00028184945' lon='0.000155362' />
  <node id='1219' version='1' lat='0.00028858731' lon='0.00017718368' />
  <node id='1220' version='1' lat='0.00029532518' lon='0.00019900537' />
  <node id='1223' version='1' lat='0.00012374101' lon='-0.00029845288' />
  <node id='1224' version='1' lat='0.00013039439' lon='-0.00027656704' />
  <node id='1225' version='1' lat='0.00013704777' lon='-0.0002546812' />
  <node id='1226' version='1' lat='0.00014370115' lon='-0.00023279536' />
  <node id='1227' version='1' lat='0.00015035453' lon='-0.00021090953' />
  <node id='1228' version='1' lat='0.00015700791' lon='-0.00018902369' />
  <node id='1229' version='1' lat='0.0001636613' lon='-0.00016713785' />
  <node id='1230' version='1' lat='0.00017031468' lon='-0.00014525201' />
  <node id='1231' version='1' lat='0.00017696806' lon='-0.00012336617' />
  <node id='1232' version='1' lat='0.00018362144' lon='-0.00010148033' />
  <node id='1233' version='1' lat='0.00019027482' lon='-0.00007959449' />
  <node id='1234' version='1' lat='0.00019692821' lon='-0.00005770865' />
  <node id='1235' version='1' lat='0.00020358159' lon='-0.00003582281' />
  <node id='1236' version='1' lat='0.00021023498' lon='-0.00001393696' />
  <node id='1237' version='1' lat='0.00021688836' lon='0.00000794888' />
  <node id='1238' version='1' lat='0.00022354174' lon='0.00002983472' />
  <node id='1239' version='1' lat='0.00023019513' lon='0.00005172056' />
  <node id='1240' version='1' lat='0.00023684852' lon='0.0000736064' />
  <node id='1241' version='1' lat='0.00024350189' lon='0.00009549225' />
  <node id='1242' version='1' lat='0.00025015529' lon='0.00011737809' />
  <node id='1243' version='1' lat='0.00025680867' lon='0.00013926394' />
  <node id='1244' version='1' lat='0.00026346206' lon='0.00016114978' />
  <node id='1245' version='1' lat='0.00027011544' lon='0.00018303563' />
  <node id='1246' version='1' lat='0.00027676882' lon='0.00020492147' />
  <node id='1249' version='1' lat='0.00038355972' lon='0.00017013388' />
  <node id='1250' version='1' lat='0.00037690325' lon='0.00014847762' />
  <node id='1251' version='1' lat='0.00037024678' lon='0.00012682136' />
  <node id='1252' version='1' lat='0.0003635903' lon='0.0001051651' />
  <node id='1253' version='1' lat='0.00035693383' lon='0.00008350883' />
  <node id='1254' version='1' lat='0.00035027736' lon='0.00006185257' />
  <node id='1255' version='1' lat='0.00034362089' lon='0.00004019631' />
  <node id='1256' version='1' lat='0.00033696442' lon='0.00001854006' />
  <node id='1257' version='1' lat='0.00033030794' lon='-0.0000031162' />
  <node id='1258' version='1' lat='0.00032365147' lon='-0.00002477247' />
  <node id='1259' version='1' lat='0.000316995' lon='-0.00004642873' />
  <node id='1260' version='1' lat='0.00031033852' lon='-0.00006808498' />
  <node id='1261' version='1' lat='0.00030368206' lon='-0.00008974124' />
  <node id='1262' version='1' lat='0.00029702559' lon='-0.0001113975' />
  <node id='1263' version='1' lat='0.00029036912' lon='-0.00013305376' />
  <node id='1264' version='1' lat='0.00028371265' lon='-0.00015471002' />
  <node id='1265' version='1' lat='0.00027705618' lon='-0.00017636627' />
  <node id='1266' version='1' lat='0.00027039971' lon='-0.00019802253' />
  <node id='1267' version='1' lat='0.00026374324' lon='-0.00021967878' />
  <node id='1268' version='1' lat='0.00025708677' lon='-0.00024133504' />
  <node id='1269' version='1' lat='0.0002504303' lon='-0.00026299129' />
  <node id='1270' version='1' lat='0.00024377384' lon='-0.00028464755' />
  <node id='1271' version='1' lat='0.00023711737' lon='-0.00030630381' />
  <node id='1272' version='1' lat='0.0002304609' lon='-0.00032796006' />
  <node id='1275' version='1' lat='0.00041025264' lon='0.00016135542' />
  <node id='1276' version='1' lat='0.00040364605' lon='0.00013976603' />
  <node id='1277' version='1' lat='0.00039703944' lon='0.00011817666' />
  <node id='1278' version='1' lat='0.00039043284' lon='0.00009658727' />
  <node id='1279' version='1' lat='0.00038382624' lon='0.00007499789' />
  <node id='1280' version='1' lat='0.00037721964' lon='0.00005340851' />
  <node id='1281' version='1' lat='0.00037061304' lon='0.00003181913' />
  <node id='1282' version='1' lat='0.00036400643' lon='0.00001022975' />
  <node id='1283' version='1' lat='0.00035739984' lon='-0.00001135963' />
  <node id='1284' version='1' lat='0.00035079323' lon='-0.00003294902' />
  <node id='1285' version='1' lat='0.00034418663' lon='-0.0000545384' />
  <node id='1286' version='1' lat='0.00033758003' lon='-0.00007612777' />
  <node id='1287' version='1' lat='0.00033097344' lon='-0.00009771715' />
  <node id='1288' version='1' lat='0.00032436684' lon='-0.00011930654' />
  <node id='1289' version='1' lat='0.00031776023' lon='-0.00014089591' />
  <node id='1290' version='1' lat='0.00031115364' lon='-0.00016248529' />
  <node id='1291' version='1' lat='0.00030454704' lon='-0.00018407466' />
  <node id='1292' version='1' lat='0.00029794044' lon='-0.00020566404' />
  <node id='1293' version='1' lat='0.00029133385' lon='-0.00022725342' />
  <node id='1294' version='1' lat='0.00028472724' lon='-0.00024884279' />
  <node id='1295' version='1' lat='0.00027812065' lon='-0.00027043217' />
  <node id='1296' version='1' lat='0.00027151405' lon='-0.00029202154' />
  <node id='1297' version='1' lat='0.00026490745' lon='-0.00031361092' />
  <node id='1298' version='1' lat='0.00025830086' lon='-0.0003352003' />
  <node id='1301' version='1' lat='0.00043303408' lon='0.00015351672' />
  <node id='1302' version='1' lat='0.00042621934' lon='0.000132073' />
  <node id='1303' version='1' lat='0.0004194046' lon='0.00011062929' />
  <node id='1304' version='1' lat='0.00041258987' lon='0.00008918558' />
  <node id='1305' version='1' lat='0.00040577513' lon='0.00006774187' />
  <node id='1306' version='1' lat='0.00039896039' lon='0.00004629816' />
  <node id='1307' version='1' lat='0.00039214565' lon='0.00002485445' />
  <node id='1308' version='1' lat='0.00038533092' lon='0.00000341073' />
  <node id='1309' version='1' lat='0.00037851619' lon='-0.00001803297' />
  <node id='1310' version='1' lat='0.00037170145' lon='-0.00003947668' />
  <node id='1311' version='1' lat='0.00036488671' lon='-0.0000609204' />
  <node id='1312' version='1' lat='0.00035807197' lon='-0.0000823641' />
  <node id='1313' version='1' lat='0.00035125724' lon='-0.00010380781' />
  <node id='1314' version='1' lat='0.0003444425' lon='-0.00012525152' />
  <node id='1315' version='1' lat='0.00033762777' lon='-0.00014669523' />
  <node id='1316' version='1' lat='0.00033081304' lon='-0.00016813894' />
  <node id='1317' version='1' lat='0.0003239983' lon='-0.00018958264' />
  <node id='1318' version='1' lat='0.00031718357' lon='-0.00021102635' />
  <node id='1319' version='1' lat='0.00031036884' lon='-0.00023247006' />
  <node id='1320' version='1' lat='0.0003035541' lon='-0.00025391376' />
  <node id='1321' version='1' lat='0.00029673937' lon='-0.00027535747' />
  <node id='1322' version='1' lat='0.00028992464' lon='-0.00029680117' />
  <node id='1323' version='1' lat='0.0002831099' lon='-0.00031824488' />
  <node id='1324' version='1' lat='0.00027629518' lon='-0.00033968858' />
  <node id='1327' version='1' lat='0.0000504515' lon='0.00000769653' />
  <node id='1328' version='1' lat='0.00007306488' lon='0.00000240248' />
  <node id='1329' version='1' lat='0.00009567826' lon='-0.0000028916' />
  <node id='1330' version='1' lat='0.00011829163' lon='-0.00000818566' />
  <node id='1331' version='1' lat='0.00014090501' lon='-0.00001347973' />
  <node id='1332' version='1' lat='0.00016351838' lon='-0.00001877379' />
  <node id='1333' version='1' lat='0.00018613176' lon='-0.00002406786' />
  <node id='1334' version='1' lat='0.00020874514' lon='-0.00002936193' />
  <node id='1335' version='1' lat='0.00023135851' lon='-0.00003465599' />
  <node id='1336' version='1' lat='0.00025397189' lon='-0.00003995007' />
  <node id='1337' version='1' lat='0.00027658526' lon='-0.00004524413' />
  <node id='1338' version='1' lat='0.00029919864' lon='-0.0000505382' />
  <node id='1339' version='1' lat='0.00032181201' lon='-0.00005583227' />
  <node id='1340' version='1' lat='0.00034442539' lon='-0.00006112634' />
  <node id='1341' version='1' lat='0.00036703876' lon='-0.00006642041' />
  <node id='1342' version='1' lat='0.00038965214' lon='-0.00007171449' />
  <node id='1343' version='1' lat='0.00041226551' lon='-0.00007700856' />
  <node id='1344' version='1' lat='0.00043487889' lon='-0.00008230263' />
  <node id='1345' version='1' lat='0.00045749226' lon='-0.0000875967' />
  <node id='1346' version='1' lat='0.00048010563' lon='-0.00009289077' />
  <node id='1348' version='1' lat='0.00005654736' lon='0.00003796625' />
  <node id='1349' version='1' lat='0.00007819207' lon='0.00003295418' />
  <node id='1350' version='1' lat='0.00009983679' lon='0.00002794212' />
  <node id='1351' version='1' lat='0.0001214815' lon='0.00002293006' />
  <node id='1352' version='1' lat='0.00014312622' lon='0.00001791799' />
  <node id='1353' version='1' lat='0.00016477094' lon='0.00001290593' />
  <node id='1354' version='1' lat='0.00018641565' lon='0.00000789387' />
  <node id='1355' version='1' lat='0.00020806037' lon='0.0000028818' />
  <node id='1356' version='1' lat='0.00022970509' lon='-0.00000213026' />
  <node id='1357' version='1' lat='0.0002513498' lon='-0.00000714233' />
  <node id='1358' version='1' lat='0.00027299451' lon='-0.00001215439' />
  <node id='1359' version='1' lat='0.00029463924' lon='-0.00001716646' />
  <node id='1360' version='1' lat='0.00031628395' lon='-0.00002217852' />
  <node id='1361' version='1' lat='0.00033792866' lon='-0.00002719059' />
  <node id='1362' version='1' lat='0.00035957337' lon='-0.00003220265' />
  <node id='1363' version='1' lat='0.00038121809' lon='-0.00003721472' />
  <node id='1364' version='1' lat='0.00040286281' lon='-0.00004222679' />
  <node id='1365' version='1' lat='0.00042450753' lon='-0.00004723886' />
  <node id='1366' version='1' lat='0.00044615223' lon='-0.00005225092' />
  <node id='1367' version='1' lat='0.00046779694' lon='-0.000057263' />
  <node id='1368' version='1' lat='0.00048944166' lon='-0.00006227506' />
  <node id='1371' version='1' lat='0.00006359141' lon='0.00006889886' />
  <node id='1372' version='1' lat='0.00008526821' lon='0.00006378564' />
  <node id='1373' version='1' lat='0.00010694499' lon='0.00005867243' />
  <node id='1374' version='1' lat='0.00012862178' lon='0.00005355921' />
  <node id='1375' version='1' lat='0.00015029858' lon='0.000048446' />
  <node id='1376' version='1' lat='0.00017197536' lon='0.00004333278' />
  <node id='1377' version='1' lat='0.00019365216' lon='0.00003821956' />
  <node id='1378' version='1' lat='0.00021532894' lon='0.00003310635' />
  <node id='1379' version='1' lat='0.00023700573' lon='0.00002799313' />
  <node id='1380' version='1' lat='0.00025868252' lon='0.00002287992' />
  <node id='1381' version='1' lat='0.00028035931' lon='0.00001776669' />
  <node id='1382' version='1' lat='0.00030203609' lon='0.00001265348' />
  <node id='1383' version='1' lat='0.00032371288' lon='0.00000754026' />
  <node id='1384' version='1' lat='0.00034538967' lon='0.00000242704' />
  <node id='1385' version='1' lat='0.00036706646' lon='-0.00000268618' />
  <node id='1386' version='1' lat='0.00038874324' lon='-0.0000077994' />
  <node id='1387' version='1' lat='0.00041042003' lon='-0.00001291262' />
  <node id='1388' version='1' lat='0.00043209682' lon='-0.00001802584' />
  <node id='1389' version='1' lat='0.00045377361' lon='-0.00002313906' />
  <node id='1390' version='1' lat='0.0004754504' lon='-0.00002825229' />
  <node id='1391' version='1' lat='0.00049712718' lon='-0.00003336551' />
  <node id='1394' version='1' lat='0.00006935129' lon='0.00009500045' />
  <node id='1395' version='1' lat='0.00009107974' lon='0.00008979448' />
  <node id='1396' version='1' lat='0.00011280818' lon='0.00008458851' />
  <node id='1397' version='1' lat='0.00013453662' lon='0.00007938253' />
  <node id='1398' version='1' lat='0.00015626506' lon='0.00007417656' />
  <node id='1399' version='1' lat='0.00017799351' lon='0.00006897059' />
  <node id='1400' version='1' lat='0.00019972195' lon='0.00006376462' />
  <node id='1401' version='1' lat='0.00022145039' lon='0.00005855864' />
  <node id='1402' version='1' lat='0.00024317884' lon='0.00005335266' />
  <node id='1403' version='1' lat='0.00026490728' lon='0.00004814669' />
  <node id='1404' version='1' lat='0.00028663572' lon='0.00004294071' />
  <node id='1405' version='1' lat='0.00030836417' lon='0.00003773473' />
  <node id='1406' version='1' lat='0.0003300926' lon='0.00003252875' />
  <node id='1407' version='1' lat='0.00035182105' lon='0.00002732278' />
  <node id='1408' version='1' lat='0.0003735495' lon='0.0000221168' />
  <node id='1409' version='1' lat='0.00039527793' lon='0.00001691082' />
  <node id='1410' version='1' lat='0.00041700638' lon='0.00001170485' />
  <node id='1411' version='1' lat='0.00043873481' lon='0.00000649886' />
  <node id='1412' version='1' lat='0.00046046325' lon='0.00000129289' />
  <node id='1413' version='1' lat='0.0004821917' lon='-0.0000039131' />
  <node id='1414' version='1' lat='0.00050392014' lon='-0.00000911908' />
  <node id='1416' version='1' lat='0.00007812699' lon='0.00012937269' />
  <node id='1417' version='1' lat='0.00009988086' lon='0.00012438116' />
  <node id='1418' version='1' lat='0.00012163472' lon='0.00011938961' />
  <node id='1419' version='1' lat='0.00014338858' lon='0.00011439807' />
  <node id='1420' version='1' lat='0.00016514245' lon='0.00010940653' />
  <node id='1421' version='1' lat='0.00018689632' lon='0.00010441498' />
  <node id='1422' version='1' lat='0.00020865018' lon='0.00009942343' />
  <node id='1423' version='1' lat='0.00023040405' lon='0.00009443189' />
  <node id='1424' version='1' lat='0.00025215791' lon='0.00008944035' />
  <node id='1425' version='1' lat='0.00027391177' lon='0.00008444881' />
  <node id='1426' version='1' lat='0.00029566564' lon='0.00007945726' />
  <node id='1427' version='1' lat='0.0003174195' lon='0.00007446571' />
  <node id='1428' version='1' lat='0.00033917336' lon='0.00006947417' />
  <node id='1429' version='1' lat='0.00036092723' lon='0.00006448262' />
  <node id='1430' version='1' lat='0.00038268109' lon='0.00005949107' />
  <node id='1431' version='1' lat='0.00040443495' lon='0.00005449953' />
  <node id='1432' version='1' lat='0.00042618882' lon='0.00004950798' />
  <node id='1433' version='1' lat='0.00044794268' lon='0.00004451643' />
  <node id='1434' version='1' lat='0.00046969654' lon='0.00003952489' />
  <node id='1435' version='1' lat='0.0004914504' lon='0.00003453333' />
  <node id='1436' version='1' lat='0.00051320426' lon='0.00002954178' />
  <node id='1439' version='1' lat='0.00046459934' lon='-0.00015305427' />
  <node id='1440' version='1' lat='0.00044203655' lon='-0.00014786228' />
  <node id='1441' version='1' lat='0.00041947375' lon='-0.00014267029' />
  <node id='1442' version='1' lat='0.00039691096' lon='-0.00013747831' />
  <node id='1443' version='1' lat='0.00037434817' lon='-0.00013228631' />
  <node id='1444' version='1' lat='0.00035178537' lon='-0.00012709433' />
  <node id='1445' version='1' lat='0.00032922258' lon='-0.00012190234' />
  <node id='1446' version='1' lat='0.00030665979' lon='-0.00011671035' />
  <node id='1447' version='1' lat='0.00028409699' lon='-0.00011151837' />
  <node id='1448' version='1' lat='0.0002615342' lon='-0.00010632638' />
  <node id='1449' version='1' lat='0.0002389714' lon='-0.00010113439' />
  <node id='1450' version='1' lat='0.0002164086' lon='-0.00009594241' />
  <node id='1451' version='1' lat='0.00019384581' lon='-0.00009075043' />
  <node id='1452' version='1' lat='0.00017128301' lon='-0.00008555844' />
  <node id='1453' version='1' lat='0.00014872021' lon='-0.00008036645' />
  <node id='1454' version='1' lat='0.00012615742' lon='-0.00007517447' />
  <node id='1455' version='1' lat='0.00010359462' lon='-0.00006998249' />
  <node id='1456' version='1' lat='0.00008103182' lon='-0.00006479051' />
  <node id='1457' version='1' lat='0.00005846902' lon='-0.00005959852' />
  <node id='1458' version='1' lat='0.00003590623' lon='-0.00005440654' />
  <node id='1460' version='1' lat='0.00045660305' lon='-0.00018150958' />
  <node id='1461' version='1' lat='0.00043412394' lon='-0.00017635457' />
  <node id='1462' version='1' lat='0.00041164483' lon='-0.00017119956' />
  <node id='1463' version='1' lat='0.00038916573' lon='-0.00016604455' />
  <node id='1464' version='1' lat='0.00036668662' lon='-0.00016088954' />
  <node id='1465' version='1' lat='0.00034420751' lon='-0.00015573453' />
  <node id='1466' version='1' lat='0.00032172841' lon='-0.00015057953' />
  <node id='1467' version='1' lat='0.0002992493' lon='-0.00014542452' />
  <node id='1468' version='1' lat='0.00027677019' lon='-0.00014026952' />
  <node id='1469' version='1' lat='0.00025429108' lon='-0.00013511451' />
  <node id='1470' version='1' lat='0.00023181197' lon='-0.0001299595' />
  <node id='1471' version='1' lat='0.00020933287' lon='-0.0001248045' />
  <node id='1472' version='1' lat='0.00018685375' lon='-0.00011964949' />
  <node id='1473' version='1' lat='0.00016437464' lon='-0.00011449448' />
  <node id='1474' version='1' lat='0.00014189554' lon='-0.00010933948' />
  <node id='1475' version='1' lat='0.00011941643' lon='-0.00010418448' />
  <node id='1476' version='1' lat='0.00009693731' lon='-0.00009902947' />
  <node id='1477' version='1' lat='0.00007445821' lon='-0.00009387447' />
  <node id='1478' version='1' lat='0.00005197909' lon='-0.00008871947' />
  <node id='1479' version='1' lat='0.00002949999' lon='-0.00008356447' />
  <node id='1482' version='1' lat='0.00044866513' lon='-0.00021156981' />
  <node id='1483' version='1' lat='0.00042622782' lon='-0.00020649689' />
  <node id='1484' version='1' lat='0.0004037905' lon='-0.00020142399' />
  <node id='1485' version='1' lat='0.00038135318' lon='-0.00019635108' />
  <node id='1486' version='1' lat='0.00035891586' lon='-0.00019127818' />
  <node id='1487' version='1' lat='0.00033647854' lon='-0.00018620527' />
  <node id='1488' version='1' lat='0.00031404123' lon='-0.00018113237' />
  <node id='1489' version='1' lat='0.00029160391' lon='-0.00017605946' />
  <node id='1490' version='1' lat='0.00026916659' lon='-0.00017098655' />
  <node id='1491' version='1' lat='0.00024672926' lon='-0.00016591365' />
  <node id='1492' version='1' lat='0.00022429194' lon='-0.00016084075' />
  <node id='1493' version='1' lat='0.00020185463' lon='-0.00015576784' />
  <node id='1494' version='1' lat='0.0001794173' lon='-0.00015069494' />
  <node id='1495' version='1' lat='0.00015697998' lon='-0.00014562203' />
  <node id='1496' version='1' lat='0.00013454266' lon='-0.00014054914' />
  <node id='1497' version='1' lat='0.00011210534' lon='-0.00013547624' />
  <node id='1498' version='1' lat='0.00008966801' lon='-0.00013040333' />
  <node id='1499' version='1' lat='0.00006723069' lon='-0.00012533043' />
  <node id='1500' version='1' lat='0.00004479338' lon='-0.00012025753' />
  <node id='1501' version='1' lat='0.00002235605' lon='-0.00011518463' />
  <node id='1504' version='1' lat='0.00044172581' lon='-0.00023989618' />
  <node id='1505' version='1' lat='0.00041939815' lon='-0.00023465745' />
  <node id='1506' version='1' lat='0.00039707048' lon='-0.00022941872' />
  <node id='1507' version='1' lat='0.00037474282' lon='-0.00022418' />
  <node id='1508' version='1' lat='0.00035241515' lon='-0.00021894127' />
  <node id='1509' version='1' lat='0.00033008749' lon='-0.00021370255' />
  <node id='1510' version='1' lat='0.00030775983' lon='-0.00020846383' />
  <node id='1511' version='1' lat='0.00028543216' lon='-0.00020322511' />
  <node id='1512' version='1' lat='0.0002631045' lon='-0.00019798638' />
  <node id='1513' version='1' lat='0.00024077683' lon='-0.00019274765' />
  <node id='1514' version='1' lat='0.00021844916' lon='-0.00018750893' />
  <node id='1515' version='1' lat='0.0001961215' lon='-0.00018227022' />
  <node id='1516' version='1' lat='0.00017379384' lon='-0.0001770315' />
  <node id='1517' version='1' lat='0.00015146616' lon='-0.00017179277' />
  <node id='1518' version='1' lat='0.0001291385' lon='-0.00016655405' />
  <node id='1519' version='1' lat='0.00010681083' lon='-0.00016131533' />
  <node id='1520' version='1' lat='0.00008448317' lon='-0.00015607661' />
  <node id='1521' version='1' lat='0.0000621555' lon='-0.00015083789' />
  <node id='1522' version='1' lat='0.00003982784' lon='-0.00014559918' />
  <node id='1523' version='1' lat='0.00001750017' lon='-0.00014036045' />
  <node id='1525' version='1' lat='0.00043260333' lon='-0.00027632637' />
  <node id='1526' version='1' lat='0.0004103728' lon='-0.00027099664' />
  <node id='1527' version='1' lat='0.00038814228' lon='-0.00026566692' />
  <node id='1528' version='1' lat='0.00036591174' lon='-0.00026033721' />
  <node id='1529' version='1' lat='0.00034368121' lon='-0.00025500748' />
  <node id='1530' version='1' lat='0.00032145068' lon='-0.00024967776' />
  <node id='1531' version='1' lat='0.00029922014' lon='-0.00024434804' />
  <node id='1532' version='1' lat='0.00027698961' lon='-0.00023901833' />
  <node id='1533' version='1' lat='0.00025475908' lon='-0.0002336886' />
  <node id='1534' version='1' lat='0.00023252855' lon='-0.00022835889' />
  <node id='1535' version='1' lat='0.00021029802' lon='-0.00022302917' />
  <node id='1536' version='1' lat='0.00018806748' lon='-0.00021769946' />
  <node id='1537' version='1' lat='0.00016583695' lon='-0.00021236974' />
  <node id='1538' version='1' lat='0.00014360642' lon='-0.00020704002' />
  <node id='1539' version='1' lat='0.00012137588' lon='-0.00020171031' />
  <node id='1540' version='1' lat='0.00009914535' lon='-0.00019638059' />
  <node id='1541' version='1' lat='0.00007691482' lon='-0.00019105087' />
  <node id='1542' version='1' lat='0.00005468428' lon='-0.00018572116' />
  <node id='1543' version='1' lat='0.00003245374' lon='-0.00018039144' />
  <node id='1544' version='1' lat='0.00001022321' lon='-0.00017506174' />
  <node id='1547' version='1' lat='0.00016664527' lon='-0.00030914232' />
  <node id='1548' version='1' lat='0.0001683307' lon='-0.00028564435' />
  <node id='1549' version='1' lat='0.00016735686' lon='-0.00026210669' />
  <node id='1550' version='1' lat='0.00016373599' lon='-0.00023882533' />
  <node id='1551' version='1' lat='0.00015751365' lon='-0.00021609306' />
  <node id='1552' version='1' lat='0.00014876806' lon='-0.00019419573' />
  <node id='1553' version='1' lat='0.00013760922' lon='-0.00017340873' />
  <node id='1554' version='1' lat='0.00012417746' lon='-0.00015399347' />
  <node id='1555' version='1' lat='0.00010864169' lon='-0.0001361941' />
  <node id='1556' version='1' lat='0.00009119726' lon='-0.00012023445' />
  <node id='1557' version='1' lat='0.00007206357' lon='-0.00010631524' />
  <node id='1558' version='1' lat='0.00005148121' lon='-0.00009461151' />
  <node id='1559' version='1' lat='0.00002970906' lon='-0.00008527042' />
  <node id='1561' version='1' lat='0.00013749487' lon='-0.00030169227' />
  <node id='1562' version='1' lat='0.00013831485' lon='-0.0002783637' />
  <node id='1563' version='1' lat='0.0001360623' lon='-0.00025512838' />
  <node id='1564' version='1' lat='0.00013077576' lon='-0.00023238389' />
  <node id='1565' version='1' lat='0.00012254569' lon='-0.00021051941' />
  <node id='1566' version='1' lat='0.0001115129' lon='-0.00018990902' />
  <node id='1567' version='1' lat='0.00009786618' lon='-0.00017090538' />
  <node id='1568' version='1' lat='0.00008183902' lon='-0.00015383366' />
  <node id='1569' version='1' lat='0.00006370564' lon='-0.00013898595' />
  <node id='1570' version='1' lat='0.00004377632' lon='-0.00012661628' />
  <node id='1571' version='1' lat='0.00002239205' lon='-0.00011693634' />
  <node id='1574' version='1' lat='0.00013567101' lon='-0.00030117361' />
  <node id='1575' version='1' lat='0.00013433183' lon='-0.00027758143' />
  <node id='1576' version='1' lat='0.00012962615' lon='-0.00025441869' />
  <node id='1577' version='1' lat='0.00012164973' lon='-0.00023215692' />
  <node id='1578' version='1' lat='0.00011056498' lon='-0.00021124931' />
  <node id='1579' version='1' lat='0.00009659754' lon='-0.00019212146' />
  <node id='1580' version='1' lat='0.00008003173' lon='-0.00017516278' />
  <node id='1581' version='1' lat='0.00006120481' lon='-0.00016071849' />
  <node id='1582' version='1' lat='0.00004050004' lon='-0.00014908264' />
  <node id='1583' version='1' lat='0.00001833888' lon='-0.00014049209' />
  <node id='1586' version='1' lat='0.0000595273' lon='0.00003775954' />
  <node id='1587' version='1' lat='0.00008456625' lon='0.00003512611' />
  <node id='1588' version='1' lat='0.00010974516' lon='0.00003510686' />
  <node id='1589' version='1' lat='0.00013478817' lon='0.00003770201' />
  <node id='1590' version='1' lat='0.00015942088' lon='0.00004288313' />
  <node id='1591' version='1' lat='0.00018337344' lon='0.00005059345' />
  <node id='1592' version='1' lat='0.0002063834' lon='0.0000607485' />
  <node id='1593' version='1' lat='0.00022819866' lon='0.000073237' />
  <node id='1594' version='1' lat='0.00024858022' lon='0.00008792214' />
  <node id='1595' version='1' lat='0.00026730477' lon='0.00010464303' />
  <node id='1596' version='1' lat='0.00028416715' lon='0.00012321647' />
  <node id='1597' version='1' lat='0.00029898263' lon='0.00014343896' />
  <node id='1598' version='1' lat='0.00031158886' lon='0.00016508893' />
  <node id='1599' version='1' lat='0.00032184776' lon='0.0001879292' />
  <node id='1601' version='1' lat='0.00006510594' lon='0.00006903888' />
  <node id='1602' version='1' lat='0.000088712' lon='0.00006667619' />
  <node id='1603' version='1' lat='0.00011243594' lon='0.00006695369' />
  <node id='1604' version='1' lat='0.00013597945' lon='0.00006986791' />
  <node id='1605' version='1' lat='0.00015904643' lon='0.00007538219' />
  <node id='1606' version='1' lat='0.0001813468' lon='0.00008342719' />
  <node id='1607' version='1' lat='0.00020260013' lon='0.00009390175' />
  <node id='1608' version='1' lat='0.00022253914' lon='0.00010667412' />
  <node id='1609' version='1' lat='0.00024091308' lon='0.00012158371' />
  <node id='1610' version='1' lat='0.00025749091' lon='0.000138443' />
  <node id='1611' version='1' lat='0.00027206413' lon='0.00015703998' />
  <node id='1612' version='1' lat='0.00028444949' lon='0.0001771408' />
  <node id='1613' version='1' lat='0.00029449122' lon='0.00019849266' />
  <node id='1616' version='1' lat='0.00007076102' lon='0.0000936051' />
  <node id='1617' version='1' lat='0.00009453155' lon='0.00008982224' />
  <node id='1618' version='1' lat='0.00011858782' lon='0.00008891299' />
  <node id='1619' version='1' lat='0.00014257902' lon='0.00009089061' />
  <node id='1620' version='1' lat='0.00016615532' lon='0.00009572629' />
  <node id='1621' version='1' lat='0.00018897291' lon='0.00010334949' />
  <node id='1622' version='1' lat='0.00021069908' lon='0.00011364906' />
  <node id='1623' version='1' lat='0.00023101699' lon='0.0001264748' />
  <node id='1624' version='1' lat='0.00024963037' lon='0.00014163968' />
  <node id='1625' version='1' lat='0.0002662678' lon='0.00015892256' />
  <node id='1626' version='1' lat='0.00028068665' lon='0.00017807143' />
  <node id='1627' version='1' lat='0.00029267668' lon='0.00019880706' />
  <node id='1630' version='1' lat='0.00038317294' lon='0.00016843332' />
  <node id='1631' version='1' lat='0.00037901536' lon='0.0001444035' />
  <node id='1632' version='1' lat='0.0003778041' lon='0.0001200511' />
  <node id='1633' version='1' lat='0.00037955681' lon='0.00009573122' />
  <node id='1634' version='1' lat='0.00038424793' lon='0.00007179852' />
  <node id='1635' version='1' lat='0.00039180906' lon='0.00004860199' />
  <node id='1636' version='1' lat='0.00040212993' lon='0.00002647987' />
  <node id='1637' version='1' lat='0.00041506005' lon='0.00000575478' />
  <node id='1638' version='1' lat='0.00043041087' lon='-0.0000132711' />
  <node id='1639' version='1' lat='0.00044795853' lon='-0.0000303203' />
  <node id='1640' version='1' lat='0.00046744716' lon='-0.00004514422' />
  <node id='1641' version='1' lat='0.00048859255' lon='-0.00005752668' />
  <node id='1643' version='1' lat='0.00041035392' lon='0.00016137133' />
  <node id='1644' version='1' lat='0.00040673912' lon='0.00013913899' />
  <node id='1645' version='1' lat='0.0004060767' lon='0.00011662818' />
  <node id='1646' version='1' lat='0.00040837801' lon='0.00009422407' />
  <node id='1647' version='1' lat='0.00041360366' lon='0.00007231' />
  <node id='1648' version='1' lat='0.00042166424' lon='0.00005126093' />
  <node id='1649' version='1' lat='0.00043242183' lon='0.00003143701' />
  <node id='1650' version='1' lat='0.00044569237' lon='0.00001317743' />
  <node id='1651' version='1' lat='0.00046124878' lon='-0.00000320537' />
  <node id='1652' version='1' lat='0.00047882492' lon='-0.0000174311' />
  <node id='1653' version='1' lat='0.00049812003' lon='-0.00002925632' />
  <node id='1656' version='1' lat='0.00041203299' lon='0.00016076423' />
  <node id='1657' version='1' lat='0.00041043374' lon='0.00013812718' />
  <node id='1658' version='1' lat='0.00041209408' lon='0.00011549446' />
  <node id='1659' version='1' lat='0.0004169802' lon='0.00009332683' />
  <node id='1660' version='1' lat='0.00042499263' lon='0.00007207554' />
  <node id='1661' version='1' lat='0.00043596826' lon='0.00005217321' />
  <node id='1662' version='1' lat='0.00044968366' lon='0.00003402501' />
  <node id='1663' version='1' lat='0.00046585962' lon='0.00001800035' />
  <node id='1664' version='1' lat='0.00048416685' lon='0.00000442548' />
  <node id='1665' version='1' lat='0.00050423266' lon='-0.00000642327' />
  <node id='1668' version='1' lat='0.00045532044' lon='-0.00018290114' />
  <node id='1669' version='1' lat='0.00043128392' lon='-0.00018180401' />
  <node id='1670' version='1' lat='0.00040727487' lon='-0.000183387' />
  <node id='1671' version='1' lat='0.00038359522' lon='-0.00018763019' />
  <node id='1672' version='1' lat='0.00036054276' lon='-0.00019448025' />
  <node id='1673' version='1' lat='0.00033840736' lon='-0.000203851' />
  <node id='1674' version='1' lat='0.00031746743' lon='-0.00021562463' />
  <node id='1675' version='1' lat='0.00029798627' lon='-0.00022965306' />
  <node id='1676' version='1' lat='0.00028020887' lon='-0.00024575987' />
  <node id='1677' version='1' lat='0.00026435879' lon='-0.00026374253' />
  <node id='1678' version='1' lat='0.00025063537' lon='-0.00028337488' />
  <node id='1679' version='1' lat='0.00023921118' lon='-0.00030441003' />
  <node id='1680' version='1' lat='0.00023022989' lon='-0.00032658345' />
  <node id='1682' version='1' lat='0.00044724013' lon='-0.00021309748' />
  <node id='1683' version='1' lat='0.00042311607' lon='-0.00021267637' />
  <node id='1684' version='1' lat='0.00039914308' lon='-0.00021538662' />
  <node id='1685' version='1' lat='0.00037573131' lon='-0.00022118184' />
  <node id='1686' version='1' lat='0.00035328135' lon='-0.00022996286' />
  <node id='1687' version='1' lat='0.00033217735' lon='-0.00024157946' />
  <node id='1688' version='1' lat='0.00031278037' lon='-0.00025583286' />
  <node id='1689' version='1' lat='0.00029542233' lon='-0.00027247918' />
  <node id='1690' version='1' lat='0.00028040021' lon='-0.00029123361' />
  <node id='1691' version='1' lat='0.00026797105' lon='-0.00031177524' />
  <node id='1692' version='1' lat='0.00025834751' lon='-0.00033375261' />
  <node id='1695' version='1' lat='0.00044043524' lon='-0.00023971195' />
  <node id='1696' version='1' lat='0.00041628045' lon='-0.00023768292' />
  <node id='1697' version='1' lat='0.0003920808' lon='-0.00023908912' />
  <node id='1698' version='1' lat='0.00036832895' lon='-0.00024390192' />
  <node id='1699' version='1' lat='0.00034550841' lon='-0.00025202334' />
  <node id='1700' version='1' lat='0.00032408373' lon='-0.00026328807' />
  <node id='1701' version='1' lat='0.00030449107' lon='-0.00027746677' />
  <node id='1702' version='1' lat='0.00028712927' lon='-0.00029427081' />
  <node id='1703' version='1' lat='0.00027235177' lon='-0.00031335811' />
  <node id='1704' version='1' lat='0.00026045941' lon='-0.0003343401' />
  <node id='1706' version='1' lat='0.00043342927' lon='-0.00027509433' />
  <node id='1707' version='1' lat='0.00041125479' lon='-0.00027193935' />
  <node id='1708' version='1' lat='0.00038885644' lon='-0.00027226884' />
  <node id='1709' version='1' lat='0.00036678575' lon='-0.00027607471' />
  <node id='1710' version='1' lat='0.00034558616' lon='-0.00028326321' />
  <node id='1711' version='1' lat='0.00032577968' lon='-0.00029365737' />
  <node id='1712' version='1' lat='0.00030785402' lon='-0.00030700122' />
  <node id='1713' version='1' lat='0.00029225056' lon='-0.00032296621' />
  <node id='1714' version='1' lat='0.00027935352' lon='-0.00034115922' />
  <way id='-124851' action='modify'>
    <nd ref='-139676' />
    <nd ref='-139773' />
    <nd ref='-139774' />
    <nd ref='-139775' />
    <tag k='subtype' v='low' />
    <tag k='type' v='curbstone' />
  </way>
  <way id='-124852' action='modify'>
    <nd ref='-139763' />
    <nd ref='-139764' />
    <nd ref='-139624' />
    <nd ref='-139765' />
    <tag k='subtype' v='low' />
    <tag k='type' v='curbstone' />
  </way>
  <way id='-124853'>
    <nd ref='-139762' />
    <nd ref='-139761' />
    <nd ref='-139760' />
    <nd ref='-139759' />
    <nd ref='-139758' />
    <tag k='subtype' v='low' />
    <tag k='type' v='curbstone' />
  </way>
  <way id='-124854'>
    <nd ref='-139751' />
    <nd ref='-139750' />
    <tag k='subtype' v='low' />
    <tag k='type' v='curbstone' />
  </way>
  <way id='-124855'>
    <nd ref='-139605' />
    <nd ref='-139604' />
    <tag k='subtype' v='dashed' />
    <tag k='type' v='line_thin' />
  </way>
  <way id='-124856' action='modify'>
    <nd ref='-139606' />
    <nd ref='-139607' />
    <tag k='subtype' v='dashed' />
    <tag k='type' v='line_thin' />
  </way>
  <way id='-124857' action='modify'>
    <nd ref='-139615' />
    <nd ref='-139614' />
    <nd ref='-139613' />
    <nd ref='-139612' />
    <nd ref='-139611' />
    <nd ref='-139610' />
    <nd ref='-139609' />
    <nd ref='-139608' />
    <nd ref='-139615' />
    <tag k='type' v='curbstone' />
  </way>
  <way id='-124858' action='modify'>
    <nd ref='-139623' />
    <nd ref='-139622' />
    <nd ref='-139621' />
    <nd ref='-139620' />
    <nd ref='-139619' />
    <nd ref='-139618' />
    <nd ref='-139617' />
    <nd ref='-139616' />
    <nd ref='-139623' />
    <tag k='type' v='curbstone' />
  </way>
  <way id='-124859' action='modify'>
    <nd ref='-139626' />
    <nd ref='-139625' />
  </way>
  <way id='-124860'>
    <nd ref='-139628' />
    <nd ref='-139627' />
  </way>
  <way id='-124861' action='modify'>
    <nd ref='-139630' />
    <nd ref='-139736' />
    <tag k='subtype' v='low' />
    <tag k='type' v='curbstone' />
  </way>
  <way id='-124862' action='modify'>
    <nd ref='-139726' />
    <nd ref='-139727' />
    <nd ref='-139728' />
    <nd ref='-139631' />
    <tag k='subtype' v='low' />
    <tag k='type' v='curbstone' />
  </way>
  <way id='-124863' action='modify'>
    <nd ref='-139745' />
    <nd ref='-139746' />
    <nd ref='-139747' />
    <nd ref='-139748' />
    <nd ref='-139749' />
    <tag k='subtype' v='low' />
    <tag k='type' v='curbstone' />
  </way>
  <way id='-124864' action='modify'>
    <nd ref='-139737' />
    <nd ref='-139738' />
    <tag k='subtype' v='low' />
    <tag k='type' v='curbstone' />
  </way>
  <way id='-124865' action='modify'>
    <nd ref='-139644' />
    <nd ref='-139636' />
    <nd ref='-139635' />
    <nd ref='-139643' />
    <nd ref='-139634' />
    <nd ref='-139632' />
    <nd ref='-139642' />
    <nd ref='-139633' />
    <nd ref='-139641' />
    <nd ref='-139640' />
    <nd ref='-139639' />
    <nd ref='-139638' />
    <nd ref='-139637' />
    <nd ref='-139644' />
    <tag k='type' v='curbstone' />
  </way>
  <way id='-124866' action='modify'>
    <nd ref='-139655' />
    <nd ref='-139654' />
    <nd ref='-139653' />
    <nd ref='-139652' />
    <nd ref='-139651' />
    <nd ref='-139650' />
    <nd ref='-139649' />
    <nd ref='-139648' />
    <nd ref='-139647' />
    <nd ref='-139646' />
    <nd ref='-139645' />
    <nd ref='-139655' />
    <tag k='type' v='curbstone' />
  </way>
  <way id='-124867'>
    <nd ref='-139657' />
    <nd ref='-139656' />
    <tag k='subtype' v='solid' />
    <tag k='type' v='line_thin' />
  </way>
  <way id='-124868'>
    <nd ref='-139659' />
    <nd ref='-139658' />
    <tag k='subtype' v='dashed' />
    <tag k='type' v='line_thin' />
  </way>
  <way id='-124869'>
    <nd ref='-139661' />
    <nd ref='-139660' />
    <tag k='subtype' v='solid' />
    <tag k='type' v='line_thin' />
  </way>
  <way id='-124870'>
    <nd ref='-139663' />
    <nd ref='-139662' />
    <tag k='subtype' v='dashed' />
    <tag k='type' v='line_thin' />
  </way>
  <way id='-124871'>
    <nd ref='-139665' />
    <nd ref='-139664' />
    <tag k='subtype' v='dashed' />
    <tag k='type' v='line_thin' />
  </way>
  <way id='-124872' action='modify'>
    <nd ref='-139666' />
    <nd ref='-139667' />
    <tag k='subtype' v='solid' />
    <tag k='type' v='line_thin' />
  </way>
  <way id='-124873' action='modify'>
    <nd ref='-139668' />
    <nd ref='-139669' />
    <tag k='subtype' v='dashed' />
    <tag k='type' v='line_thin' />
  </way>
  <way id='-124874' action='modify'>
    <nd ref='-139670' />
    <nd ref='-139671' />
    <tag k='subtype' v='dashed' />
    <tag k='type' v='line_thin' />
  </way>
  <way id='-124875' action='modify'>
    <nd ref='-139672' />
    <nd ref='-139673' />
    <tag k='subtype' v='dashed' />
    <tag k='type' v='line_thin' />
  </way>
  <way id='-124876' action='modify'>
    <nd ref='-139674' />
    <nd ref='-139675' />
    <tag k='subtype' v='solid' />
    <tag k='type' v='line_thin' />
  </way>
  <way id='-124877' action='modify'>
    <nd ref='-139678' />
    <nd ref='-139677' />
    <tag k='direction' v='E' />
    <tag k='position' v='inside' />
    <tag k='type' v='zebra_marking' />
  </way>
  <way id='-124878' action='modify'>
    <nd ref='-139680' />
    <nd ref='-139679' />
    <tag k='direction' v='E' />
    <tag k='position' v='outside' />
    <tag k='type' v='zebra_marking' />
  </way>
  <way id='-124879' action='modify'>
    <nd ref='-139681' />
    <nd ref='-139682' />
    <tag k='direction' v='E' />
    <tag k='position' v='outside' />
    <tag k='type' v='zebra_marking' />
  </way>
  <way id='-124880' action='modify'>
    <nd ref='-139683' />
    <nd ref='-139684' />
    <tag k='direction' v='E' />
    <tag k='position' v='inside' />
    <tag k='type' v='zebra_marking' />
  </way>
  <way id='-124881'>
    <nd ref='-139686' />
    <nd ref='-139685' />
    <tag k='type' v='guard_rail' />
  </way>
  <way id='-124882' action='modify'>
    <nd ref='-139687' />
    <nd ref='-139688' />
    <tag k='subtype' v='solid' />
    <tag k='type' v='line_thin' />
  </way>
  <way id='-124883' action='modify'>
    <nd ref='-139689' />
    <nd ref='-139690' />
    <tag k='subtype' v='solid' />
    <tag k='type' v='line_thin' />
  </way>
  <way id='-124884' action='modify'>
    <nd ref='-139691' />
    <nd ref='-139692' />
    <tag k='subtype' v='solid' />
    <tag k='type' v='line_thin' />
  </way>
  <way id='-124885'>
    <nd ref='-139765' />
    <nd ref='-139604' />
    <nd ref='-139692' />
    <nd ref='-139690' />
    <nd ref='-139688' />
    <nd ref='-139686' />
    <nd ref='-139693' />
    <tag k='subtype' v='solid' />
    <tag k='type' v='stop_line' />
  </way>
  <way id='-124886' action='modify'>
    <nd ref='-139694' />
    <nd ref='-139695' />
    <tag k='subtype' v='solid' />
    <tag k='type' v='line_thin' />
  </way>
  <way id='-124887' action='modify'>
    <nd ref='-139696' />
    <nd ref='-139697' />
    <tag k='subtype' v='solid' />
    <tag k='type' v='line_thin' />
  </way>
  <way id='-124888'>
    <nd ref='-139699' />
    <nd ref='-139698' />
    <tag k='type' v='guard_rail' />
  </way>
  <way id='-124889'>
    <nd ref='-139701' />
    <nd ref='-139699' />
    <nd ref='-139700' />
    <nd ref='-139697' />
    <nd ref='-139695' />
    <nd ref='-139758' />
    <tag k='subtype' v='solid' />
    <tag k='type' v='stop_line' />
  </way>
  <way id='-124890' action='modify'>
    <nd ref='-139702' />
    <nd ref='-139703' />
    <tag k='subtype' v='solid' />
    <tag k='type' v='line_thin' />
  </way>
  <way id='-124891' action='modify'>
    <nd ref='-139704' />
    <nd ref='-139705' />
    <tag k='subtype' v='solid' />
    <tag k='type' v='line_thin' />
  </way>
  <way id='-124892' action='modify'>
    <nd ref='-139706' />
    <nd ref='-139707' />
    <tag k='subtype' v='solid' />
    <tag k='type' v='line_thin' />
  </way>
  <way id='-124893'>
    <nd ref='-139709' />
    <nd ref='-139708' />
    <tag k='type' v='guard_rail' />
  </way>
  <way id='-124894'>
    <nd ref='-139710' />
    <nd ref='-139709' />
    <nd ref='-139707' />
    <nd ref='-139705' />
    <nd ref='-139703' />
    <nd ref='-139625' />
    <nd ref='-139738' />
    <tag k='subtype' v='solid' />
    <tag k='type' v='stop_line' />
  </way>
  <way id='-124895' action='modify'>
    <nd ref='-139712' />
    <nd ref='-139711' />
    <tag k='direction' v='E' />
    <tag k='position' v='outside' />
    <tag k='type' v='zebra_marking' />
  </way>
  <way id='-124896' action='modify'>
    <nd ref='-139714' />
    <nd ref='-139713' />
    <tag k='direction' v='E' />
    <tag k='position' v='inside' />
    <tag k='type' v='zebra_marking' />
  </way>
  <way id='-124897' action='modify'>
    <nd ref='-139715' />
    <nd ref='-139716' />
    <tag k='direction' v='E' />
    <tag k='position' v='inside' />
    <tag k='type' v='zebra_marking' />
  </way>
  <way id='-124898' action='modify'>
    <nd ref='-139717' />
    <nd ref='-139718' />
    <tag k='direction' v='E' />
    <tag k='position' v='outside' />
    <tag k='type' v='zebra_marking' />
  </way>
  <way id='-124899' action='modify'>
    <nd ref='-139719' />
    <nd ref='-139720' />
    <tag k='subtype' v='solid' />
    <tag k='type' v='line_thin' />
  </way>
  <way id='-124900' action='modify'>
    <nd ref='-139721' />
    <nd ref='-139722' />
    <tag k='subtype' v='solid' />
    <tag k='type' v='line_thin' />
  </way>
  <way id='-124901'>
    <nd ref='-139724' />
    <nd ref='-139723' />
    <tag k='type' v='guard_rail' />
  </way>
  <way id='-124902'>
    <nd ref='-139631' />
    <nd ref='-139720' />
    <nd ref='-139722' />
    <nd ref='-139723' />
    <nd ref='-139725' />
    <tag k='subtype' v='solid' />
    <tag k='type' v='stop_line' />
  </way>
  <way id='-124903' action='modify'>
    <nd ref='-139631' />
    <nd ref='-139729' />
    <nd ref='-139730' />
    <nd ref='-139731' />
    <nd ref='-139732' />
    <nd ref='-139733' />
    <nd ref='-139734' />
    <nd ref='-139735' />
    <nd ref='-139630' />
    <tag k='name' v='W_6:S_0' />
    <tag k='subtype' v='low' />
    <tag k='type' v='curbstone' />
  </way>
  <way id='-124904' action='modify'>
    <nd ref='-139738' />
    <nd ref='-139739' />
    <nd ref='-139740' />
    <nd ref='-139741' />
    <nd ref='-139742' />
    <nd ref='-139743' />
    <nd ref='-139744' />
    <nd ref='-139629' />
    <nd ref='-139745' />
    <tag k='name' v='S_10:E_0' />
    <tag k='subtype' v='low' />
    <tag k='type' v='curbstone' />
  </way>
  <way id='-124905'>
    <nd ref='-139758' />
    <nd ref='-139757' />
    <nd ref='-139756' />
    <nd ref='-139755' />
    <nd ref='-139754' />
    <nd ref='-139753' />
    <nd ref='-139752' />
    <nd ref='-139751' />
    <tag k='name' v='E_6:N_0' />
    <tag k='subtype' v='low' />
    <tag k='type' v='curbstone' />
  </way>
  <way id='-124906' action='modify'>
    <nd ref='-139676' />
    <nd ref='-139772' />
    <nd ref='-139771' />
    <nd ref='-139770' />
    <nd ref='-139769' />
    <nd ref='-139768' />
    <nd ref='-139767' />
    <nd ref='-139766' />
    <nd ref='-139765' />
    <tag k='name' v='N_0:W_6' />
    <tag k='subtype' v='low' />
    <tag k='type' v='curbstone' />
  </way>
  <way id='-124907' action='modify'>
    <nd ref='-139777' />
    <nd ref='-139776' />
    <tag k='type' v='guard_rail' />
  </way>
  <way id='-125056' action='modify'>
    <nd ref='-140281' />
    <nd ref='-140280' />
    <tag k='type' v='guard_rail' />
  </way>
  <way id='-125436' action='modify'>
    <nd ref='-140662' />
    <nd ref='-140661' />
    <tag k='type' v='guard_rail' />
  </way>
  <way id='-125516' action='modify'>
    <nd ref='-140736' />
    <nd ref='-140735' />
    <tag k='type' v='guard_rail' />
  </way>
  <way id='-125991' action='modify'>
    <nd ref='-141110' />
    <nd ref='-141109' />
    <nd ref='-141108' />
    <nd ref='-141107' />
    <nd ref='-141106' />
    <nd ref='-141105' />
    <nd ref='-141104' />
    <nd ref='-141103' />
    <nd ref='-141102' />
    <nd ref='-141101' />
    <nd ref='-141100' />
    <nd ref='-141099' />
    <nd ref='-141098' />
    <nd ref='-141097' />
    <nd ref='-141096' />
    <nd ref='-141095' />
    <nd ref='-141094' />
    <nd ref='-141093' />
    <nd ref='-141092' />
    <nd ref='-141091' />
    <nd ref='-141090' />
    <nd ref='-141089' />
    <nd ref='-141088' />
    <nd ref='-141087' />
    <nd ref='-141086' />
    <nd ref='-141085' />
    <tag k='link' v='W_3:E_3' />
    <tag k='type' v='virtual' />
  </way>
  <way id='1016' version='1'>
    <nd ref='-139723' />
    <nd ref='1000' />
    <nd ref='1001' />
    <nd ref='1002' />
    <nd ref='1003' />
    <nd ref='1004' />
    <nd ref='1005' />
    <nd ref='1006' />
    <nd ref='1007' />
    <nd ref='1008' />
    <nd ref='1009' />
    <nd ref='1010' />
    <nd ref='1011' />
    <nd ref='1012' />
    <nd ref='1013' />
    <nd ref='1014' />
    <nd ref='1015' />
    <nd ref='-139686' />
    <tag k='link' v='W_3:N_5' />
    <tag k='type' v='virtual' />
  </way>
  <way id='1034' version='1'>
    <nd ref='-139722' />
    <nd ref='1017' />
    <nd ref='1018' />
    <nd ref='1019' />
    <nd ref='1020' />
    <nd ref='1021' />
    <nd ref='1022' />
    <nd ref='1023' />
    <nd ref='1024' />
    <nd ref='1025' />
    <nd ref='1026' />
    <nd ref='1027' />
    <nd ref='1028' />
    <nd ref='1029' />
    <nd ref='1030' />
    <nd ref='1031' />
    <nd ref='1032' />
    <nd ref='1033' />
    <nd ref='-139670' />
    <tag k='link' v='W_4:N_4' />
    <tag k='type' v='virtual' />
  </way>
  <way id='1053' version='1'>
    <nd ref='-139699' />
    <nd ref='1036' />
    <nd ref='1037' />
    <nd ref='1038' />
    <nd ref='1039' />
    <nd ref='1040' />
    <nd ref='1041' />
    <nd ref='1042' />
    <nd ref='1043' />
    <nd ref='1044' />
    <nd ref='1045' />
    <nd ref='1046' />
    <nd ref='1047' />
    <nd ref='1048' />
    <nd ref='1049' />
    <nd ref='1050' />
    <nd ref='1051' />
    <nd ref='1052' />
    <nd ref='-139709' />
    <tag k='link' v='E_3:S_5' />
    <tag k='type' v='virtual' />
  </way>
  <way id='1073' version='1'>
    <nd ref='-139697' />
    <nd ref='1054' />
    <nd ref='1055' />
    <nd ref='1056' />
    <nd ref='1057' />
    <nd ref='1058' />
    <nd ref='1059' />
    <nd ref='1060' />
    <nd ref='1061' />
    <nd ref='1062' />
    <nd ref='1063' />
    <nd ref='1064' />
    <nd ref='1065' />
    <nd ref='1066' />
    <nd ref='1067' />
    <nd ref='1068' />
    <nd ref='1069' />
    <nd ref='1070' />
    <nd ref='1071' />
    <nd ref='1072' />
    <nd ref='-139663' />
    <tag k='link' v='E_4:S_4' />
    <tag k='type' v='virtual' />
  </way>
  <way id='1091' version='1'>
    <nd ref='-139709' />
    <nd ref='1075' />
    <nd ref='1076' />
    <nd ref='1077' />
    <nd ref='1078' />
    <nd ref='1079' />
    <nd ref='1080' />
    <nd ref='1081' />
    <nd ref='1082' />
    <nd ref='1083' />
    <nd ref='1084' />
    <nd ref='1085' />
    <nd ref='1086' />
    <nd ref='1087' />
    <nd ref='1088' />
    <nd ref='1089' />
    <nd ref='1090' />
    <nd ref='-139723' />
    <tag k='link' v='S_5:W_3' />
    <tag k='type' v='virtual' />
  </way>
  <way id='1109' version='1'>
    <nd ref='-139707' />
    <nd ref='1092' />
    <nd ref='1093' />
    <nd ref='1094' />
    <nd ref='1095' />
    <nd ref='1096' />
    <nd ref='1097' />
    <nd ref='1098' />
    <nd ref='1099' />
    <nd ref='1100' />
    <nd ref='1101' />
    <nd ref='1102' />
    <nd ref='1103' />
    <nd ref='1104' />
    <nd ref='1105' />
    <nd ref='1106' />
    <nd ref='1107' />
    <nd ref='1108' />
    <nd ref='-139672' />
    <tag k='link' v='S_6:W_2' />
    <tag k='type' v='virtual' />
  </way>
  <way id='1126' version='1'>
    <nd ref='-139686' />
    <nd ref='1111' />
    <nd ref='1112' />
    <nd ref='1113' />
    <nd ref='1114' />
    <nd ref='1115' />
    <nd ref='1116' />
    <nd ref='1117' />
    <nd ref='1118' />
    <nd ref='1119' />
    <nd ref='1120' />
    <nd ref='1121' />
    <nd ref='1122' />
    <nd ref='1123' />
    <nd ref='1124' />
    <nd ref='1125' />
    <nd ref='-139699' />
    <tag k='link' v='N_5:E_3' />
    <tag k='type' v='virtual' />
  </way>
  <way id='1144' version='1'>
    <nd ref='-139688' />
    <nd ref='1127' />
    <nd ref='1128' />
    <nd ref='1129' />
    <nd ref='1130' />
    <nd ref='1131' />
    <nd ref='1132' />
    <nd ref='1133' />
    <nd ref='1134' />
    <nd ref='1135' />
    <nd ref='1136' />
    <nd ref='1137' />
    <nd ref='1138' />
    <nd ref='1139' />
    <nd ref='1140' />
    <nd ref='1141' />
    <nd ref='1142' />
    <nd ref='1143' />
    <nd ref='-139659' />
    <tag k='link' v='N_6:E_2' />
    <tag k='type' v='virtual' />
  </way>
  <way id='1170' version='1'>
    <nd ref='-139723' />
    <nd ref='1146' />
    <nd ref='1147' />
    <nd ref='1148' />
    <nd ref='1149' />
    <nd ref='1150' />
    <nd ref='1151' />
    <nd ref='1152' />
    <nd ref='1153' />
    <nd ref='1154' />
    <nd ref='1155' />
    <nd ref='1156' />
    <nd ref='1157' />
    <nd ref='1158' />
    <nd ref='1159' />
    <nd ref='1160' />
    <nd ref='1161' />
    <nd ref='1162' />
    <nd ref='1163' />
    <nd ref='1164' />
    <nd ref='1165' />
    <nd ref='1166' />
    <nd ref='1167' />
    <nd ref='1168' />
    <nd ref='1169' />
    <nd ref='-139699' />
    <tag k='link' v='W_3:E_3' />
    <tag k='type' v='virtual' />
  </way>
  <way id='1195' version='1'>
    <nd ref='-139722' />
    <nd ref='1171' />
    <nd ref='1172' />
    <nd ref='1173' />
    <nd ref='1174' />
    <nd ref='1175' />
    <nd ref='1176' />
    <nd ref='1177' />
    <nd ref='1178' />
    <nd ref='1179' />
    <nd ref='1180' />
    <nd ref='1181' />
    <nd ref='1182' />
    <nd ref='1183' />
    <nd ref='1184' />
    <nd ref='1185' />
    <nd ref='1186' />
    <nd ref='1187' />
    <nd ref='1188' />
    <nd ref='1189' />
    <nd ref='1190' />
    <nd ref='1191' />
    <nd ref='1192' />
    <nd ref='1193' />
    <nd ref='1194' />
    <nd ref='-139659' />
    <tag k='link' v='W_4:E_2' />
    <tag k='type' v='virtual' />
  </way>
  <way id='1221' version='1'>
    <nd ref='-139720' />
    <nd ref='1197' />
    <nd ref='1198' />
    <nd ref='1199' />
    <nd ref='1200' />
    <nd ref='1201' />
    <nd ref='1202' />
    <nd ref='1203' />
    <nd ref='1204' />
    <nd ref='1205' />
    <nd ref='1206' />
    <nd ref='1207' />
    <nd ref='1208' />
    <nd ref='1209' />
    <nd ref='1210' />
    <nd ref='1211' />
    <nd ref='1212' />
    <nd ref='1213' />
    <nd ref='1214' />
    <nd ref='1215' />
    <nd ref='1216' />
    <nd ref='1217' />
    <nd ref='1218' />
    <nd ref='1219' />
    <nd ref='1220' />
    <nd ref='-139657' />
    <tag k='link' v='W_5:E_1' />
    <tag k='type' v='virtual' />
  </way>
  <way id='1247' version='1'>
    <nd ref='-139631' />
    <nd ref='1223' />
    <nd ref='1224' />
    <nd ref='1225' />
    <nd ref='1226' />
    <nd ref='1227' />
    <nd ref='1228' />
    <nd ref='1229' />
    <nd ref='1230' />
    <nd ref='1231' />
    <nd ref='1232' />
    <nd ref='1233' />
    <nd ref='1234' />
    <nd ref='1235' />
    <nd ref='1236' />
    <nd ref='1237' />
    <nd ref='1238' />
    <nd ref='1239' />
    <nd ref='1240' />
    <nd ref='1241' />
    <nd ref='1242' />
    <nd ref='1243' />
    <nd ref='1244' />
    <nd ref='1245' />
    <nd ref='1246' />
    <nd ref='-139745' />
    <tag k='link' v='W_6:E_0' />
    <tag k='type' v='virtual' />
  </way>
  <way id='1273' version='1'>
    <nd ref='-139697' />
    <nd ref='1249' />
    <nd ref='1250' />
    <nd ref='1251' />
    <nd ref='1252' />
    <nd ref='1253' />
    <nd ref='1254' />
    <nd ref='1255' />
    <nd ref='1256' />
    <nd ref='1257' />
    <nd ref='1258' />
    <nd ref='1259' />
    <nd ref='1260' />
    <nd ref='1261' />
    <nd ref='1262' />
    <nd ref='1263' />
    <nd ref='1264' />
    <nd ref='1265' />
    <nd ref='1266' />
    <nd ref='1267' />
    <nd ref='1268' />
    <nd ref='1269' />
    <nd ref='1270' />
    <nd ref='1271' />
    <nd ref='1272' />
    <nd ref='-139672' />
    <tag k='link' v='E_4:W_2' />
    <tag k='type' v='virtual' />
  </way>
  <way id='1299' version='1'>
    <nd ref='-139695' />
    <nd ref='1275' />
    <nd ref='1276' />
    <nd ref='1277' />
    <nd ref='1278' />
    <nd ref='1279' />
    <nd ref='1280' />
    <nd ref='1281' />
    <nd ref='1282' />
    <nd ref='1283' />
    <nd ref='1284' />
    <nd ref='1285' />
    <nd ref='1286' />
    <nd ref='1287' />
    <nd ref='1288' />
    <nd ref='1289' />
    <nd ref='1290' />
    <nd ref='1291' />
    <nd ref='1292' />
    <nd ref='1293' />
    <nd ref='1294' />
    <nd ref='1295' />
    <nd ref='1296' />
    <nd ref='1297' />
    <nd ref='1298' />
    <nd ref='-139674' />
    <tag k='link' v='E_5:W_1' />
    <tag k='type' v='virtual' />
  </way>
  <way id='1325' version='1'>
    <nd ref='-139758' />
    <nd ref='1301' />
    <nd ref='1302' />
    <nd ref='1303' />
    <nd ref='1304' />
    <nd ref='1305' />
    <nd ref='1306' />
    <nd ref='1307' />
    <nd ref='1308' />
    <nd ref='1309' />
    <nd ref='1310' />
    <nd ref='1311' />
    <nd ref='1312' />
    <nd ref='1313' />
    <nd ref='1314' />
    <nd ref='1315' />
    <nd ref='1316' />
    <nd ref='1317' />
    <nd ref='1318' />
    <nd ref='1319' />
    <nd ref='1320' />
    <nd ref='1321' />
    <nd ref='1322' />
    <nd ref='1323' />
    <nd ref='1324' />
    <nd ref='-139676' />
    <tag k='link' v='E_6:W_0' />
    <tag k='type' v='virtual' />
  </way>
  <way id='1347' version='1'>
    <nd ref='-139707' />
    <nd ref='1327' />
    <nd ref='1328' />
    <nd ref='1329' />
    <nd ref='1330' />
    <nd ref='1331' />
    <nd ref='1332' />
    <nd ref='1333' />
    <nd ref='1334' />
    <nd ref='1335' />
    <nd ref='1336' />
    <nd ref='1337' />
    <nd ref='1338' />
    <nd ref='1339' />
    <nd ref='1340' />
    <nd ref='1341' />
    <nd ref='1342' />
    <nd ref='1343' />
    <nd ref='1344' />
    <nd ref='1345' />
    <nd ref='1346' />
    <nd ref='-139670' />
    <tag k='link' v='S_6:N_4' />
    <tag k='type' v='virtual' />
  </way>
  <way id='1369' version='1'>
    <nd ref='-139705' />
    <nd ref='1348' />
    <nd ref='1349' />
    <nd ref='1350' />
    <nd ref='1351' />
    <nd ref='1352' />
    <nd ref='1353' />
    <nd ref='1354' />
    <nd ref='1355' />
    <nd ref='1356' />
    <nd ref='1357' />
    <nd ref='1358' />
    <nd ref='1359' />
    <nd ref='1360' />
    <nd ref='1361' />
    <nd ref='1362' />
    <nd ref='1363' />
    <nd ref='1364' />
    <nd ref='1365' />
    <nd ref='1366' />
    <nd ref='1367' />
    <nd ref='1368' />
    <nd ref='-139668' />
    <tag k='link' v='S_7:N_3' />
    <tag k='type' v='virtual' />
  </way>
  <way id='1392' version='1'>
    <nd ref='-139703' />
    <nd ref='1371' />
    <nd ref='1372' />
    <nd ref='1373' />
    <nd ref='1374' />
    <nd ref='1375' />
    <nd ref='1376' />
    <nd ref='1377' />
    <nd ref='1378' />
    <nd ref='1379' />
    <nd ref='1380' />
    <nd ref='1381' />
    <nd ref='1382' />
    <nd ref='1383' />
    <nd ref='1384' />
    <nd ref='1385' />
    <nd ref='1386' />
    <nd ref='1387' />
    <nd ref='1388' />
    <nd ref='1389' />
    <nd ref='1390' />
    <nd ref='1391' />
    <nd ref='-139666' />
    <tag k='link' v='S_8:N_2' />
    <tag k='type' v='virtual' />
  </way>
  <way id='1415' version='1'>
    <nd ref='-139625' />
    <nd ref='1394' />
    <nd ref='1395' />
    <nd ref='1396' />
    <nd ref='1397' />
    <nd ref='1398' />
    <nd ref='1399' />
    <nd ref='1400' />
    <nd ref='1401' />
    <nd ref='1402' />
    <nd ref='1403' />
    <nd ref='1404' />
    <nd ref='1405' />
    <nd ref='1406' />
    <nd ref='1407' />
    <nd ref='1408' />
    <nd ref='1409' />
    <nd ref='1410' />
    <nd ref='1411' />
    <nd ref='1412' />
    <nd ref='1413' />
    <nd ref='1414' />
    <nd ref='-139606' />
    <tag k='link' v='S_9:N_1' />
    <tag k='type' v='virtual' />
  </way>
  <way id='1437' version='1'>
    <nd ref='-139738' />
    <nd ref='1416' />
    <nd ref='1417' />
    <nd ref='1418' />
    <nd ref='1419' />
    <nd ref='1420' />
    <nd ref='1421' />
    <nd ref='1422' />
    <nd ref='1423' />
    <nd ref='1424' />
    <nd ref='1425' />
    <nd ref='1426' />
    <nd ref='1427' />
    <nd ref='1428' />
    <nd ref='1429' />
    <nd ref='1430' />
    <nd ref='1431' />
    <nd ref='1432' />
    <nd ref='1433' />
    <nd ref='1434' />
    <nd ref='1435' />
    <nd ref='1436' />
    <nd ref='-139751' />
    <tag k='link' v='S_10:N_0' />
    <tag k='type' v='virtual' />
  </way>
  <way id='1459' version='1'>
    <nd ref='-139688' />
    <nd ref='1439' />
    <nd ref='1440' />
    <nd ref='1441' />
    <nd ref='1442' />
    <nd ref='1443' />
    <nd ref='1444' />
    <nd ref='1445' />
    <nd ref='1446' />
    <nd ref='1447' />
    <nd ref='1448' />
    <nd ref='1449' />
    <nd ref='1450' />
    <nd ref='1451' />
    <nd ref='1452' />
    <nd ref='1453' />
    <nd ref='1454' />
    <nd ref='1455' />
    <nd ref='1456' />
    <nd ref='1457' />
    <nd ref='1458' />
    <nd ref='-139663' />
    <tag k='link' v='N_6:S_4' />
    <tag k='type' v='virtual' />
  </way>
  <way id='1480' version='1'>
    <nd ref='-139690' />
    <nd ref='1460' />
    <nd ref='1461' />
    <nd ref='1462' />
    <nd ref='1463' />
    <nd ref='1464' />
    <nd ref='1465' />
    <nd ref='1466' />
    <nd ref='1467' />
    <nd ref='1468' />
    <nd ref='1469' />
    <nd ref='1470' />
    <nd ref='1471' />
    <nd ref='1472' />
    <nd ref='1473' />
    <nd ref='1474' />
    <nd ref='1475' />
    <nd ref='1476' />
    <nd ref='1477' />
    <nd ref='1478' />
    <nd ref='1479' />
    <nd ref='-139665' />
    <tag k='link' v='N_7:S_3' />
    <tag k='type' v='virtual' />
  </way>
  <way id='1502' version='1'>
    <nd ref='-139692' />
    <nd ref='1482' />
    <nd ref='1483' />
    <nd ref='1484' />
    <nd ref='1485' />
    <nd ref='1486' />
    <nd ref='1487' />
    <nd ref='1488' />
    <nd ref='1489' />
    <nd ref='1490' />
    <nd ref='1491' />
    <nd ref='1492' />
    <nd ref='1493' />
    <nd ref='1494' />
    <nd ref='1495' />
    <nd ref='1496' />
    <nd ref='1497' />
    <nd ref='1498' />
    <nd ref='1499' />
    <nd ref='1500' />
    <nd ref='1501' />
    <nd ref='-139661' />
    <tag k='link' v='N_8:S_2' />
    <tag k='type' v='virtual' />
  </way>
  <way id='1524' version='1'>
    <nd ref='-139604' />
    <nd ref='1504' />
    <nd ref='1505' />
    <nd ref='1506' />
    <nd ref='1507' />
    <nd ref='1508' />
    <nd ref='1509' />
    <nd ref='1510' />
    <nd ref='1511' />
    <nd ref='1512' />
    <nd ref='1513' />
    <nd ref='1514' />
    <nd ref='1515' />
    <nd ref='1516' />
    <nd ref='1517' />
    <nd ref='1518' />
    <nd ref='1519' />
    <nd ref='1520' />
    <nd ref='1521' />
    <nd ref='1522' />
    <nd ref='1523' />
    <nd ref='-139628' />
    <tag k='link' v='N_9:S_1' />
    <tag k='type' v='virtual' />
  </way>
  <way id='1545' version='1'>
    <nd ref='-139765' />
    <nd ref='1525' />
    <nd ref='1526' />
    <nd ref='1527' />
    <nd ref='1528' />
    <nd ref='1529' />
    <nd ref='1530' />
    <nd ref='1531' />
    <nd ref='1532' />
    <nd ref='1533' />
    <nd ref='1534' />
    <nd ref='1535' />
    <nd ref='1536' />
    <nd ref='1537' />
    <nd ref='1538' />
    <nd ref='1539' />
    <nd ref='1540' />
    <nd ref='1541' />
    <nd ref='1542' />
    <nd ref='1543' />
    <nd ref='1544' />
    <nd ref='-139630' />
    <tag k='link' v='N_10:S_0' />
    <tag k='type' v='virtual' />
  </way>
  <way id='1560' version='1'>
    <nd ref='-139722' />
    <nd ref='1547' />
    <nd ref='1548' />
    <nd ref='1549' />
    <nd ref='1550' />
    <nd ref='1551' />
    <nd ref='1552' />
    <nd ref='1553' />
    <nd ref='1554' />
    <nd ref='1555' />
    <nd ref='1556' />
    <nd ref='1557' />
    <nd ref='1558' />
    <nd ref='1559' />
    <nd ref='-139665' />
    <tag k='link' v='W_4:S_3' />
    <tag k='type' v='virtual' />
  </way>
  <way id='1572' version='1'>
    <nd ref='-139720' />
    <nd ref='1561' />
    <nd ref='1562' />
    <nd ref='1563' />
    <nd ref='1564' />
    <nd ref='1565' />
    <nd ref='1566' />
    <nd ref='1567' />
    <nd ref='1568' />
    <nd ref='1569' />
    <nd ref='1570' />
    <nd ref='1571' />
    <nd ref='-139661' />
    <tag k='link' v='W_5:S_2' />
    <tag k='type' v='virtual' />
  </way>
  <way id='1584' version='1'>
    <nd ref='-139720' />
    <nd ref='1574' />
    <nd ref='1575' />
    <nd ref='1576' />
    <nd ref='1577' />
    <nd ref='1578' />
    <nd ref='1579' />
    <nd ref='1580' />
    <nd ref='1581' />
    <nd ref='1582' />
    <nd ref='1583' />
    <nd ref='-139628' />
    <tag k='link' v='W_5:S_1' />
    <tag k='type' v='virtual' />
  </way>
  <way id='1600' version='1'>
    <nd ref='-139705' />
    <nd ref='1586' />
    <nd ref='1587' />
    <nd ref='1588' />
    <nd ref='1589' />
    <nd ref='1590' />
    <nd ref='1591' />
    <nd ref='1592' />
    <nd ref='1593' />
    <nd ref='1594' />
    <nd ref='1595' />
    <nd ref='1596' />
    <nd ref='1597' />
    <nd ref='1598' />
    <nd ref='1599' />
    <nd ref='-139659' />
    <tag k='link' v='S_7:E_2' />
    <tag k='type' v='virtual' />
  </way>
  <way id='1614' version='1'>
    <nd ref='-139703' />
    <nd ref='1601' />
    <nd ref='1602' />
    <nd ref='1603' />
    <nd ref='1604' />
    <nd ref='1605' />
    <nd ref='1606' />
    <nd ref='1607' />
    <nd ref='1608' />
    <nd ref='1609' />
    <nd ref='1610' />
    <nd ref='1611' />
    <nd ref='1612' />
    <nd ref='1613' />
    <nd ref='-139657' />
    <tag k='link' v='S_8:E_1' />
    <tag k='type' v='virtual' />
  </way>
  <way id='1628' version='1'>
    <nd ref='-139625' />
    <nd ref='1616' />
    <nd ref='1617' />
    <nd ref='1618' />
    <nd ref='1619' />
    <nd ref='1620' />
    <nd ref='1621' />
    <nd ref='1622' />
    <nd ref='1623' />
    <nd ref='1624' />
    <nd ref='1625' />
    <nd ref='1626' />
    <nd ref='1627' />
    <nd ref='-139657' />
    <tag k='link' v='S_9:E_1' />
    <tag k='type' v='virtual' />
  </way>
  <way id='1642' version='1'>
    <nd ref='-139697' />
    <nd ref='1630' />
    <nd ref='1631' />
    <nd ref='1632' />
    <nd ref='1633' />
    <nd ref='1634' />
    <nd ref='1635' />
    <nd ref='1636' />
    <nd ref='1637' />
    <nd ref='1638' />
    <nd ref='1639' />
    <nd ref='1640' />
    <nd ref='1641' />
    <nd ref='-139668' />
    <tag k='link' v='E_4:N_3' />
    <tag k='type' v='virtual' />
  </way>
  <way id='1654' version='1'>
    <nd ref='-139695' />
    <nd ref='1643' />
    <nd ref='1644' />
    <nd ref='1645' />
    <nd ref='1646' />
    <nd ref='1647' />
    <nd ref='1648' />
    <nd ref='1649' />
    <nd ref='1650' />
    <nd ref='1651' />
    <nd ref='1652' />
    <nd ref='1653' />
    <nd ref='-139666' />
    <tag k='link' v='E_5:N_2' />
    <tag k='type' v='virtual' />
  </way>
  <way id='1666' version='1'>
    <nd ref='-139695' />
    <nd ref='1656' />
    <nd ref='1657' />
    <nd ref='1658' />
    <nd ref='1659' />
    <nd ref='1660' />
    <nd ref='1661' />
    <nd ref='1662' />
    <nd ref='1663' />
    <nd ref='1664' />
    <nd ref='1665' />
    <nd ref='-139606' />
    <tag k='link' v='E_5:N_1' />
    <tag k='type' v='virtual' />
  </way>
  <way id='1681' version='1'>
    <nd ref='-139690' />
    <nd ref='1668' />
    <nd ref='1669' />
    <nd ref='1670' />
    <nd ref='1671' />
    <nd ref='1672' />
    <nd ref='1673' />
    <nd ref='1674' />
    <nd ref='1675' />
    <nd ref='1676' />
    <nd ref='1677' />
    <nd ref='1678' />
    <nd ref='1679' />
    <nd ref='1680' />
    <nd ref='-139672' />
    <tag k='link' v='N_7:W_2' />
    <tag k='type' v='virtual' />
  </way>
  <way id='1693' version='1'>
    <nd ref='-139692' />
    <nd ref='1682' />
    <nd ref='1683' />
    <nd ref='1684' />
    <nd ref='1685' />
    <nd ref='1686' />
    <nd ref='1687' />
    <nd ref='1688' />
    <nd ref='1689' />
    <nd ref='1690' />
    <nd ref='1691' />
    <nd ref='1692' />
    <nd ref='-139674' />
    <tag k='link' v='N_8:W_1' />
    <tag k='type' v='virtual' />
  </way>
  <way id='1705' version='1'>
    <nd ref='-139604' />
    <nd ref='1695' />
    <nd ref='1696' />
    <nd ref='1697' />
    <nd ref='1698' />
    <nd ref='1699' />
    <nd ref='1700' />
    <nd ref='1701' />
    <nd ref='1702' />
    <nd ref='1703' />
    <nd ref='1704' />
    <nd ref='-139674' />
    <tag k='link' v='N_9:W_1' />
    <tag k='type' v='virtual' />
  </way>
  <way id='1715' version='1'>
    <nd ref='-139765' />
    <nd ref='1706' />
    <nd ref='1707' />
    <nd ref='1708' />
    <nd ref='1709' />
    <nd ref='1710' />
    <nd ref='1711' />
    <nd ref='1712' />
    <nd ref='1713' />
    <nd ref='1714' />
    <nd ref='-139676' />
    <tag k='link' v='N_10:W_0' />
    <tag k='type' v='virtual' />
  </way>
  <relation id='-101283'>
    <member type='way' ref='-124876' role='left' />
    <member type='way' ref='-124851' role='right' />
    <tag k='location' v='urban' />
    <tag k='name' v='W_en_3' />
    <tag k='region' v='cn' />
    <tag k='type' v='lanelet' />
  </relation>
  <relation id='-101284'>
    <member type='way' ref='-124875' role='left' />
    <member type='way' ref='-124876' role='right' />
    <tag k='location' v='urban' />
    <tag k='name' v='W_en_2' />
    <tag k='one_way' v='yes' />
    <tag k='region' v='cn' />
    <tag k='subtype' v='road' />
    <tag k='type' v='lanelet' />
  </relation>
  <relation id='-101285' action='modify'>
    <member type='way' ref='-125516' role='left' />
    <member type='way' ref='-124875' role='right' />
    <tag k='location' v='urban' />
    <tag k='name' v='W_en_1' />
    <tag k='one_way' v='yes' />
    <tag k='region' v='cn' />
    <tag k='subtype' v='road' />
    <tag k='type' v='lanelet' />
  </relation>
  <relation id='-101286'>
    <member type='way' ref='-124899' role='left' />
    <member type='way' ref='-124862' role='right' />
    <tag k='location' v='urban' />
    <tag k='name' v='W_ex_3' />
    <tag k='region' v='cn' />
    <tag k='type' v='lanelet' />
  </relation>
  <relation id='-101287'>
    <member type='way' ref='-124900' role='left' />
    <member type='way' ref='-124899' role='right' />
    <tag k='location' v='urban' />
    <tag k='name' v='W_ex_2' />
    <tag k='one_way' v='yes' />
    <tag k='region' v='cn' />
    <tag k='subtype' v='road' />
    <tag k='type' v='lanelet' />
  </relation>
  <relation id='-101288'>
    <member type='way' ref='-124901' role='left' />
    <member type='way' ref='-124900' role='right' />
    <tag k='location' v='urban' />
    <tag k='name' v='W_ex_1' />
    <tag k='one_way' v='yes' />
    <tag k='region' v='cn' />
    <tag k='subtype' v='road' />
    <tag k='type' v='lanelet' />
  </relation>
  <relation id='-101289'>
    <member type='way' ref='-124855' role='left' />
    <member type='way' ref='-124852' role='right' />
    <tag k='location' v='urban' />
    <tag k='name' v='N_ex_4' />
    <tag k='region' v='cn' />
    <tag k='type' v='lanelet' />
  </relation>
  <relation id='-101290'>
    <member type='way' ref='-124883' role='left' />
    <member type='way' ref='-124884' role='right' />
    <tag k='location' v='urban' />
    <tag k='name' v='N_ex_3' />
    <tag k='one_way' v='yes' />
    <tag k='region' v='cn' />
    <tag k='subtype' v='road' />
    <tag k='type' v='lanelet' />
  </relation>
  <relation id='-101291'>
    <member type='way' ref='-124882' role='left' />
    <member type='way' ref='-124883' role='right' />
    <tag k='location' v='urban' />
    <tag k='name' v='N_ex_2' />
    <tag k='one_way' v='yes' />
    <tag k='region' v='cn' />
    <tag k='subtype' v='road' />
    <tag k='type' v='lanelet' />
  </relation>
  <relation id='-101292' action='modify'>
    <member type='way' ref='-125436' role='left' />
    <member type='way' ref='-124882' role='right' />
    <tag k='location' v='urban' />
    <tag k='name' v='N_ex_1' />
    <tag k='one_way' v='yes' />
    <tag k='region' v='cn' />
    <tag k='subtype' v='road' />
    <tag k='type' v='lanelet' />
  </relation>
  <relation id='-101293' action='modify'>
    <member type='way' ref='-124856' role='left' />
    <member type='way' ref='-124854' role='right' />
    <tag k='location' v='urban' />
    <tag k='name' v='N_en_3' />
    <tag k='region' v='cn' />
    <tag k='type' v='lanelet' />
  </relation>
  <relation id='-101294'>
    <member type='way' ref='-124873' role='left' />
    <member type='way' ref='-124872' role='right' />
    <tag k='location' v='urban' />
    <tag k='name' v='N_en_3' />
    <tag k='one_way' v='yes' />
    <tag k='region' v='cn' />
    <tag k='subtype' v='road' />
    <tag k='type' v='lanelet' />
  </relation>
  <relation id='-101295'>
    <member type='way' ref='-124874' role='left' />
    <member type='way' ref='-124873' role='right' />
    <tag k='location' v='urban' />
    <tag k='name' v='N_en_2' />
    <tag k='one_way' v='yes' />
    <tag k='region' v='cn' />
    <tag k='subtype' v='road' />
    <tag k='type' v='lanelet' />
  </relation>
  <relation id='-101296'>
    <member type='way' ref='-124881' role='left' />
    <member type='way' ref='-124874' role='right' />
    <tag k='location' v='urban' />
    <tag k='name' v='N_en_1' />
    <tag k='one_way' v='yes' />
    <tag k='region' v='cn' />
    <tag k='subtype' v='road' />
    <tag k='type' v='lanelet' />
  </relation>
  <relation id='-101297' action='modify'>
    <member type='way' ref='-124886' role='left' />
    <member type='way' ref='-124853' role='right' />
    <tag k='location' v='urban' />
    <tag k='name' v='E_ex_3' />
    <tag k='region' v='cn' />
    <tag k='type' v='lanelet' />
  </relation>
  <relation id='-101298' action='modify'>
    <member type='way' ref='-124887' role='left' />
    <member type='way' ref='-124886' role='right' />
    <tag k='location' v='urban' />
    <tag k='name' v='E_ex_2' />
    <tag k='one_way' v='yes' />
    <tag k='region' v='cn' />
    <tag k='subtype' v='road' />
    <tag k='type' v='lanelet' />
  </relation>
  <relation id='-101299' action='modify'>
    <member type='way' ref='-125056' role='left' />
    <member type='way' ref='-124887' role='right' />
    <tag k='location' v='urban' />
    <tag k='name' v='E_ex_1' />
    <tag k='one_way' v='yes' />
    <tag k='region' v='cn' />
    <tag k='subtype' v='road' />
    <tag k='type' v='lanelet' />
  </relation>
  <relation id='-101300' action='modify'>
    <member type='way' ref='-124868' role='left' />
    <member type='way' ref='-124867' role='right' />
    <tag k='location' v='urban' />
    <tag k='name' v='E_en_2' />
    <tag k='one_way' v='yes' />
    <tag k='region' v='cn' />
    <tag k='subtype' v='road' />
    <tag k='type' v='lanelet' />
  </relation>
  <relation id='-101301' action='modify'>
    <member type='way' ref='-124888' role='left' />
    <member type='way' ref='-124868' role='right' />
    <tag k='location' v='urban' />
    <tag k='name' v='E_en_1' />
    <tag k='one_way' v='yes' />
    <tag k='region' v='cn' />
    <tag k='subtype' v='road' />
    <tag k='type' v='lanelet' />
  </relation>
  <relation id='-101302'>
    <member type='way' ref='-124867' role='left' />
    <member type='way' ref='-124863' role='right' />
    <tag k='location' v='urban' />
    <tag k='name' v='E_en_3' />
    <tag k='region' v='cn' />
    <tag k='type' v='lanelet' />
  </relation>
  <relation id='-101303'>
    <member type='way' ref='-124860' role='left' />
    <member type='way' ref='-124861' role='right' />
    <tag k='location' v='urban' />
    <tag k='name' v='S_en_4' />
    <tag k='region' v='cn' />
    <tag k='type' v='lanelet' />
  </relation>
  <relation id='-101304'>
    <member type='way' ref='-124871' role='left' />
    <member type='way' ref='-124869' role='right' />
    <tag k='location' v='urban' />
    <tag k='name' v='S_en_3' />
    <tag k='one_way' v='yes' />
    <tag k='region' v='cn' />
    <tag k='subtype' v='road' />
    <tag k='type' v='lanelet' />
  </relation>
  <relation id='-101305'>
    <member type='way' ref='-124870' role='left' />
    <member type='way' ref='-124871' role='right' />
    <tag k='location' v='urban' />
    <tag k='name' v='S_en_2' />
    <tag k='one_way' v='yes' />
    <tag k='region' v='cn' />
    <tag k='subtype' v='road' />
    <tag k='type' v='lanelet' />
  </relation>
  <relation id='-101306'>
    <member type='way' ref='-124893' role='left' />
    <member type='way' ref='-124870' role='right' />
    <tag k='location' v='urban' />
    <tag k='name' v='S_en_1' />
    <tag k='one_way' v='yes' />
    <tag k='region' v='cn' />
    <tag k='subtype' v='road' />
    <tag k='type' v='lanelet' />
  </relation>
  <relation id='-101307'>
    <member type='way' ref='-124859' role='left' />
    <member type='way' ref='-124864' role='right' />
    <tag k='location' v='urban' />
    <tag k='name' v='S_ex_4' />
    <tag k='region' v='cn' />
    <tag k='type' v='lanelet' />
  </relation>
  <relation id='-101308'>
    <member type='way' ref='-124891' role='left' />
    <member type='way' ref='-124890' role='right' />
    <tag k='location' v='urban' />
    <tag k='name' v='S_ex_3' />
    <tag k='one_way' v='yes' />
    <tag k='region' v='cn' />
    <tag k='subtype' v='road' />
    <tag k='type' v='lanelet' />
  </relation>
  <relation id='-101309'>
    <member type='way' ref='-124892' role='left' />
    <member type='way' ref='-124891' role='right' />
    <tag k='location' v='urban' />
    <tag k='name' v='S_ex_2' />
    <tag k='one_way' v='yes' />
    <tag k='region' v='cn' />
    <tag k='subtype' v='road' />
    <tag k='type' v='lanelet' />
  </relation>
  <relation id='-101310' action='modify'>
    <member type='way' ref='-124907' role='left' />
    <member type='way' ref='-124892' role='right' />
    <tag k='location' v='urban' />
    <tag k='name' v='S_ex_1' />
    <tag k='one_way' v='yes' />
    <tag k='region' v='cn' />
    <tag k='subtype' v='road' />
    <tag k='type' v='lanelet' />
  </relation>
  <relation id='-101311' action='modify'>
    <member type='way' ref='-124858' role='outer' />
    <tag k='region' v='cn' />
    <tag k='subtype' v='vegetation' />
    <tag k='type' v='multipolygon' />
  </relation>
  <relation id='-101312' action='modify'>
    <member type='way' ref='-124857' role='outer' />
    <tag k='region' v='cn' />
    <tag k='subtype' v='vegetation' />
    <tag k='type' v='multipolygon' />
  </relation>
  <relation id='-101313' action='modify'>
    <member type='way' ref='-124866' role='outer' />
    <tag k='region' v='cn' />
    <tag k='subtype' v='vegetation' />
    <tag k='type' v='multipolygon' />
  </relation>
  <relation id='-101314' action='modify'>
    <member type='way' ref='-124865' role='outer' />
    <tag k='region' v='cn' />
    <tag k='subtype' v='vegetation' />
    <tag k='type' v='multipolygon' />
  </relation>
  <relation id='-101374' action='modify'>
    <member type='way' ref='-124879' role='left' />
    <member type='way' ref='-124880' role='right' />
    <tag k='bicycle' v='yes' />
    <tag k='location' v='urban' />
    <tag k='name' v='E_crosswalk' />
    <tag k='one_way' v='no' />
    <tag k='region' v='de' />
    <tag k='subtype' v='crosswalk' />
    <tag k='type' v='lanelet' />
  </relation>
  <relation id='-101379' action='modify'>
    <member type='way' ref='-124877' role='left' />
    <member type='way' ref='-124878' role='right' />
    <tag k='bicycle' v='yes' />
    <tag k='location' v='urban' />
    <tag k='name' v='N_crosswalk' />
    <tag k='one_way' v='no' />
    <tag k='region' v='de' />
    <tag k='subtype' v='crosswalk' />
    <tag k='type' v='lanelet' />
  </relation>
  <relation id='-101384' action='modify'>
    <member type='way' ref='-124897' role='left' />
    <member type='way' ref='-124898' role='right' />
    <tag k='bicycle' v='yes' />
    <tag k='location' v='urban' />
    <tag k='name' v='W_crosswalk' />
    <tag k='one_way' v='no' />
    <tag k='region' v='de' />
    <tag k='subtype' v='crosswalk' />
    <tag k='type' v='lanelet' />
  </relation>
  <relation id='-101389' action='modify'>
    <member type='way' ref='-124896' role='left' />
    <member type='way' ref='-124895' role='right' />
    <tag k='bicycle' v='yes' />
    <tag k='location' v='urban' />
    <tag k='name' v='S_crosswalk' />
    <tag k='one_way' v='no' />
    <tag k='region' v='de' />
    <tag k='subtype' v='crosswalk' />
    <tag k='type' v='lanelet' />
  </relation>
  <relation id='1035' version='1'>
    <member type='way' ref='1016' role='left' />
    <member type='way' ref='1034' role='right' />
    <tag k='name' v='W_EX_1_to_N_EN_1' />
    <tag k='type' v='lanelet' />
  </relation>
  <relation id='1074' version='1'>
    <member type='way' ref='1053' role='left' />
    <member type='way' ref='1073' role='right' />
    <tag k='name' v='E_EX_1_to_S_EN_1' />
    <tag k='type' v='lanelet' />
  </relation>
  <relation id='1110' version='1'>
    <member type='way' ref='1091' role='left' />
    <member type='way' ref='1109' role='right' />
    <tag k='name' v='S_EX_1_to_W_EN_1' />
    <tag k='type' v='lanelet' />
  </relation>
  <relation id='1145' version='1'>
    <member type='way' ref='1126' role='left' />
    <member type='way' ref='1144' role='right' />
    <tag k='name' v='N_EX_1_to_E_EN_1' />
    <tag k='type' v='lanelet' />
  </relation>
  <relation id='1196' version='1'>
    <member type='way' ref='1170' role='left' />
    <member type='way' ref='1195' role='right' />
    <tag k='name' v='W_EX_1_to_E_EN_1' />
    <tag k='type' v='lanelet' />
  </relation>
  <relation id='1222' version='1'>
    <member type='way' ref='1195' role='left' />
    <member type='way' ref='1221' role='right' />
    <tag k='name' v='W_EX_2_to_E_EN_2' />
    <tag k='type' v='lanelet' />
  </relation>
  <relation id='1248' version='1'>
    <member type='way' ref='1221' role='left' />
    <member type='way' ref='1247' role='right' />
    <tag k='name' v='W_EX_3_to_E_EN_3' />
    <tag k='type' v='lanelet' />
  </relation>
  <relation id='1274' action='modify' version='1'>
    <member type='way' ref='-125991' role='left' />
    <member type='way' ref='1273' role='right' />
    <tag k='name' v='E_EX_1_to_W_EN_1' />
    <tag k='type' v='lanelet' />
  </relation>
  <relation id='1300' version='1'>
    <member type='way' ref='1273' role='left' />
    <member type='way' ref='1299' role='right' />
    <tag k='name' v='E_EX_2_to_W_EN_2' />
    <tag k='type' v='lanelet' />
  </relation>
  <relation id='1326' version='1'>
    <member type='way' ref='1299' role='left' />
    <member type='way' ref='1325' role='right' />
    <tag k='name' v='E_EX_3_to_W_EN_3' />
    <tag k='type' v='lanelet' />
  </relation>
  <relation id='1370' version='1'>
    <member type='way' ref='1347' role='left' />
    <member type='way' ref='1369' role='right' />
    <tag k='name' v='S_EX_2_to_N_EN_2' />
    <tag k='type' v='lanelet' />
  </relation>
  <relation id='1393' version='1'>
    <member type='way' ref='1369' role='left' />
    <member type='way' ref='1392' role='right' />
    <tag k='name' v='S_EX_3_to_N_EN_3' />
    <tag k='type' v='lanelet' />
  </relation>
  <relation id='1438' version='1'>
    <member type='way' ref='1415' role='left' />
    <member type='way' ref='1437' role='right' />
    <tag k='name' v='S_EX_4_to_N_EN_4' />
    <tag k='type' v='lanelet' />
  </relation>
  <relation id='1481' version='1'>
    <member type='way' ref='1459' role='left' />
    <member type='way' ref='1480' role='right' />
    <tag k='name' v='N_EX_2_to_S_EN_2' />
    <tag k='type' v='lanelet' />
  </relation>
  <relation id='1503' version='1'>
    <member type='way' ref='1480' role='left' />
    <member type='way' ref='1502' role='right' />
    <tag k='name' v='N_EX_3_to_S_EN_3' />
    <tag k='type' v='lanelet' />
  </relation>
  <relation id='1546' version='1'>
    <member type='way' ref='1524' role='left' />
    <member type='way' ref='1545' role='right' />
    <tag k='name' v='N_EX_4_to_S_EN_4' />
    <tag k='type' v='lanelet' />
  </relation>
  <relation id='1573' version='1'>
    <member type='way' ref='1560' role='left' />
    <member type='way' ref='1572' role='right' />
    <tag k='name' v='W_EX_2_to_S_EN_3' />
    <tag k='type' v='lanelet' />
  </relation>
  <relation id='1585' version='1'>
    <member type='way' ref='1584' role='left' />
    <member type='way' ref='-124903' role='right' />
    <tag k='name' v='W_EX_3_to_S_EN_4' />
    <tag k='type' v='lanelet' />
  </relation>
  <relation id='1615' version='1'>
    <member type='way' ref='1600' role='left' />
    <member type='way' ref='1614' role='right' />
    <tag k='name' v='S_EX_3_to_E_EN_2' />
    <tag k='type' v='lanelet' />
  </relation>
  <relation id='1629' version='1'>
    <member type='way' ref='1628' role='left' />
    <member type='way' ref='-124904' role='right' />
    <tag k='name' v='S_EX_4_to_E_EN_3' />
    <tag k='type' v='lanelet' />
  </relation>
  <relation id='1655' version='1'>
    <member type='way' ref='1642' role='left' />
    <member type='way' ref='1654' role='right' />
    <tag k='name' v='E_EX_2_to_N_EN_3' />
    <tag k='type' v='lanelet' />
  </relation>
  <relation id='1667' version='1'>
    <member type='way' ref='1666' role='left' />
    <member type='way' ref='-124905' role='right' />
    <tag k='name' v='E_EX_3_to_N_EN_4' />
    <tag k='type' v='lanelet' />
  </relation>
  <relation id='1694' version='1'>
    <member type='way' ref='1681' role='left' />
    <member type='way' ref='1693' role='right' />
    <tag k='name' v='N_EX_3_to_W_EN_2' />
    <tag k='type' v='lanelet' />
  </relation>
  <relation id='1716' version='1'>
    <member type='way' ref='1705' role='left' />
    <member type='way' ref='1715' role='right' />
    <tag k='name' v='N_EX_4_to_W_EN_3' />
    <tag k='type' v='lanelet' />
  </relation>
</osm>
