<?xml version='1.0' encoding='UTF-8'?>
<osm version='0.6' upload='false' generator='JOSM'>
  <node id='-139901' lat='0.0002503099' lon='0.00032645269' />
  <node id='-139902' lat='0.00022860719' lon='0.00028735794' />
  <node id='-139903' lat='0.00029767052' lon='0.00030024145' />
  <node id='-139904' lat='0.00027694937' lon='0.00026270303' />
  <node id='-139905' lat='-0.00024997806' lon='-0.00013714507' />
  <node id='-139906' lat='-0.00013169433' lon='-0.00007330112' />
  <node id='-139907' lat='0.0002560951' lon='-0.00045179161' />
  <node id='-139908' lat='0.00003167149' lon='0.0002678382'>
    <tag k='name' v='E_4' />
  </node>
  <node id='-139909' lat='0.00052268049' lon='0.00035860874' />
  <node id='-139910' lat='0.00046964176' lon='0.00033010606' />
  <node id='-139911' lat='0.00039774041' lon='0.00030041222' />
  <node id='-139912' lat='-0.00003960758' lon='-0.00010065345' />
  <node id='-139913' lat='0.00003232991' lon='-0.00012240271' />
  <node id='-139914' lat='0.00029221779' lon='0.00030602244' />
  <node id='-139915' lat='0.00030412946' lon='0.00030223821' />
  <node id='-139916' lat='0.00024010743' lon='0.00033750059' />
  <node id='-139917' lat='0.00038597586' lon='0.00008188093'>
    <tag k='name' v='N_0' />
  </node>
  <node id='-139918' lat='0.00031033522' lon='-0.00010842513' />
  <node id='-139919' lat='0.00035448874' lon='-0.00041007117' />
  <node id='-139920' lat='0.00025869565' lon='-0.00008600366'>
    <tag k='name' v='W_3' />
  </node>
  <node id='-139921' lat='0.00062435319' lon='0.00033635215' />
  <node id='-139922' lat='0.0004422774' lon='0.00023766303' />
  <node id='-139923' lat='0.0003185847' lon='0.00024905419' />
  <node id='-139924' lat='0.00042870349' lon='0.00026812386' />
  <node id='-139925' lat='0.00041889786' lon='0.00026515602' />
  <node id='-139926' lat='0.00040954708' lon='0.00026283966' />
  <node id='-139927' lat='0.00040040383' lon='0.00026092549' />
  <node id='-139928' lat='0.00038769848' lon='0.00025773869' />
  <node id='-139929' lat='0.00037510433' lon='0.00025535979' />
  <node id='-139930' lat='0.0003629068' lon='0.00025226808' />
  <node id='-139931' lat='0.00034545044' lon='0.0002500485' />
  <node id='-139932' lat='0.00033276702' lon='0.00024868253' />
  <node id='-139933' lat='0.00032567708' lon='0.00024896951' />
  <node id='-139934' lat='0.0003105939' lon='0.00025026243' />
  <node id='-139935' lat='0.00029675961' lon='0.00025427195' />
  <node id='-139936' lat='0.00028627004' lon='0.00025834274' />
  <node id='-139937' lat='0.00027764392' lon='0.00026148074' />
  <node id='-139938' lat='0.00025688343' lon='0.00027093479' />
  <node id='-139939' lat='0.00024847831' lon='0.00027558766' />
  <node id='-139940' lat='0.0002369555' lon='0.00028219995' />
  <node id='-139941' lat='0.00023102723' lon='0.00028636796' />
  <node id='-139942' lat='0.00022450142' lon='0.00029140305' />
  <node id='-139943' lat='0.00021696792' lon='0.00029690543' />
  <node id='-139944' lat='0.0004121838' lon='0.00030426317' />
  <node id='-139945' lat='0.00030301056' lon='0.0002432713'>
    <tag k='name' v='N_5' />
  </node>
  <node id='-139946' lat='-0.00011942869' lon='-0.00010502692' />
  <node id='-139947' lat='-0.00009630297' lon='-0.00009633455' />
  <node id='-139948' lat='-0.000075758' lon='-0.00009010507' />
  <node id='-139949' lat='-0.0000487261' lon='-0.00008375067' />
  <node id='-139950' lat='-0.00002474115' lon='-0.00007796693' />
  <node id='-139951' lat='-0.00000607134' lon='-0.00007596408' />
  <node id='-139952' lat='0.00000879297' lon='-0.00007439619' />
  <node id='-139953' lat='0.00002800323' lon='-0.00007379088' />
  <node id='-139954' lat='0.00004202838' lon='-0.00007459055' />
  <node id='-139955' lat='0.00005966741' lon='-0.00007821547' />
  <node id='-139956' lat='0.00006758371' lon='-0.00008139555' />
  <node id='-139957' lat='0.00008124189' lon='-0.00008740097' />
  <node id='-139958' lat='0.00009203749' lon='-0.0000933975' />
  <node id='-139959' lat='0.0001033241' lon='-0.00010068981' />
  <node id='-139960' lat='0.00012165285' lon='-0.0001143132' />
  <node id='-139961' lat='0.00013894209' lon='-0.00013009926' />
  <node id='-139962' lat='0.0001532583' lon='-0.00014453466' />
  <node id='-139963' lat='0.00016425665' lon='-0.00015680597' />
  <node id='-139964' lat='0.00017255332' lon='-0.00016623764' />
  <node id='-139965' lat='0.00003170117' lon='-0.0000612903'>
    <tag k='name' v='S_5' />
  </node>
  <node id='-139966' lat='-0.00023538936' lon='-0.00016791985' />
  <node id='-139967' lat='0.00001635465' lon='-0.00003151591'>
    <tag k='name' v='S_4' />
  </node>
  <node id='-139968' lat='0.00001862359' lon='0.00034864309' />
  <node id='-139969' lat='-0.00000303241' lon='0.00055204534' />
  <node id='-139970' lat='0.00007913119' lon='0.00027416984'>
    <tag k='name' v='E_3' />
  </node>
  <node id='-139971' lat='0.00015002808' lon='0.00039669658' />
  <node id='-139972' lat='0.00013147217' lon='0.00045852888' />
  <node id='-139973' lat='0.00009572931' lon='0.00057807993' />
  <node id='-139974' lat='0.00021200405' lon='0.00030121366' />
  <node id='-139975' lat='0.00019288066' lon='0.00031616183' />
  <node id='-139976' lat='0.00017958492' lon='0.0003269937' />
  <node id='-139977' lat='0.00016717186' lon='0.00033958539' />
  <node id='-139978' lat='0.00061095088' lon='0.00036767137' />
  <node id='-139979' lat='0.00032022658' lon='0.00020887127'>
    <tag k='name' v='N_4' />
  </node>
  <node id='-139980' lat='0.00012994531' lon='0.00059032818' />
  <node id='-139981' lat='-0.00004258584' lon='0.00055161666' />
  <node id='-139982' lat='0.00002706688' lon='0.00056153355' />
  <node id='-139983' lat='0.00009518501' lon='0.0005767987' />
  <node id='-139984' lat='0.0000632053' lon='0.00057162627' />
  <node id='-139985' lat='0.00028411004' lon='-0.00043488153' />
  <node id='-139986' lat='0.00026947966' lon='-0.00038559513' />
  <node id='-139987' lat='0.00024332635' lon='-0.000296414' />
  <node id='-139988' lat='0.00031852721' lon='-0.00042184494' />
  <node id='-139989' lat='0.00029176006' lon='-0.00033499519' />
  <node id='-139990' lat='0.00025549913' lon='-0.00045208036' />
  <node id='-139991' lat='0.00024472013' lon='-0.00042330317' />
  <node id='-139992' lat='0.00022340254' lon='-0.00034587304' />
  <node id='-139993' lat='0.00021973118' lon='-0.00045574623' />
  <node id='-139994' lat='0.0002016299' lon='-0.00040291039' />
  <node id='-139995' lat='0.00018754265' lon='-0.00035713841' />
  <node id='-139996' lat='0.00017521177' lon='-0.00031138709' />
  <node id='-139997' lat='0.00016258843' lon='-0.00026563255' />
  <node id='-139998' lat='0.00015578457' lon='-0.00024713439' />
  <node id='-139999' lat='0.00039189068' lon='-0.00040868873' />
  <node id='-140000' lat='0.0003794894' lon='-0.00036878359' />
  <node id='-140001' lat='0.00036433716' lon='-0.00031422902' />
  <node id='-140002' lat='0.00034404937' lon='-0.0002485045' />
  <node id='-140003' lat='0.00028465405' lon='0.00023155022' />
  <node id='-140004' lat='0.00036835397' lon='0.00006999582' />
  <node id='-140005' lat='0.00023538108' lon='0.00020450684' />
  <node id='-140006' lat='0.00033082048' lon='0.00002594219' />
  <node id='-140007' lat='0.00032519429' lon='0.00001844697' />
  <node id='-140008' lat='0.00013550459' lon='-0.00004385976' />
  <node id='-140009' lat='0.0003089644' lon='-0.00004673002' />
  <node id='-140010' lat='0.00015102621' lon='-0.00009741806' />
  <node id='-140011' lat='0.00017972778' lon='0.00028821216' />
  <node id='-140012' lat='0.00003348249' lon='0.00024080263' />
  <node id='-140013' lat='0.00019650558' lon='0.00023666958' />
  <node id='-140014' lat='0.00001538293' lon='0.00017761086' />
  <node id='-140015' lat='0.00000374947' lon='0.00015520796' />
  <node id='-140016' lat='0.00009598477' lon='-0.00002331861' />
  <node id='-140017' lat='-0.00003625848' lon='0.00011132915' />
  <node id='-140018' lat='0.00004874402' lon='-0.00005096829' />
  <node id='-140019' lat='0.00005278811' lon='-0.00007792124' />
  <node id='-140020' lat='0.00003267306' lon='-0.00012082978' />
  <node id='-140021' lat='0.00010260517' lon='-0.00010222105' />
  <node id='-140022' lat='0.0000818514' lon='-0.00014400281' />
  <node id='-140023' lat='0.00014324758' lon='0.00029642375'>
    <tag k='name' v='E_1' />
  </node>
  <node id='-140024' lat='0.00010750027' lon='0.00042272524' />
  <node id='-140025' lat='0.00013988398' lon='0.00042641061' />
  <node id='-140026' lat='0.00018631668' lon='-0.00021520038' />
  <node id='-140027' lat='0.00018742225' lon='-0.00010701217'>
    <tag k='name' v='W_1' />
  </node>
  <node id='-140028' lat='0.00021504468' lon='-0.00020012908' />
  <node id='-140029' lat='0.00015760829' lon='-0.00011646347'>
    <tag k='name' v='W_0' />
  </node>
  <node id='-140030' lat='0.00025542342' lon='-0.0002105079' />
  <node id='-140031' lat='0.00022169479' lon='-0.00009593465'>
    <tag k='name' v='W_2' />
  </node>
  <node id='-140032' lat='0.00001528251' lon='-0.00007151107' />
  <node id='-140033' lat='0.00002143855' lon='-0.00006838507' />
  <node id='-140034' lat='0.0000281842' lon='-0.00006468438' />
  <node id='-140035' lat='0.00005017956' lon='-0.00005273073' />
  <node id='-140036' lat='0.00009006389' lon='-0.00003110134' />
  <node id='-140037' lat='0.00010267076' lon='-0.000024562' />
  <node id='-140038' lat='0.00011406668' lon='-0.00002178942' />
  <node id='-140039' lat='0.00012191773' lon='-0.00002304657' />
  <node id='-140040' lat='0.00012708726' lon='-0.00002921637' />
  <node id='-140041' lat='0.00013102475' lon='-0.00004089781' />
  <node id='-140042' lat='0.0001385838' lon='-0.00006629297' />
  <node id='-140043' lat='0.00014839585' lon='-0.00009811396' />
  <node id='-140044' lat='0.00015538286' lon='-0.00012262969' />
  <node id='-140045' lat='0.0001578744' lon='-0.00013342129' />
  <node id='-140046' lat='0.00015605272' lon='-0.00013950763' />
  <node id='-140047' lat='0.00014965817' lon='-0.00013826786' />
  <node id='-140048' lat='0.00013928391' lon='-0.00012883649' />
  <node id='-140049' lat='0.0001208447' lon='-0.00011174646' />
  <node id='-140050' lat='0.00009860098' lon='-0.00009606532' />
  <node id='-140051' lat='0.00008326757' lon='-0.00008715646' />
  <node id='-140052' lat='0.00006007957' lon='-0.00007728127' />
  <node id='-140053' lat='0.00004351059' lon='-0.00007417489' />
  <node id='-140054' lat='0.00002051186' lon='-0.00007273693' />
  <node id='-140055' lat='0.00026416799' lon='0.00022394156' />
  <node id='-140056' lat='0.00022866724' lon='0.00020342341' />
  <node id='-140057' lat='0.00021526036' lon='0.00020300174' />
  <node id='-140058' lat='0.00020570374' lon='0.00020776961' />
  <node id='-140059' lat='0.00020202944' lon='0.00021712104' />
  <node id='-140060' lat='0.00018833987' lon='0.00026556745' />
  <node id='-140061' lat='0.00018105814' lon='0.00028979586' />
  <node id='-140062' lat='0.00017350622' lon='0.00031577269' />
  <node id='-140063' lat='0.00017392422' lon='0.0003262387' />
  <node id='-140064' lat='0.00018147341' lon='0.00032411254' />
  <node id='-140065' lat='0.00019763141' lon='0.00031112172' />
  <node id='-140066' lat='0.00021350163' lon='0.00029842519' />
  <node id='-140067' lat='0.00023226832' lon='0.00028327871' />
  <node id='-140068' lat='0.00025231899' lon='0.00027165778' />
  <node id='-140069' lat='0.000279434' lon='0.00025971225' />
  <node id='-140070' lat='0.00030790562' lon='0.00024786436' />
  <node id='-140071' lat='0.00064185754' lon='0.00030523559' />
  <node id='-140072' lat='0.00035119364' lon='0.00014613258'>
    <tag k='name' v='N_2' />
  </node>
  <node id='-140073' lat='0.00065842209' lon='0.00027769697' />
  <node id='-140074' lat='0.00036596995' lon='0.00011836777'>
    <tag k='name' v='N_1' />
  </node>
  <node id='-140075' lat='-0.0000310056' lon='0.00006083481'>
    <tag k='name' v='S_1' />
  </node>
  <node id='-140076' lat='-0.00030010998' lon='-0.0000846167' />
  <node id='-140077' lat='-0.00001517049' lon='0.00003092646'>
    <tag k='name' v='S_2' />
  </node>
  <node id='-140078' lat='-0.0002920876' lon='-0.0001199071' />
  <node id='-140079' lat='0.00017558526' lon='0.00030702217'>
    <tag k='name' v='E_0' />
  </node>
  <node id='-140080' lat='0.00007493383' lon='0.00040391695' />
  <node id='-140081' lat='0.0001107226' lon='0.00028576393'>
    <tag k='name' v='E_2' />
  </node>
  <node id='-140082' lat='0.00062707921' lon='0.00033595264' />
  <node id='-140083' lat='0.00000085107' lon='-0.00000007318'>
    <tag k='name' v='S_3' />
  </node>
  <node id='-140084' lat='-0.00026722288' lon='-0.00014656896' />
  <node id='-140085' lat='0.00001260753' lon='0.00036798726' />
  <node id='-140086' lat='0.00002665034' lon='0.00031837312' />
  <node id='-140087' lat='0.00003006342' lon='0.00028638815' />
  <node id='-140088' lat='0.00002302981' lon='0.00020762361' />
  <node id='-140089' lat='0.00000056289' lon='0.00015670017' />
  <node id='-140090' lat='-0.0003127504' lon='-0.00004578141' />
  <node id='-140091' lat='-0.00015470427' lon='0.00003784566' />
  <node id='-140092' lat='-0.00008638061' lon='0.00007426043' />
  <node id='-140093' lat='-0.00021976776' lon='-0.00020128832' />
  <node id='-140094' lat='-0.00016101393' lon='-0.00017062685' />
  <node id='-140095' lat='-0.00010415325' lon='-0.0001383369' />
  <node id='-140096' lat='-0.00007078646' lon='-0.00012981959' />
  <node id='-140097' lat='-0.00004479027' lon='-0.00012431262' />
  <node id='-140098' lat='-0.00002318824' lon='-0.00012078924' />
  <node id='-140099' lat='-0.00000073693' lon='-0.00011931203' />
  <node id='-140100' lat='0.00002637799' lon='-0.0001207991' />
  <node id='-140101' lat='0.00004666426' lon='-0.00012656759' />
  <node id='-140102' lat='0.00006953281' lon='-0.00013876585' />
  <node id='-140103' lat='0.00009685812' lon='-0.00015950279' />
  <node id='-140104' lat='0.00011815931' lon='-0.00018295013' />
  <node id='-140105' lat='0.0001335569' lon='-0.00020435413' />
  <node id='-140106' lat='0.00014729166' lon='-0.0002270914' />
  <node id='-140107' lat='0.00017883763' lon='0.00043132655' />
  <node id='-140108' lat='0.0001983166' lon='0.00039182768' />
  <node id='-140109' lat='0.0002121825' lon='0.00036999295' />
  <node id='-140110' lat='0.00022733194' lon='0.00034902813' />
  <node id='-140111' lat='0.00025015556' lon='0.00032998243' />
  <node id='-140112' lat='0.00028036772' lon='0.00031071572' />
  <node id='-140113' lat='0.00031025218' lon='0.00030046949' />
  <node id='-140114' lat='0.00035069015' lon='0.00029562375' />
  <node id='-140115' lat='0.00038773134' lon='0.00029896237' />
  <node id='-140116' lat='0.00042725736' lon='0.00031192063' />
  <node id='-140117' lat='0.00058953986' lon='0.00039501526' />
  <node id='-140118' lat='0.00043728716' lon='0.0001146928' />
  <node id='-140119' lat='0.00053031283' lon='0.00016404625' />
  <node id='-140120' lat='0.00048398481' lon='0.00013958537' />
  <node id='-140121' lat='0.00037889341' lon='0.00007423306' />
  <node id='-140122' lat='0.00034668331' lon='0.00003673304' />
  <node id='-140123' lat='0.00036089267' lon='0.00005532393' />
  <node id='-140124' lat='0.00033201746' lon='0.00001051251' />
  <node id='-140125' lat='0.00031919318' lon='-0.00002002022' />
  <node id='-140126' lat='0.0003118414' lon='-0.0000466035' />
  <node id='-140127' lat='0.00032506536' lon='-0.00000423848' />
  <node id='-140128' lat='0.00030939705' lon='-0.00008094972'>
    <tag k='name' v='W_4' />
  </node>
  <node id='-140129' lat='0.00032527912' lon='-0.0001813768' />
  <node id='-140130' lat='0.00031455754' lon='-0.00003603603' />
  <node id='-140131' lat='0.00033469019' lon='0.00017714271'>
    <tag k='name' v='N_3' />
  </node>
  <node id='-140132' lat='0.00003106549' lon='0.00024562968' />
  <node id='-140133' lat='0.0000130764' lon='0.00017952798' />
  <node id='-140134' lat='-0.00001541635' lon='0.00013623887' />
  <node id='-140135' lat='-0.00005108732' lon='0.00009956089'>
    <tag k='name' v='S_0' />
  </node>
  <node id='-140136' lat='0.0006714083' lon='0.00024321871' />
  <node id='-140137' lat='0.00057577599' lon='0.00018909713' />
  <node id='-140138' lat='0.00039257308' lon='0.00008799252' />
  <node id='-140139' lat='0.00033926317' lon='0.00002525765' />
  <node id='-140140' lat='0.00031275434' lon='-0.00013179334' />
  <node id='-140142' action='modify' lat='-0.00015288107' lon='-0.0001231703' />
  <node id='-140462' action='modify' lat='0.00001759004' lon='0.0000085148' />
  <node id='-140463' action='modify' lat='0.0000012807' lon='0.00003965464' />
  <node id='-140464' action='modify' lat='-0.00001452642' lon='0.00006983558' />
  <node id='-140465' action='modify' lat='0.00011601564' lon='0.00026755808' />
  <node id='-140467' action='modify' lat='0.00014875739' lon='0.00027817223' />
  <node id='-140468' action='modify' lat='0.00031720563' lon='0.00016872041' />
  <node id='-140469' action='modify' lat='0.0003337131' lon='0.0001368583' />
  <node id='-140470' action='modify' lat='0.0003482321' lon='0.00010883428' />
  <node id='-140471' action='modify' lat='0.00021605815' lon='-0.00007654697' />
  <node id='-140472' action='modify' lat='0.00018188323' lon='-0.00008751493' />
  <node id='-140555' action='modify' lat='0.00022150395' lon='-0.00009554781'>
    <tag k='name' v='W_2' />
  </node>
  <node id='-140556' action='modify' lat='0.00025523258' lon='-0.00021012106' />
  <node id='-140557' action='modify' lat='0.00029156922' lon='-0.00033460835' />
  <node id='-140558' action='modify' lat='0.00031833637' lon='-0.0004214581' />
  <node id='-140566' action='modify' lat='0.00011049037' lon='0.00028607697'>
    <tag k='name' v='E_2' />
  </node>
  <node id='-140567' action='modify' lat='0.0000747016' lon='0.00040422999' />
  <node id='-140568' action='modify' lat='0.00002683465' lon='0.00056184659' />
  <node id='1000' version='1' lat='0.00021384957' lon='-0.00007385813' />
  <node id='1001' version='1' lat='0.00020854212' lon='-0.0000510479' />
  <node id='1002' version='1' lat='0.0002058392' lon='-0.00002779084' />
  <node id='1003' version='1' lat='0.00020577479' lon='-0.00000437941' />
  <node id='1004' version='1' lat='0.00020834969' lon='0.00001889198' />
  <node id='1005' version='1' lat='0.00021353153' lon='0.00004173067' />
  <node id='1006' version='1' lat='0.00022125515' lon='0.00006384947' />
  <node id='1007' version='1' lat='0.00023142341' lon='0.0000849702' />
  <node id='1008' version='1' lat='0.00024390844' lon='0.00010482727' />
  <node id='1009' version='1' lat='0.00025855325' lon='0.00012317096' />
  <node id='1010' version='1' lat='0.00027517365' lon='0.00013977059' />
  <node id='1011' version='1' lat='0.00029356065' lon='0.00015441741' />
  <node id='1012' version='1' lat='0.000313483' lon='0.00016692722' />
  <node id='1014' version='1' lat='0.00017943088' lon='-0.00008462327' />
  <node id='1015' version='1' lat='0.00017368727' lon='-0.00006156413' />
  <node id='1016' version='1' lat='0.00017024673' lon='-0.00003805683' />
  <node id='1017' version='1' lat='0.00016914242' lon='-0.00001432774' />
  <node id='1018' version='1' lat='0.00017038495' lon='0.00000939461' />
  <node id='1019' version='1' lat='0.00017396237' lon='0.00003288175' />
  <node id='1020' version='1' lat='0.00017984022' lon='0.00005590749' />
  <node id='1021' version='1' lat='0.0001879619' lon='0.00007825009' />
  <node id='1022' version='1' lat='0.00019824917' lon='0.00009969436' />
  <node id='1023' version='1' lat='0.000210603' lon='0.0001200338' />
  <node id='1024' version='1' lat='0.00022490438' lon='0.00013907252' />
  <node id='1025' version='1' lat='0.00024101559' lon='0.00015662716' />
  <node id='1026' version='1' lat='0.00025878148' lon='0.00017252866' />
  <node id='1027' version='1' lat='0.00027803095' lon='0.00018662389' />
  <node id='1028' version='1' lat='0.00029857861' lon='0.00019877711' />
  <node id='1031' version='1' lat='0.00021191706' lon='-0.00007432219' />
  <node id='1032' version='1' lat='0.00020446723' lon='-0.00005181292' />
  <node id='1033' version='1' lat='0.00019942693' lon='-0.00002865345' />
  <node id='1034' version='1' lat='0.00019685138' lon='-0.00000509751' />
  <node id='1035' version='1' lat='0.00019676881' lon='0.0000185968' />
  <node id='1036' version='1' lat='0.0001991801' lon='0.00004216987' />
  <node id='1037' version='1' lat='0.00020405884' lon='0.00006536346' />
  <node id='1038' version='1' lat='0.0002113516' lon='0.00008792343' />
  <node id='1039' version='1' lat='0.00022097845' lon='0.00010960262' />
  <node id='1040' version='1' lat='0.00023283394' lon='0.00013016351' />
  <node id='1041' version='1' lat='0.00024678815' lon='0.00014938082' />
  <node id='1042' version='1' lat='0.00026268823' lon='0.00016704401' />
  <node id='1043' version='1' lat='0.00028035995' lon='0.00018295955' />
  <node id='1044' version='1' lat='0.0002996097' lon='0.00019695308' />
  <node id='1046' version='1' lat='0.00017748457' lon='-0.00008505303' />
  <node id='1047' version='1' lat='0.00016962907' lon='-0.00006227677' />
  <node id='1048' version='1' lat='0.00016392278' lon='-0.00003887769' />
  <node id='1049' version='1' lat='0.00016041436' lon='-0.00001505545' />
  <node id='1050' version='1' lat='0.00015913378' lon='0.00000898672' />
  <node id='1051' version='1' lat='0.00016009193' lon='0.00003304369' />
  <node id='1052' version='1' lat='0.00016328065' lon='0.00005691023' />
  <node id='1053' version='1' lat='0.00016867274' lon='0.0000803827' />
  <node id='1054' version='1' lat='0.00017622219' lon='0.00010326087' />
  <node id='1055' version='1' lat='0.00018586458' lon='0.00012534952' />
  <node id='1056' version='1' lat='0.00019751768' lon='0.00014646021' />
  <node id='1057' version='1' lat='0.00021108203' lon='0.00016641285' />
  <node id='1058' version='1' lat='0.00022644193' lon='0.00018503717' />
  <node id='1059' version='1' lat='0.00024346632' lon='0.00020217431' />
  <node id='1060' version='1' lat='0.00026200997' lon='0.00021767805' />
  <node id='1061' version='1' lat='0.00028191466' lon='0.00023141611' />
  <node id='1064' version='1' lat='0.00011943127' lon='0.00026309692' />
  <node id='1065' version='1' lat='0.00012553017' lon='0.00023960389' />
  <node id='1066' version='1' lat='0.00012894262' lon='0.00021558031' />
  <node id='1067' version='1' lat='0.00012962569' lon='0.00019132826' />
  <node id='1068' version='1' lat='0.0001275708' lon='0.00016715274' />
  <node id='1069' version='1' lat='0.00012280379' lon='0.00014335776' />
  <node id='1070' version='1' lat='0.0001153846' lon='0.00012024256' />
  <node id='1071' version='1' lat='0.00010540654' lon='0.00009809783' />
  <node id='1072' version='1' lat='0.00009299509' lon='0.00007720205' />
  <node id='1073' version='1' lat='0.00007830633' lon='0.000057818' />
  <node id='1074' version='1' lat='0.00006152497' lon='0.00004018944' />
  <node id='1075' version='1' lat='0.00004286206' lon='0.00002453807' />
  <node id='1076' version='1' lat='0.0000225523' lon='0.0000110607' />
  <node id='1078' version='1' lat='0.00015210851' lon='0.00027368858' />
  <node id='1079' version='1' lat='0.00015868333' lon='0.0002502002' />
  <node id='1080' version='1' lat='0.0001629087' lon='0.00022618478' />
  <node id='1081' version='1' lat='0.00016474394' lon='0.00020187361' />
  <node id='1082' version='1' lat='0.00016417137' lon='0.00017750083' />
  <node id='1083' version='1' lat='0.00016119651' lon='0.00015330115' />
  <node id='1084' version='1' lat='0.000155848' lon='0.00012950765' />
  <node id='1085' version='1' lat='0.00014817736' lon='0.00010634945' />
  <node id='1086' version='1' lat='0.00013825846' lon='0.00008404958' />
  <node id='1087' version='1' lat='0.00012618683' lon='0.00006282281' />
  <node id='1088' version='1' lat='0.00011207871' lon='0.00004287356' />
  <node id='1089' version='1' lat='0.00009606998' lon='0.00002439395' />
  <node id='1090' version='1' lat='0.0000783148' lon='0.00000756195' />
  <node id='1091' version='1' lat='0.00005898419' lon='-0.00000746034' />
  <node id='1092' version='1' lat='0.00003826429' lon='-0.00002052824' />
  <node id='1095' version='1' lat='0.0001213513' lon='0.00026367019' />
  <node id='1096' version='1' lat='0.00012959678' lon='0.00024059392' />
  <node id='1097' version='1' lat='0.0001353687' lon='0.00021678795' />
  <node id='1098' version='1' lat='0.00013860384' lon='0.00019251309' />
  <node id='1099' version='1' lat='0.00013926673' lon='0.00016803531' />
  <node id='1100' version='1' lat='0.00013735013' lon='0.00014362281' />
  <node id='1101' version='1' lat='0.00013287504' lon='0.00011954304' />
  <node id='1102' version='1' lat='0.00012589046' lon='0.00009605982' />
  <node id='1103' version='1' lat='0.00011647295' lon='0.00007343044' />
  <node id='1104' version='1' lat='0.00010472566' lon='0.00005190284' />
  <node id='1105' version='1' lat='0.00009077732' lon='0.00003171288' />
  <node id='1106' version='1' lat='0.00007478074' lon='0.00001308175' />
  <node id='1107' version='1' lat='0.00005691118' lon='-0.00000378641' />
  <node id='1108' version='1' lat='0.00003736443' lon='-0.00001870679' />
  <node id='1110' version='1' lat='0.00015370951' lon='0.0002742826' />
  <node id='1111' version='1' lat='0.00016207011' lon='0.00025127706' />
  <node id='1112' version='1' lat='0.00016825806' lon='0.0002276034' />
  <node id='1113' version='1' lat='0.00017222057' lon='0.00020346361' />
  <node id='1114' version='1' lat='0.00017392381' lon='0.00017906362' />
  <node id='1115' version='1' lat='0.00017335327' lon='0.00015461161' />
  <node id='1116' version='1' lat='0.00017051382' lon='0.00013031621' />
  <node id='1117' version='1' lat='0.00016542968' lon='0.00010638468' />
  <node id='1118' version='1' lat='0.00015814422' lon='0.0000830212' />
  <node id='1119' version='1' lat='0.0001487196' lon='0.00006042511' />
  <node id='1120' version='1' lat='0.00013723623' lon='0.00003878918' />
  <node id='1121' version='1' lat='0.00012379207' lon='0.00001829802' />
  <node id='1122' version='1' lat='0.00010850184' lon='-0.00000087359' />
  <node id='1123' version='1' lat='0.00009149598' lon='-0.00001856204' />
  <node id='1124' version='1' lat='0.00007291958' lon='-0.00003461644' />
  <node id='1125' version='1' lat='0.00005293114' lon='-0.00004889981' />
  <node id='1128' version='1' lat='0.00002406575' lon='0.00000711076' />
  <node id='1129' version='1' lat='0.0000480734' lon='0.0000109399' />
  <node id='1130' version='1' lat='0.00007238532' lon='0.0000113363' />
  <node id='1131' version='1' lat='0.00009650656' lon='0.00000829187' />
  <node id='1132' version='1' lat='0.0001199461' lon='0.00000186859' />
  <node id='1133' version='1' lat='0.00014222676' lon='-0.00000780276' />
  <node id='1134' version='1' lat='0.00016289499' lon='-0.00002052532' />
  <node id='1135' version='1' lat='0.00018153003' lon='-0.00003604008' />
  <node id='1136' version='1' lat='0.00019775254' lon='-0.00005403121' />
  <node id='1137' version='1' lat='0.00021123226' lon='-0.00007413247' />
  <node id='1139' version='1' lat='0.00000724218' lon='0.0000383866' />
  <node id='1140' version='1' lat='0.00003035484' lon='0.0000433072' />
  <node id='1141' version='1' lat='0.00005387682' lon='0.0000456264' />
  <node id='1142' version='1' lat='0.0000775123' lon='0.00004531502' />
  <node id='1143' version='1' lat='0.00010096407' lon='0.00004237696' />
  <node id='1144' version='1' lat='0.00012393721' lon='0.0000368492' />
  <node id='1145' version='1' lat='0.00014614281' lon='0.00002880124' />
  <node id='1146' version='1' lat='0.00016730163' lon='0.00001833429' />
  <node id='1147' version='1' lat='0.00018714759' lon='0.00000557997' />
  <node id='1148' version='1' lat='0.00020543111' lon='-0.00000930131' />
  <node id='1149' version='1' lat='0.00022192225' lon='-0.00002612243' />
  <node id='1150' version='1' lat='0.00023641363' lon='-0.00004467184' />
  <node id='1151' version='1' lat='0.00024872304' lon='-0.00006471627' />
  <node id='1154' version='1' lat='0.00002222934' lon='0.00000893681' />
  <node id='1155' version='1' lat='0.00004454509' lon='0.00001532149' />
  <node id='1156' version='1' lat='0.00006747291' lon='0.00001898777' />
  <node id='1157' version='1' lat='0.00009067845' lon='0.00001988215' />
  <node id='1158' version='1' lat='0.00011382334' lon='0.00001799164' />
  <node id='1159' version='1' lat='0.00013657006' lon='0.00001334377' />
  <node id='1160' version='1' lat='0.00015858692' lon='0.00000600633' />
  <node id='1161' version='1' lat='0.00017955285' lon='-0.00000391369' />
  <node id='1162' version='1' lat='0.00019916214' lon='-0.00001627162' />
  <node id='1163' version='1' lat='0.00021712883' lon='-0.00003088727' />
  <node id='1164' version='1' lat='0.00023319093' lon='-0.0000475475' />
  <node id='1165' version='1' lat='0.0002471142' lon='-0.00006600936' />
  <node id='1167' version='1' lat='0.00000676622' lon='0.00004019811' />
  <node id='1168' version='1' lat='0.00002951219' lon='0.00004728934' />
  <node id='1169' version='1' lat='0.00005284839' lon='0.00005213184' />
  <node id='1170' version='1' lat='0.00007655006' lon='0.000054679' />
  <node id='1171' version='1' lat='0.00010038895' lon='0.00005490627' />
  <node id='1172' version='1' lat='0.00012413547' lon='0.00005281148' />
  <node id='1173' version='1' lat='0.00014756094' lon='0.00004841478' />
  <node id='1174' version='1' lat='0.00017043976' lon='0.00004175852' />
  <node id='1175' version='1' lat='0.00019255158' lon='0.00003290682' />
  <node id='1176' version='1' lat='0.00021368346' lon='0.0000219449' />
  <node id='1177' version='1' lat='0.00023363189' lon='0.00000897836' />
  <node id='1178' version='1' lat='0.00025220475' lon='-0.00000586796' />
  <node id='1179' version='1' lat='0.00026922318' lon='-0.00002245105' />
  <node id='1180' version='1' lat='0.00028452328' lon='-0.00004061122' />
  <node id='1181' version='1' lat='0.00029795769' lon='-0.00006017357' />
  <node id='1184' version='1' lat='0.00031244637' lon='0.00017112896' />
  <node id='1185' version='1' lat='0.0002896026' lon='0.00016805062' />
  <node id='1186' version='1' lat='0.00026654975' lon='0.00016796037' />
  <node id='1187' version='1' lat='0.00024368227' lon='0.00017085974' />
  <node id='1188' version='1' lat='0.00022139142' lon='0.00017669914' />
  <node id='1189' version='1' lat='0.0002000586' lon='0.00018537864' />
  <node id='1190' version='1' lat='0.00018004882' lon='0.00019674973' />
  <node id='1191' version='1' lat='0.00016170445' lon='0.00021061787' />
  <node id='1192' version='1' lat='0.00014533938' lon='0.00022674575' />
  <node id='1193' version='1' lat='0.00013123361' lon='0.00024485742' />
  <node id='1194' version='1' lat='0.0001196285' lon='0.00026464299' />
  <node id='1196' version='1' lat='0.00032829677' lon='0.00013942384' />
  <node id='1197' version='1' lat='0.00030478766' lon='0.00013530375' />
  <node id='1198' version='1' lat='0.00028096197' lon='0.00013382413' />
  <node id='1199' version='1' lat='0.0002571193' lon='0.00013500359' />
  <node id='1200' version='1' lat='0.0002335595' lon='0.00013882729' />
  <node id='1201' version='1' lat='0.00021057885' lon='0.00014524715' />
  <node id='1202' version='1' lat='0.00018846632' lon='0.00015418244' />
  <node id='1203' version='1' lat='0.00016750002' lon='0.00016552079' />
  <node id='1204' version='1' lat='0.00014794359' lon='0.00017911961' />
  <node id='1205' version='1' lat='0.00013004299' lon='0.00019480788' />
  <node id='1206' version='1' lat='0.00011402329' lon='0.00021238833' />
  <node id='1207' version='1' lat='0.00010008598' lon='0.00023163987' />
  <node id='1208' version='1' lat='0.00008840632' lon='0.00025232039' />
  <node id='1211' version='1' lat='0.00031282544' lon='0.0001689705' />
  <node id='1212' version='1' lat='0.00029012843' lon='0.00016347574' />
  <node id='1213' version='1' lat='0.00026693011' lon='0.00016073855' />
  <node id='1214' version='1' lat='0.00024356879' lon='0.00016079885' />
  <node id='1215' version='1' lat='0.00022038511' lon='0.00016365575' />
  <node id='1216' version='1' lat='0.00019771715' lon='0.0001692676' />
  <node id='1217' version='1' lat='0.00017589545' lon='0.00017755257' />
  <node id='1218' version='1' lat='0.00015523824' lon='0.00018838982' />
  <node id='1219' version='1' lat='0.00013604673' lon='0.00020162135' />
  <node id='1220' version='1' lat='0.00011860077' lon='0.0002170542' />
  <node id='1221' version='1' lat='0.00010315479' lon='0.00023446332' />
  <node id='1222' version='1' lat='0.00008993399' lon='0.00025359487' />
  <node id='1224' version='1' lat='0.0003290552' lon='0.00013759988' />
  <node id='1225' version='1' lat='0.00030618138' lon='0.00013126368' />
  <node id='1226' version='1' lat='0.00028279247' lon='0.000127185' />
  <node id='1227' version='1' lat='0.00025911369' lon='0.00012540314' />
  <node id='1228' version='1' lat='0.00023537311' lon='0.00012593524' />
  <node id='1229' version='1' lat='0.00021179936' lon='0.00012877619' />
  <node id='1230' version='1' lat='0.00018861945' lon='0.00013389862' />
  <node id='1231' version='1' lat='0.00016605663' lon='0.0001412532' />
  <node id='1232' version='1' lat='0.0001443282' lon='0.00015076911' />
  <node id='1233' version='1' lat='0.0001236434' lon='0.00016235469' />
  <node id='1234' version='1' lat='0.00010420144' lon='0.00017589838' />
  <node id='1235' version='1' lat='0.00008618956' lon='0.00019126974' />
  <node id='1236' version='1' lat='0.00006978122' lon='0.00020832074' />
  <node id='1237' version='1' lat='0.00005513444' lon='0.00022688717' />
  <node id='1238' version='1' lat='0.00004239029' lon='0.00024679021' />
  <node id='1241' version='1' lat='0.00021552966' lon='-0.00007472918' />
  <node id='1242' version='1' lat='0.00020936455' lon='-0.0000535237' />
  <node id='1243' version='1' lat='0.00020319942' lon='-0.00003231823' />
  <node id='1244' version='1' lat='0.00019703431' lon='-0.00001111275' />
  <node id='1245' version='1' lat='0.00019086919' lon='0.00001009272' />
  <node id='1246' version='1' lat='0.00018470407' lon='0.0000312982' />
  <node id='1247' version='1' lat='0.00017853894' lon='0.00005250367' />
  <node id='1248' version='1' lat='0.00017237383' lon='0.00007370914' />
  <node id='1249' version='1' lat='0.0001662087' lon='0.00009491462' />
  <node id='1250' version='1' lat='0.00016004359' lon='0.0001161201' />
  <node id='1251' version='1' lat='0.00015387846' lon='0.00013732558' />
  <node id='1252' version='1' lat='0.00014771334' lon='0.00015853106' />
  <node id='1253' version='1' lat='0.00014154822' lon='0.00017973653' />
  <node id='1254' version='1' lat='0.00013538309' lon='0.00020094202' />
  <node id='1255' version='1' lat='0.00012921797' lon='0.00022214749' />
  <node id='1256' version='1' lat='0.00012305285' lon='0.00024335297' />
  <node id='1257' version='1' lat='0.00011688773' lon='0.00026455845' />
  <node id='1259' version='1' lat='0.00018140609' lon='-0.0000858354' />
  <node id='1260' version='1' lat='0.00017538992' lon='-0.00006465862' />
  <node id='1261' version='1' lat='0.00016937374' lon='-0.00004348185' />
  <node id='1262' version='1' lat='0.00016335758' lon='-0.00002230507' />
  <node id='1263' version='1' lat='0.0001573414' lon='-0.0000011283' />
  <node id='1264' version='1' lat='0.00015132524' lon='0.00002004848' />
  <node id='1265' version='1' lat='0.00014530907' lon='0.00004122526' />
  <node id='1266' version='1' lat='0.0001392929' lon='0.00006240203' />
  <node id='1267' version='1' lat='0.00013327673' lon='0.00008357881' />
  <node id='1268' version='1' lat='0.00012726056' lon='0.00010475559' />
  <node id='1269' version='1' lat='0.00012124439' lon='0.00012593238' />
  <node id='1270' version='1' lat='0.00011522822' lon='0.00014710915' />
  <node id='1271' version='1' lat='0.00010921205' lon='0.00016828594' />
  <node id='1272' version='1' lat='0.00010319588' lon='0.00018946271' />
  <node id='1273' version='1' lat='0.0000971797' lon='0.00021063949' />
  <node id='1274' version='1' lat='0.00009116353' lon='0.00023181627' />
  <node id='1275' version='1' lat='0.00008514736' lon='0.00025299306' />
  <node id='1278' version='1' lat='0.0001506118' lon='-0.00009511338' />
  <node id='1279' version='1' lat='0.00014361532' lon='-0.00007376329' />
  <node id='1280' version='1' lat='0.00013661882' lon='-0.0000524132' />
  <node id='1281' version='1' lat='0.00012962234' lon='-0.00003106311' />
  <node id='1282' version='1' lat='0.00012262585' lon='-0.00000971301' />
  <node id='1283' version='1' lat='0.00011562937' lon='0.00001163707' />
  <node id='1284' version='1' lat='0.00010863288' lon='0.00003298716' />
  <node id='1285' version='1' lat='0.00010163639' lon='0.00005433726' />
  <node id='1286' version='1' lat='0.0000946399' lon='0.00007568736' />
  <node id='1287' version='1' lat='0.00008764341' lon='0.00009703744' />
  <node id='1288' version='1' lat='0.00008064693' lon='0.00011838754' />
  <node id='1289' version='1' lat='0.00007365043' lon='0.00013973763' />
  <node id='1290' version='1' lat='0.00006665394' lon='0.00016108773' />
  <node id='1291' version='1' lat='0.00005965745' lon='0.00018243782' />
  <node id='1292' version='1' lat='0.00005266096' lon='0.00020378792' />
  <node id='1293' version='1' lat='0.00004566447' lon='0.00022513802' />
  <node id='1294' version='1' lat='0.00003866798' lon='0.00024648811' />
  <node id='1297' version='1' lat='0.00014760576' lon='0.00027462605' />
  <node id='1298' version='1' lat='0.00015196393' lon='0.00025282836' />
  <node id='1299' version='1' lat='0.00015632211' lon='0.00023103067' />
  <node id='1300' version='1' lat='0.00016068029' lon='0.00020923298' />
  <node id='1301' version='1' lat='0.00016503847' lon='0.00018743529' />
  <node id='1302' version='1' lat='0.00016939665' lon='0.0001656376' />
  <node id='1303' version='1' lat='0.00017375483' lon='0.00014383991' />
  <node id='1304' version='1' lat='0.00017811301' lon='0.00012204222' />
  <node id='1305' version='1' lat='0.00018247118' lon='0.00010024453' />
  <node id='1306' version='1' lat='0.00018682937' lon='0.00007844685' />
  <node id='1307' version='1' lat='0.00019118754' lon='0.00005664915' />
  <node id='1308' version='1' lat='0.00019554572' lon='0.00003485147' />
  <node id='1309' version='1' lat='0.0001999039' lon='0.00001305378' />
  <node id='1310' version='1' lat='0.00020426208' lon='-0.00000874391' />
  <node id='1311' version='1' lat='0.00020862025' lon='-0.00003054159' />
  <node id='1312' version='1' lat='0.00021297843' lon='-0.00005233928' />
  <node id='1313' version='1' lat='0.00021733661' lon='-0.00007413696' />
  <node id='1315' version='1' lat='0.0001802025' lon='0.0002851874' />
  <node id='1316' version='1' lat='0.00018481974' lon='0.00026335263' />
  <node id='1317' version='1' lat='0.00018943699' lon='0.00024151785' />
  <node id='1318' version='1' lat='0.00019405424' lon='0.00021968308' />
  <node id='1319' version='1' lat='0.00019867148' lon='0.00019784831' />
  <node id='1320' version='1' lat='0.00020328872' lon='0.00017601354' />
  <node id='1321' version='1' lat='0.00020790597' lon='0.00015417878' />
  <node id='1322' version='1' lat='0.00021252322' lon='0.00013234401' />
  <node id='1323' version='1' lat='0.00021714046' lon='0.00011050924' />
  <node id='1324' version='1' lat='0.00022175771' lon='0.00008867447' />
  <node id='1325' version='1' lat='0.00022637494' lon='0.00006683971' />
  <node id='1326' version='1' lat='0.00023099219' lon='0.00004500494' />
  <node id='1327' version='1' lat='0.00023560943' lon='0.00002317017' />
  <node id='1328' version='1' lat='0.00024022668' lon='0.0000013354' />
  <node id='1329' version='1' lat='0.00024484391' lon='-0.00002049936' />
  <node id='1330' version='1' lat='0.00024946116' lon='-0.00004233412' />
  <node id='1331' version='1' lat='0.00025407841' lon='-0.0000641689' />
  <node id='1334' version='1' lat='0.00014966136' lon='0.00027517777' />
  <node id='1335' version='1' lat='0.00015607514' lon='0.0002539318' />
  <node id='1336' version='1' lat='0.00016248892' lon='0.00023268584' />
  <node id='1337' version='1' lat='0.00016890271' lon='0.00021143987' />
  <node id='1338' version='1' lat='0.00017531649' lon='0.0001901939' />
  <node id='1339' version='1' lat='0.00018173028' lon='0.00016894793' />
  <node id='1340' version='1' lat='0.00018814406' lon='0.00014770197' />
  <node id='1341' version='1' lat='0.00019455784' lon='0.000126456' />
  <node id='1342' version='1' lat='0.00020097162' lon='0.00010521003' />
  <node id='1343' version='1' lat='0.0002073854' lon='0.00008396407' />
  <node id='1344' version='1' lat='0.00021379918' lon='0.0000627181' />
  <node id='1345' version='1' lat='0.00022021296' lon='0.00004147213' />
  <node id='1346' version='1' lat='0.00022662675' lon='0.00002022617' />
  <node id='1347' version='1' lat='0.00023304053' lon='-0.0000010198' />
  <node id='1348' version='1' lat='0.00023945431' lon='-0.00002226577' />
  <node id='1349' version='1' lat='0.00024586809' lon='-0.00004351173' />
  <node id='1350' version='1' lat='0.00025228187' lon='-0.0000647577' />
  <node id='1352' version='1' lat='0.00018301925' lon='0.00028546817' />
  <node id='1353' version='1' lat='0.00019045323' lon='0.00026391418' />
  <node id='1354' version='1' lat='0.00019788723' lon='0.00024236017' />
  <node id='1355' version='1' lat='0.00020532122' lon='0.00022080618' />
  <node id='1356' version='1' lat='0.00021275521' lon='0.00019925219' />
  <node id='1357' version='1' lat='0.00022018919' lon='0.00017769819' />
  <node id='1358' version='1' lat='0.00022762318' lon='0.00015614419' />
  <node id='1359' version='1' lat='0.00023505717' lon='0.0001345902' />
  <node id='1360' version='1' lat='0.00024249116' lon='0.00011303621' />
  <node id='1361' version='1' lat='0.00024992515' lon='0.00009148221' />
  <node id='1362' version='1' lat='0.00025735914' lon='0.00006992822' />
  <node id='1363' version='1' lat='0.00026479312' lon='0.00004837423' />
  <node id='1364' version='1' lat='0.00027222712' lon='0.00002682023' />
  <node id='1365' version='1' lat='0.00027966111' lon='0.00000526624' />
  <node id='1366' version='1' lat='0.00028709509' lon='-0.00001628775' />
  <node id='1367' version='1' lat='0.00029452907' lon='-0.00003784174' />
  <node id='1368' version='1' lat='0.00030196306' lon='-0.00005939573' />
  <node id='1371' version='1' lat='0.00000540954' lon='0.00003952742' />
  <node id='1372' version='1' lat='0.00002598959' lon='0.00004812838' />
  <node id='1373' version='1' lat='0.00004656962' lon='0.00005672933' />
  <node id='1374' version='1' lat='0.00006714966' lon='0.00006533029' />
  <node id='1375' version='1' lat='0.00008772969' lon='0.00007393125' />
  <node id='1376' version='1' lat='0.00010830973' lon='0.0000825322' />
  <node id='1377' version='1' lat='0.00012888977' lon='0.00009113316' />
  <node id='1378' version='1' lat='0.00014946981' lon='0.00009973411' />
  <node id='1379' version='1' lat='0.00017004986' lon='0.00010833507' />
  <node id='1380' version='1' lat='0.00019062989' lon='0.00011693603' />
  <node id='1381' version='1' lat='0.00021120994' lon='0.00012553699' />
  <node id='1382' version='1' lat='0.00023178997' lon='0.00013413794' />
  <node id='1383' version='1' lat='0.00025237002' lon='0.00014273889' />
  <node id='1384' version='1' lat='0.00027295006' lon='0.00015133985' />
  <node id='1385' version='1' lat='0.0002935301' lon='0.0001599408' />
  <node id='1386' version='1' lat='0.00031411014' lon='0.00016854175' />
  <node id='1388' version='1' lat='-0.00001034489' lon='0.00006954284' />
  <node id='1389' version='1' lat='0.00001031582' lon='0.00007825087' />
  <node id='1390' version='1' lat='0.00003097654' lon='0.0000869589' />
  <node id='1391' version='1' lat='0.00005163725' lon='0.00009566693' />
  <node id='1392' version='1' lat='0.00007229797' lon='0.00010437495' />
  <node id='1393' version='1' lat='0.00009295869' lon='0.00011308298' />
  <node id='1394' version='1' lat='0.0001136194' lon='0.00012179101' />
  <node id='1395' version='1' lat='0.00013428012' lon='0.00013049904' />
  <node id='1396' version='1' lat='0.00015494083' lon='0.00013920706' />
  <node id='1397' version='1' lat='0.00017560156' lon='0.00014791509' />
  <node id='1398' version='1' lat='0.00019626227' lon='0.00015662312' />
  <node id='1399' version='1' lat='0.00021692299' lon='0.00016533114' />
  <node id='1400' version='1' lat='0.00023758371' lon='0.00017403916' />
  <node id='1401' version='1' lat='0.00025824442' lon='0.00018274719' />
  <node id='1402' version='1' lat='0.00027890514' lon='0.00019145522' />
  <node id='1403' version='1' lat='0.00029956586' lon='0.00020016324' />
  <node id='1406' version='1' lat='0.00000455874' lon='0.00004139381' />
  <node id='1407' version='1' lat='0.00002428798' lon='0.00005186115' />
  <node id='1408' version='1' lat='0.00004401722' lon='0.00006232849' />
  <node id='1409' version='1' lat='0.00006374646' lon='0.00007279583' />
  <node id='1410' version='1' lat='0.00008347569' lon='0.00008326318' />
  <node id='1411' version='1' lat='0.00010320493' lon='0.00009373052' />
  <node id='1412' version='1' lat='0.00012293417' lon='0.00010419786' />
  <node id='1413' version='1' lat='0.00014266341' lon='0.0001146652' />
  <node id='1414' version='1' lat='0.00016239265' lon='0.00012513255' />
  <node id='1415' version='1' lat='0.00018212189' lon='0.00013559989' />
  <node id='1416' version='1' lat='0.00020185113' lon='0.00014606723' />
  <node id='1417' version='1' lat='0.00022158037' lon='0.00015653457' />
  <node id='1418' version='1' lat='0.00024130961' lon='0.0001670019' />
  <node id='1419' version='1' lat='0.00026103886' lon='0.00017746925' />
  <node id='1420' version='1' lat='0.0002807681' lon='0.00018793658' />
  <node id='1421' version='1' lat='0.00030049734' lon='0.00019840392' />
  <node id='1423' version='1' lat='-0.00001135759' lon='0.00007156637' />
  <node id='1424' version='1' lat='0.00000829042' lon='0.00008229793' />
  <node id='1425' version='1' lat='0.00002793842' lon='0.00009302949' />
  <node id='1426' version='1' lat='0.00004758643' lon='0.00010376105' />
  <node id='1427' version='1' lat='0.00006723444' lon='0.00011449261' />
  <node id='1428' version='1' lat='0.00008688244' lon='0.00012522417' />
  <node id='1429' version='1' lat='0.00010653045' lon='0.00013595573' />
  <node id='1430' version='1' lat='0.00012617846' lon='0.00014668729' />
  <node id='1431' version='1' lat='0.00014582647' lon='0.00015741884' />
  <node id='1432' version='1' lat='0.00016547449' lon='0.0001681504' />
  <node id='1433' version='1' lat='0.00018512249' lon='0.00017888196' />
  <node id='1434' version='1' lat='0.0002047705' lon='0.00018961351' />
  <node id='1435' version='1' lat='0.00022441852' lon='0.00020034507' />
  <node id='1436' version='1' lat='0.00024406653' lon='0.00021107663' />
  <node id='1437' version='1' lat='0.00026371454' lon='0.00022180818' />
  <node id='1438' version='1' lat='0.00028336255' lon='0.00023253974' />
  <node id='1441' version='1' lat='0.00033058525' lon='0.00013753224' />
  <node id='1442' version='1' lat='0.00030997687' lon='0.0001289319' />
  <node id='1443' version='1' lat='0.00028936848' lon='0.00012033157' />
  <node id='1444' version='1' lat='0.00026876009' lon='0.00011173123' />
  <node id='1445' version='1' lat='0.0002481517' lon='0.0001031309' />
  <node id='1446' version='1' lat='0.00022754331' lon='0.00009453056' />
  <node id='1447' version='1' lat='0.00020693492' lon='0.00008593022' />
  <node id='1448' version='1' lat='0.00018632654' lon='0.00007732989' />
  <node id='1449' version='1' lat='0.00016571815' lon='0.00006872954' />
  <node id='1450' version='1' lat='0.00014510977' lon='0.00006012921' />
  <node id='1451' version='1' lat='0.00012450138' lon='0.00005152887' />
  <node id='1452' version='1' lat='0.00010389299' lon='0.00004292853' />
  <node id='1453' version='1' lat='0.0000832846' lon='0.00003432818' />
  <node id='1454' version='1' lat='0.00006267622' lon='0.00002572784' />
  <node id='1455' version='1' lat='0.00004206784' lon='0.00001712751' />
  <node id='1456' version='1' lat='0.00002145945' lon='0.00000852717' />
  <node id='1458' version='1' lat='0.00034540434' lon='0.00010955109' />
  <node id='1459' version='1' lat='0.00032483874' lon='0.00010073441' />
  <node id='1460' version='1' lat='0.00030427313' lon='0.00009191772' />
  <node id='1461' version='1' lat='0.00028370752' lon='0.00008310103' />
  <node id='1462' version='1' lat='0.00026314191' lon='0.00007428434' />
  <node id='1463' version='1' lat='0.0002425763' lon='0.00006546766' />
  <node id='1464' version='1' lat='0.0002220107' lon='0.00005665097' />
  <node id='1465' version='1' lat='0.00020144509' lon='0.00004783428' />
  <node id='1466' version='1' lat='0.00018087949' lon='0.0000390176' />
  <node id='1467' version='1' lat='0.00016031388' lon='0.00003020091' />
  <node id='1468' version='1' lat='0.00013974827' lon='0.00002138423' />
  <node id='1469' version='1' lat='0.00011918267' lon='0.00001256754' />
  <node id='1470' version='1' lat='0.00009861706' lon='0.00000375085' />
  <node id='1471' version='1' lat='0.00007805146' lon='-0.00000506584' />
  <node id='1472' version='1' lat='0.00005748585' lon='-0.00001388253' />
  <node id='1473' version='1' lat='0.00003692025' lon='-0.00002269922' />
  <node id='1476' version='1' lat='0.00033149722' lon='0.00013568267' />
  <node id='1477' version='1' lat='0.00031180081' lon='0.00012523277' />
  <node id='1478' version='1' lat='0.0002921044' lon='0.00011478285' />
  <node id='1479' version='1' lat='0.00027240798' lon='0.00010433294' />
  <node id='1480' version='1' lat='0.00025271157' lon='0.00009388303' />
  <node id='1481' version='1' lat='0.00023301516' lon='0.00008343312' />
  <node id='1482' version='1' lat='0.00021331875' lon='0.00007298321' />
  <node id='1483' version='1' lat='0.00019362234' lon='0.0000625333' />
  <node id='1484' version='1' lat='0.00017392592' lon='0.00005208339' />
  <node id='1485' version='1' lat='0.00015422951' lon='0.00004163348' />
  <node id='1486' version='1' lat='0.0001345331' lon='0.00003118356' />
  <node id='1487' version='1' lat='0.00011483669' lon='0.00002073365' />
  <node id='1488' version='1' lat='0.00009514028' lon='0.00001028374' />
  <node id='1489' version='1' lat='0.00007544388' lon='-0.00000016617' />
  <node id='1490' version='1' lat='0.00005574746' lon='-0.00001061608' />
  <node id='1491' version='1' lat='0.00003605106' lon='-0.00002106599' />
  <node id='1493' version='1' lat='0.00034630708' lon='0.00010779965' />
  <node id='1494' version='1' lat='0.00032664421' lon='0.00009723153' />
  <node id='1495' version='1' lat='0.00030698134' lon='0.00008666341' />
  <node id='1496' version='1' lat='0.00028731847' lon='0.00007609529' />
  <node id='1497' version='1' lat='0.0002676556' lon='0.00006552717' />
  <node id='1498' version='1' lat='0.00024799272' lon='0.00005495905' />
  <node id='1499' version='1' lat='0.00022832985' lon='0.00004439092' />
  <node id='1500' version='1' lat='0.00020866698' lon='0.00003382281' />
  <node id='1501' version='1' lat='0.00018900412' lon='0.00002325469' />
  <node id='1502' version='1' lat='0.00016934125' lon='0.00001268656' />
  <node id='1503' version='1' lat='0.00014967838' lon='0.00000211844' />
  <node id='1504' version='1' lat='0.00013001551' lon='-0.00000844968' />
  <node id='1505' version='1' lat='0.00011035263' lon='-0.0000190178' />
  <node id='1506' version='1' lat='0.00009068977' lon='-0.00002958593' />
  <node id='1507' version='1' lat='0.0000710269' lon='-0.00004015405' />
  <node id='1508' version='1' lat='0.00005136404' lon='-0.00005072218' />
  <node id='1511' version='1' lat='-0.00000841839' lon='0.00006987309' />
  <node id='1512' version='1' lat='0.00001264396' lon='0.00008201233' />
  <node id='1513' version='1' lat='0.00003175268' lon='0.00009700544' />
  <node id='1514' version='1' lat='0.00004851879' lon='0.00011454718' />
  <node id='1515' version='1' lat='0.00006260096' lon='0.00013428048' />
  <node id='1516' version='1' lat='0.00007371254' lon='0.0001558036' />
  <node id='1517' version='1' lat='0.00008162731' lon='0.0001786784' />
  <node id='1518' version='1' lat='0.00008618415' lon='0.00020243923' />
  <node id='1519' version='1' lat='0.00008729031' lon='0.00022660236' />
  <node id='1520' version='1' lat='0.00008492326' lon='0.00025067592' />
  <node id='1523' version='1' lat='0.0003441972' lon='0.0001098251' />
  <node id='1524' version='1' lat='0.00032387' lon='0.00009829152' />
  <node id='1525' version='1' lat='0.00030540217' lon='0.00008400186' />
  <node id='1526' version='1' lat='0.00028916965' lon='0.00006724698' />
  <node id='1527' version='1' lat='0.0002755029' lon='0.00004836798' />
  <node id='1528' version='1' lat='0.00026468012' lon='0.00002774919' />
  <node id='1529' version='1' lat='0.00025692164' lon='0.00000581033' />
  <node id='1530' version='1' lat='0.00025238539' lon='-0.00001700198' />
  <node id='1531' version='1' lat='0.00025116373' lon='-0.00004022334' />
  <node id='1532' version='1' lat='0.00025328151' lon='-0.00006338105' />
  <way id='-125779'>
    <nd ref='-139960' />
    <nd ref='-140103' />
    <tag k='subtype' v='solid_solid' />
    <tag k='type' v='stop_line' />
  </way>
  <way id='-125780'>
    <nd ref='-139902' />
    <nd ref='-139901' />
    <tag k='type' v='virtual' />
  </way>
  <way id='-125781'>
    <nd ref='-139904' />
    <nd ref='-139903' />
    <tag k='type' v='virtual' />
  </way>
  <way id='-125782'>
    <nd ref='-139906' />
    <nd ref='-139905' />
    <tag k='type' v='guard_rail' />
  </way>
  <way id='-125783'>
    <nd ref='-140083' />
    <nd ref='-139906' />
    <tag k='type' v='guard_rail' />
  </way>
  <way id='-125784'>
    <nd ref='-140103' />
    <nd ref='-140102' />
    <nd ref='-140101' />
    <nd ref='-139913' />
    <nd ref='-140100' />
    <tag k='subtype' v='low' />
    <tag k='type' v='curbstone' />
  </way>
  <way id='-125785'>
    <nd ref='-139907' />
    <nd ref='-139964' />
    <nd ref='-139963' />
    <nd ref='-139962' />
    <nd ref='-139961' />
    <nd ref='-139960' />
    <tag k='subtype' v='solid' />
    <tag k='type' v='line_thin' />
  </way>
  <way id='-125786'>
    <nd ref='-140090' />
    <nd ref='-140091' />
    <nd ref='-140092' />
    <nd ref='-140135' />
    <tag k='subtype' v='low' />
    <tag k='type' v='curbstone' />
  </way>
  <way id='-125787'>
    <nd ref='-139908' />
    <nd ref='-140087' />
    <nd ref='-140086' />
    <nd ref='-139968' />
    <nd ref='-140085' />
    <nd ref='-139981' />
    <tag k='subtype' v='low' />
    <tag k='type' v='curbstone' />
  </way>
  <way id='-125788'>
    <nd ref='-140117' />
    <nd ref='-139909' />
    <nd ref='-139910' />
    <nd ref='-140116' />
    <nd ref='-139944' />
    <tag k='subtype' v='low' />
    <tag k='type' v='curbstone' />
  </way>
  <way id='-125789' action='modify'>
    <nd ref='-139916' />
    <nd ref='-140111' />
    <nd ref='-140112' />
    <nd ref='-139914' />
    <nd ref='-139915' />
    <tag k='subtype' v='low' />
    <tag k='type' v='curbstone' />
  </way>
  <way id='-125790'>
    <nd ref='-140095' />
    <nd ref='-140094' />
    <nd ref='-140093' />
    <tag k='subtype' v='low' />
    <tag k='type' v='curbstone' />
  </way>
  <way id='-125791'>
    <nd ref='-139954' />
    <nd ref='-139953' />
    <nd ref='-139952' />
    <nd ref='-139951' />
    <nd ref='-139950' />
    <nd ref='-139949' />
    <nd ref='-139948' />
    <nd ref='-139947' />
    <nd ref='-139946' />
    <tag k='type' v='virtual' />
  </way>
  <way id='-125792'>
    <nd ref='-140100' />
    <nd ref='-140099' />
    <nd ref='-140098' />
    <nd ref='-140097' />
    <nd ref='-140096' />
    <nd ref='-140095' />
    <tag k='subtype' v='low' />
    <tag k='type' v='curbstone' />
  </way>
  <way id='-125793'>
    <nd ref='-140020' />
    <nd ref='-140019' />
    <tag k='type' v='virtual' />
  </way>
  <way id='-125794'>
    <nd ref='-139916' />
    <nd ref='-139974' />
    <tag k='subtype' v='solid_solid' />
    <tag k='type' v='stop_line' />
  </way>
  <way id='-125795' action='modify'>
    <nd ref='-139980' />
    <nd ref='-140107' />
    <nd ref='-140108' />
    <nd ref='-140109' />
    <nd ref='-140110' />
    <nd ref='-139916' />
    <tag k='subtype' v='low' />
    <tag k='type' v='curbstone' />
  </way>
  <way id='-125796' action='modify'>
    <nd ref='-140136' />
    <nd ref='-140137' />
    <nd ref='-140119' />
    <nd ref='-140120' />
    <nd ref='-140118' />
    <nd ref='-140138' />
    <nd ref='-139917' />
    <tag k='type' v='curbstone' />
  </way>
  <way id='-125797'>
    <nd ref='-139999' />
    <nd ref='-140000' />
    <nd ref='-140001' />
    <nd ref='-140002' />
    <nd ref='-140129' />
    <nd ref='-140140' />
    <nd ref='-139918' />
    <nd ref='-140128' />
    <tag k='type' v='curbstone' />
  </way>
  <way id='-125798'>
    <nd ref='-139920' />
    <nd ref='-139919' />
    <tag k='subtype' v='dashed' />
    <tag k='type' v='line_thin' />
  </way>
  <way id='-125799'>
    <nd ref='-139922' />
    <nd ref='-139921' />
    <tag k='type' v='guard_rail' />
  </way>
  <way id='-125800'>
    <nd ref='-140131' />
    <nd ref='-139922' />
    <tag k='type' v='guard_rail' />
  </way>
  <way id='-125801'>
    <nd ref='-139973' />
    <nd ref='-139972' />
    <nd ref='-139971' />
    <nd ref='-139977' />
    <nd ref='-139976' />
    <nd ref='-139975' />
    <nd ref='-139974' />
    <tag k='subtype' v='solid' />
    <tag k='type' v='line_thin' />
  </way>
  <way id='-125802'>
    <nd ref='-139936' />
    <nd ref='-139935' />
    <nd ref='-139934' />
    <nd ref='-139923' />
    <nd ref='-139933' />
    <nd ref='-139932' />
    <nd ref='-139931' />
    <nd ref='-139930' />
    <nd ref='-139929' />
    <nd ref='-139928' />
    <nd ref='-139927' />
    <nd ref='-139926' />
    <nd ref='-139925' />
    <nd ref='-139924' />
    <tag k='type' v='virtual' />
  </way>
  <way id='-125803'>
    <nd ref='-139924' />
    <nd ref='-139978' />
    <tag k='subtype' v='dashed' />
    <tag k='type' v='line_thin' />
  </way>
  <way id='-125804'>
    <nd ref='-139945' />
    <nd ref='-139944' />
    <tag k='subtype' v='dashed' />
    <tag k='type' v='line_thin' />
  </way>
  <way id='-125805' action='modify'>
    <nd ref='-139965' />
    <nd ref='-139912' />
    <nd ref='-140095' />
    <tag k='subtype' v='dashed' />
    <tag k='type' v='line_thin' />
  </way>
  <way id='-125806' action='modify'>
    <nd ref='-139946' />
    <nd ref='-140142' />
    <nd ref='-139966' />
    <tag k='subtype' v='dashed' />
    <tag k='type' v='line_thin' />
  </way>
  <way id='-125807'>
    <nd ref='-139960' />
    <nd ref='-139959' />
    <nd ref='-139958' />
    <nd ref='-139957' />
    <nd ref='-139956' />
    <nd ref='-139955' />
    <nd ref='-139954' />
  </way>
  <way id='-125808'>
    <nd ref='-139967' />
    <nd ref='-139946' />
    <tag k='subtype' v='dashed' />
    <tag k='type' v='line_thin' />
  </way>
  <way id='-125809'>
    <nd ref='-139970' />
    <nd ref='-139969' />
    <tag k='subtype' v='dashed' />
    <tag k='type' v='line_thin' />
  </way>
  <way id='-125810'>
    <nd ref='-139974' />
    <nd ref='-139943' />
    <nd ref='-139942' />
    <nd ref='-139941' />
    <nd ref='-139940' />
    <nd ref='-139939' />
    <nd ref='-139938' />
    <nd ref='-139937' />
    <nd ref='-139936' />
  </way>
  <way id='-125811'>
    <nd ref='-139979' />
    <nd ref='-139924' />
    <tag k='subtype' v='dashed' />
    <tag k='type' v='line_thin' />
  </way>
  <way id='-125812'>
    <nd ref='-140084' />
    <nd ref='-139905' />
    <nd ref='-140083' />
    <tag k='name' v='bench_line' />
    <tag k='type' v='guard_rail' />
  </way>
  <way id='-125813' action='modify'>
    <nd ref='-140004' />
    <nd ref='-140470' />
    <nd ref='-140469' />
    <nd ref='-140468' />
    <nd ref='-140003' />
    <tag k='type' v='virtual' />
  </way>
  <way id='-125814'>
    <nd ref='-140006' />
    <nd ref='-140005' />
    <tag k='type' v='virtual' />
  </way>
  <way id='-125815' action='modify'>
    <nd ref='-140008' />
    <nd ref='-140007' />
    <tag k='location' v='urban' />
    <tag k='name' v='E_ex_2:gap' />
    <tag k='one_way' v='yes' />
    <tag k='region' v='cn' />
    <tag k='subtype' v='road' />
    <tag k='type' v='lanelet' />
  </way>
  <way id='-125816' action='modify'>
    <nd ref='-140010' />
    <nd ref='-140472' />
    <nd ref='-140471' />
    <nd ref='-140009' />
    <tag k='location' v='urban' />
    <tag k='name' v='E_ex_2:gap' />
    <tag k='one_way' v='yes' />
    <tag k='region' v='cn' />
    <tag k='subtype' v='road' />
    <tag k='type' v='lanelet' />
  </way>
  <way id='-125817' action='modify'>
    <nd ref='-140012' />
    <nd ref='-140465' />
    <nd ref='-140467' />
    <nd ref='-140011' />
    <tag k='type' v='virtual' />
  </way>
  <way id='-125818'>
    <nd ref='-140014' />
    <nd ref='-140013' />
    <tag k='type' v='virtual' />
  </way>
  <way id='-125819'>
    <nd ref='-140016' />
    <nd ref='-140015' />
    <tag k='type' v='virtual' />
  </way>
  <way id='-125820' action='modify'>
    <nd ref='-140018' />
    <nd ref='-140462' />
    <nd ref='-140463' />
    <nd ref='-140464' />
    <nd ref='-140017' />
    <tag k='type' v='virtual' />
  </way>
  <way id='-125821'>
    <nd ref='-140022' />
    <nd ref='-140021' />
    <tag k='type' v='virtual' />
  </way>
  <way id='-125822'>
    <nd ref='-139984' />
    <nd ref='-140024' />
    <nd ref='-140023' />
    <tag k='subtype' v='solid' />
    <tag k='type' v='line_thin' />
  </way>
  <way id='-125823'>
    <nd ref='-139983' />
    <nd ref='-140025' />
    <nd ref='-140079' />
    <tag k='subtype' v='solid' />
    <tag k='type' v='line_thin' />
  </way>
  <way id='-125824'>
    <nd ref='-139990' />
    <nd ref='-139991' />
    <nd ref='-139992' />
    <nd ref='-140026' />
    <nd ref='-140029' />
    <tag k='subtype' v='solid' />
    <tag k='type' v='line_thin' />
  </way>
  <way id='-125825'>
    <nd ref='-139985' />
    <nd ref='-139986' />
    <nd ref='-139987' />
    <nd ref='-140028' />
    <nd ref='-140027' />
    <tag k='subtype' v='solid' />
    <tag k='type' v='line_thin' />
  </way>
  <way id='-125826'>
    <nd ref='-140029' />
    <nd ref='-140027' />
    <nd ref='-140031' />
    <tag k='subtype' v='solid' />
    <tag k='type' v='stop_line' />
  </way>
  <way id='-125827'>
    <nd ref='-140031' />
    <nd ref='-140030' />
    <nd ref='-139989' />
    <nd ref='-139988' />
    <tag k='type' v='guard_rail' />
  </way>
  <way id='-125828'>
    <nd ref='-140054' />
    <nd ref='-140053' />
    <nd ref='-140052' />
    <nd ref='-140051' />
    <nd ref='-140050' />
    <nd ref='-140049' />
    <nd ref='-140048' />
    <nd ref='-140047' />
    <nd ref='-140046' />
    <nd ref='-140045' />
    <nd ref='-140044' />
    <nd ref='-140043' />
    <nd ref='-140042' />
    <nd ref='-140041' />
    <nd ref='-140040' />
    <nd ref='-140039' />
    <nd ref='-140038' />
    <nd ref='-140037' />
    <nd ref='-140036' />
    <nd ref='-140035' />
    <nd ref='-140034' />
    <nd ref='-140033' />
    <nd ref='-140032' />
    <nd ref='-140054' />
    <tag k='type' v='curbstone' />
  </way>
  <way id='-125829'>
    <nd ref='-140070' />
    <nd ref='-140069' />
    <nd ref='-140068' />
    <nd ref='-140067' />
    <nd ref='-140066' />
    <nd ref='-140065' />
    <nd ref='-140064' />
    <nd ref='-140063' />
    <nd ref='-140062' />
    <nd ref='-140079' />
    <nd ref='-140061' />
    <nd ref='-140060' />
    <nd ref='-140013' />
    <nd ref='-140059' />
    <nd ref='-140058' />
    <nd ref='-140057' />
    <nd ref='-140056' />
    <nd ref='-140055' />
    <nd ref='-140070' />
    <tag k='type' v='curbstone' />
  </way>
  <way id='-125830' action='modify'>
    <nd ref='-140071' />
    <nd ref='-140072' />
    <tag k='subtype' v='solid' />
    <tag k='type' v='line_thin' />
  </way>
  <way id='-125831' action='modify'>
    <nd ref='-140073' />
    <nd ref='-140074' />
    <tag k='subtype' v='solid' />
    <tag k='type' v='line_thin' />
  </way>
  <way id='-125832'>
    <nd ref='-140076' />
    <nd ref='-140075' />
    <tag k='subtype' v='solid' />
    <tag k='type' v='line_thin' />
  </way>
  <way id='-125833'>
    <nd ref='-140078' />
    <nd ref='-140077' />
    <tag k='subtype' v='solid' />
    <tag k='type' v='line_thin' />
  </way>
  <way id='-125834'>
    <nd ref='-140079' />
    <nd ref='-140023' />
    <nd ref='-140081' />
    <tag k='subtype' v='solid' />
    <tag k='type' v='stop_line' />
  </way>
  <way id='-125835'>
    <nd ref='-140081' />
    <nd ref='-140080' />
    <nd ref='-139982' />
    <tag k='type' v='guard_rail' />
  </way>
  <way id='-125836'>
    <nd ref='-140082' />
    <nd ref='-140131' />
    <tag k='type' v='guard_rail' />
  </way>
  <way id='-125837'>
    <nd ref='-140131' />
    <nd ref='-140072' />
    <nd ref='-140074' />
    <nd ref='-139917' />
    <tag k='subtype' v='solid' />
    <tag k='type' v='stop_line' />
  </way>
  <way id='-125838'>
    <nd ref='-140083' />
    <nd ref='-140077' />
    <nd ref='-140075' />
    <nd ref='-140135' />
    <tag k='subtype' v='solid' />
    <tag k='type' v='stop_line' />
  </way>
  <way id='-125839'>
    <nd ref='-139993' />
    <nd ref='-139994' />
    <nd ref='-139995' />
    <nd ref='-139996' />
    <nd ref='-139997' />
    <nd ref='-139998' />
    <nd ref='-140106' />
    <nd ref='-140105' />
    <nd ref='-140104' />
    <nd ref='-140103' />
    <tag k='subtype' v='low' />
    <tag k='type' v='curbstone' />
  </way>
  <way id='-125840' action='modify'>
    <nd ref='-139915' />
    <nd ref='-140113' />
    <nd ref='-140114' />
    <nd ref='-140115' />
    <nd ref='-139911' />
    <nd ref='-139944' />
    <tag k='subtype' v='low' />
    <tag k='type' v='curbstone' />
  </way>
  <way id='-125841'>
    <nd ref='-140135' />
    <nd ref='-140134' />
    <nd ref='-140089' />
    <nd ref='-140133' />
    <nd ref='-140088' />
    <nd ref='-140132' />
    <nd ref='-139908' />
    <tag k='name' v='S_0:E_4' />
    <tag k='subtype' v='low' />
    <tag k='type' v='curbstone' />
  </way>
  <way id='-125842' action='modify'>
    <nd ref='-139917' />
    <nd ref='-140121' />
    <nd ref='-140123' />
    <nd ref='-140122' />
    <nd ref='-140139' />
    <nd ref='-140124' />
    <nd ref='-140127' />
    <nd ref='-140125' />
    <nd ref='-140130' />
    <nd ref='-140126' />
    <nd ref='-140128' />
    <tag k='name' v='N_0:W_4' />
    <tag k='type' v='curbstone' />
  </way>
  <way id='-126183' action='modify'>
    <nd ref='-140083' />
    <nd ref='-140462' />
  </way>
  <way id='-126186' action='modify'>
    <nd ref='-140077' />
    <nd ref='-140463' />
  </way>
  <way id='-126189' action='modify'>
    <nd ref='-140083' />
    <nd ref='-140462' />
  </way>
  <way id='-126190' action='modify'>
    <nd ref='-140075' />
    <nd ref='-140464' />
  </way>
  <way id='-126193' action='modify'>
    <nd ref='-140135' />
    <nd ref='-140017' />
  </way>
  <way id='-126194' action='modify'>
    <nd ref='-140081' />
    <nd ref='-140465' />
  </way>
  <way id='-126201' action='modify'>
    <nd ref='-140023' />
    <nd ref='-140467' />
  </way>
  <way id='-126204' action='modify'>
    <nd ref='-140079' />
    <nd ref='-140011' />
  </way>
  <way id='-126205' action='modify'>
    <nd ref='-140131' />
    <nd ref='-140468' />
  </way>
  <way id='-126208' action='modify'>
    <nd ref='-140072' />
    <nd ref='-140469' />
  </way>
  <way id='-126211' action='modify'>
    <nd ref='-140074' />
    <nd ref='-140470' />
  </way>
  <way id='-126214' action='modify'>
    <nd ref='-139917' />
    <nd ref='-140004' />
  </way>
  <way id='-126215' action='modify'>
    <nd ref='-140031' />
    <nd ref='-140471' />
  </way>
  <way id='-126218' action='modify'>
    <nd ref='-140027' />
    <nd ref='-140472' />
  </way>
  <way id='-126221' action='modify'>
    <nd ref='-140029' />
    <nd ref='-140010' />
  </way>
  <way id='-126299' action='modify'>
    <nd ref='-140558' />
    <nd ref='-140557' />
    <nd ref='-140556' />
    <nd ref='-140555' />
    <tag k='type' v='guard_rail' />
  </way>
  <way id='-126307' action='modify'>
    <nd ref='-140568' />
    <nd ref='-140567' />
    <nd ref='-140566' />
    <tag k='type' v='guard_rail' />
  </way>
  <way id='1013' action='modify' version='1'>
    <nd ref='-140031' />
    <nd ref='1000' />
    <nd ref='1001' />
    <nd ref='1002' />
    <nd ref='1003' />
    <nd ref='1004' />
    <nd ref='1005' />
    <nd ref='1006' />
    <nd ref='1007' />
    <nd ref='1008' />
    <nd ref='1009' />
    <nd ref='1010' />
    <nd ref='1011' />
    <nd ref='1012' />
    <nd ref='-140468' />
    <nd ref='-140131' />
    <tag k='link' v='W_2:N_3' />
    <tag k='type' v='virtual' />
  </way>
  <way id='1029' version='1'>
    <nd ref='-140027' />
    <nd ref='1014' />
    <nd ref='1015' />
    <nd ref='1016' />
    <nd ref='1017' />
    <nd ref='1018' />
    <nd ref='1019' />
    <nd ref='1020' />
    <nd ref='1021' />
    <nd ref='1022' />
    <nd ref='1023' />
    <nd ref='1024' />
    <nd ref='1025' />
    <nd ref='1026' />
    <nd ref='1027' />
    <nd ref='1028' />
    <nd ref='-139979' />
    <tag k='link' v='W_1:N_4' />
    <tag k='type' v='virtual' />
  </way>
  <way id='1045' version='1'>
    <nd ref='-140031' />
    <nd ref='1031' />
    <nd ref='1032' />
    <nd ref='1033' />
    <nd ref='1034' />
    <nd ref='1035' />
    <nd ref='1036' />
    <nd ref='1037' />
    <nd ref='1038' />
    <nd ref='1039' />
    <nd ref='1040' />
    <nd ref='1041' />
    <nd ref='1042' />
    <nd ref='1043' />
    <nd ref='1044' />
    <nd ref='-139979' />
    <tag k='link' v='W_2:N_4' />
    <tag k='type' v='virtual' />
  </way>
  <way id='1062' version='1'>
    <nd ref='-140027' />
    <nd ref='1046' />
    <nd ref='1047' />
    <nd ref='1048' />
    <nd ref='1049' />
    <nd ref='1050' />
    <nd ref='1051' />
    <nd ref='1052' />
    <nd ref='1053' />
    <nd ref='1054' />
    <nd ref='1055' />
    <nd ref='1056' />
    <nd ref='1057' />
    <nd ref='1058' />
    <nd ref='1059' />
    <nd ref='1060' />
    <nd ref='1061' />
    <nd ref='-139945' />
    <tag k='link' v='W_1:N_5' />
    <tag k='type' v='virtual' />
  </way>
  <way id='1077' action='modify' version='1'>
    <nd ref='-140081' />
    <nd ref='1064' />
    <nd ref='1065' />
    <nd ref='1066' />
    <nd ref='1067' />
    <nd ref='1068' />
    <nd ref='1069' />
    <nd ref='1070' />
    <nd ref='1071' />
    <nd ref='1072' />
    <nd ref='1073' />
    <nd ref='1074' />
    <nd ref='1075' />
    <nd ref='1076' />
    <nd ref='-140462' />
    <nd ref='-140083' />
    <tag k='link' v='E_2:S_3' />
    <tag k='type' v='virtual' />
  </way>
  <way id='1093' version='1'>
    <nd ref='-140023' />
    <nd ref='1078' />
    <nd ref='1079' />
    <nd ref='1080' />
    <nd ref='1081' />
    <nd ref='1082' />
    <nd ref='1083' />
    <nd ref='1084' />
    <nd ref='1085' />
    <nd ref='1086' />
    <nd ref='1087' />
    <nd ref='1088' />
    <nd ref='1089' />
    <nd ref='1090' />
    <nd ref='1091' />
    <nd ref='1092' />
    <nd ref='-139967' />
    <tag k='link' v='E_1:S_4' />
    <tag k='type' v='virtual' />
  </way>
  <way id='1109' version='1'>
    <nd ref='-140081' />
    <nd ref='1095' />
    <nd ref='1096' />
    <nd ref='1097' />
    <nd ref='1098' />
    <nd ref='1099' />
    <nd ref='1100' />
    <nd ref='1101' />
    <nd ref='1102' />
    <nd ref='1103' />
    <nd ref='1104' />
    <nd ref='1105' />
    <nd ref='1106' />
    <nd ref='1107' />
    <nd ref='1108' />
    <nd ref='-139967' />
    <tag k='link' v='E_2:S_4' />
    <tag k='type' v='virtual' />
  </way>
  <way id='1126' version='1'>
    <nd ref='-140023' />
    <nd ref='1110' />
    <nd ref='1111' />
    <nd ref='1112' />
    <nd ref='1113' />
    <nd ref='1114' />
    <nd ref='1115' />
    <nd ref='1116' />
    <nd ref='1117' />
    <nd ref='1118' />
    <nd ref='1119' />
    <nd ref='1120' />
    <nd ref='1121' />
    <nd ref='1122' />
    <nd ref='1123' />
    <nd ref='1124' />
    <nd ref='1125' />
    <nd ref='-139965' />
    <tag k='link' v='E_1:S_5' />
    <tag k='type' v='virtual' />
  </way>
  <way id='1138' version='1'>
    <nd ref='-140083' />
    <nd ref='1128' />
    <nd ref='1129' />
    <nd ref='1130' />
    <nd ref='1131' />
    <nd ref='1132' />
    <nd ref='1133' />
    <nd ref='1134' />
    <nd ref='1135' />
    <nd ref='1136' />
    <nd ref='1137' />
    <nd ref='-140031' />
    <tag k='link' v='S_3:W_2' />
    <tag k='type' v='virtual' />
  </way>
  <way id='1152' version='1'>
    <nd ref='-140077' />
    <nd ref='1139' />
    <nd ref='1140' />
    <nd ref='1141' />
    <nd ref='1142' />
    <nd ref='1143' />
    <nd ref='1144' />
    <nd ref='1145' />
    <nd ref='1146' />
    <nd ref='1147' />
    <nd ref='1148' />
    <nd ref='1149' />
    <nd ref='1150' />
    <nd ref='1151' />
    <nd ref='-139920' />
    <tag k='link' v='S_2:W_3' />
    <tag k='type' v='virtual' />
  </way>
  <way id='1166' version='1'>
    <nd ref='-140083' />
    <nd ref='1154' />
    <nd ref='1155' />
    <nd ref='1156' />
    <nd ref='1157' />
    <nd ref='1158' />
    <nd ref='1159' />
    <nd ref='1160' />
    <nd ref='1161' />
    <nd ref='1162' />
    <nd ref='1163' />
    <nd ref='1164' />
    <nd ref='1165' />
    <nd ref='-139920' />
    <tag k='link' v='S_3:W_3' />
    <tag k='type' v='virtual' />
  </way>
  <way id='1182' version='1'>
    <nd ref='-140077' />
    <nd ref='1167' />
    <nd ref='1168' />
    <nd ref='1169' />
    <nd ref='1170' />
    <nd ref='1171' />
    <nd ref='1172' />
    <nd ref='1173' />
    <nd ref='1174' />
    <nd ref='1175' />
    <nd ref='1176' />
    <nd ref='1177' />
    <nd ref='1178' />
    <nd ref='1179' />
    <nd ref='1180' />
    <nd ref='1181' />
    <nd ref='-140128' />
    <tag k='link' v='S_2:W_4' />
    <tag k='type' v='virtual' />
  </way>
  <way id='1195' version='1'>
    <nd ref='-140131' />
    <nd ref='1184' />
    <nd ref='1185' />
    <nd ref='1186' />
    <nd ref='1187' />
    <nd ref='1188' />
    <nd ref='1189' />
    <nd ref='1190' />
    <nd ref='1191' />
    <nd ref='1192' />
    <nd ref='1193' />
    <nd ref='1194' />
    <nd ref='-140081' />
    <tag k='link' v='N_3:E_2' />
    <tag k='type' v='virtual' />
  </way>
  <way id='1209' version='1'>
    <nd ref='-140072' />
    <nd ref='1196' />
    <nd ref='1197' />
    <nd ref='1198' />
    <nd ref='1199' />
    <nd ref='1200' />
    <nd ref='1201' />
    <nd ref='1202' />
    <nd ref='1203' />
    <nd ref='1204' />
    <nd ref='1205' />
    <nd ref='1206' />
    <nd ref='1207' />
    <nd ref='1208' />
    <nd ref='-139970' />
    <tag k='link' v='N_2:E_3' />
    <tag k='type' v='virtual' />
  </way>
  <way id='1223' version='1'>
    <nd ref='-140131' />
    <nd ref='1211' />
    <nd ref='1212' />
    <nd ref='1213' />
    <nd ref='1214' />
    <nd ref='1215' />
    <nd ref='1216' />
    <nd ref='1217' />
    <nd ref='1218' />
    <nd ref='1219' />
    <nd ref='1220' />
    <nd ref='1221' />
    <nd ref='1222' />
    <nd ref='-139970' />
    <tag k='link' v='N_3:E_3' />
    <tag k='type' v='virtual' />
  </way>
  <way id='1239' version='1'>
    <nd ref='-140072' />
    <nd ref='1224' />
    <nd ref='1225' />
    <nd ref='1226' />
    <nd ref='1227' />
    <nd ref='1228' />
    <nd ref='1229' />
    <nd ref='1230' />
    <nd ref='1231' />
    <nd ref='1232' />
    <nd ref='1233' />
    <nd ref='1234' />
    <nd ref='1235' />
    <nd ref='1236' />
    <nd ref='1237' />
    <nd ref='1238' />
    <nd ref='-139908' />
    <tag k='link' v='N_2:E_4' />
    <tag k='type' v='virtual' />
  </way>
  <way id='1258' action='modify' version='1'>
    <nd ref='-140031' />
    <nd ref='-140471' />
    <nd ref='1241' />
    <nd ref='1242' />
    <nd ref='1243' />
    <nd ref='1244' />
    <nd ref='1245' />
    <nd ref='1246' />
    <nd ref='1247' />
    <nd ref='1248' />
    <nd ref='1249' />
    <nd ref='1250' />
    <nd ref='1251' />
    <nd ref='1252' />
    <nd ref='1253' />
    <nd ref='1254' />
    <nd ref='1255' />
    <nd ref='1256' />
    <nd ref='1257' />
    <nd ref='-140465' />
    <nd ref='-140081' />
    <tag k='link' v='W_2:E_2' />
    <tag k='type' v='virtual' />
  </way>
  <way id='1276' action='modify' version='1'>
    <nd ref='-140027' />
    <nd ref='-140472' />
    <nd ref='1259' />
    <nd ref='1260' />
    <nd ref='1261' />
    <nd ref='1262' />
    <nd ref='1263' />
    <nd ref='1264' />
    <nd ref='1265' />
    <nd ref='1266' />
    <nd ref='1267' />
    <nd ref='1268' />
    <nd ref='1269' />
    <nd ref='1270' />
    <nd ref='1271' />
    <nd ref='1272' />
    <nd ref='1273' />
    <nd ref='1274' />
    <nd ref='1275' />
    <nd ref='-139970' />
    <tag k='link' v='W_1:E_3' />
    <tag k='type' v='virtual' />
  </way>
  <way id='1295' version='1'>
    <nd ref='-140029' />
    <nd ref='1278' />
    <nd ref='1279' />
    <nd ref='1280' />
    <nd ref='1281' />
    <nd ref='1282' />
    <nd ref='1283' />
    <nd ref='1284' />
    <nd ref='1285' />
    <nd ref='1286' />
    <nd ref='1287' />
    <nd ref='1288' />
    <nd ref='1289' />
    <nd ref='1290' />
    <nd ref='1291' />
    <nd ref='1292' />
    <nd ref='1293' />
    <nd ref='1294' />
    <nd ref='-139908' />
    <tag k='link' v='W_0:E_4' />
    <tag k='type' v='virtual' />
  </way>
  <way id='1314' version='1'>
    <nd ref='-140023' />
    <nd ref='1297' />
    <nd ref='1298' />
    <nd ref='1299' />
    <nd ref='1300' />
    <nd ref='1301' />
    <nd ref='1302' />
    <nd ref='1303' />
    <nd ref='1304' />
    <nd ref='1305' />
    <nd ref='1306' />
    <nd ref='1307' />
    <nd ref='1308' />
    <nd ref='1309' />
    <nd ref='1310' />
    <nd ref='1311' />
    <nd ref='1312' />
    <nd ref='1313' />
    <nd ref='-140031' />
    <tag k='link' v='E_1:W_2' />
    <tag k='type' v='virtual' />
  </way>
  <way id='1332' version='1'>
    <nd ref='-140079' />
    <nd ref='1315' />
    <nd ref='1316' />
    <nd ref='1317' />
    <nd ref='1318' />
    <nd ref='1319' />
    <nd ref='1320' />
    <nd ref='1321' />
    <nd ref='1322' />
    <nd ref='1323' />
    <nd ref='1324' />
    <nd ref='1325' />
    <nd ref='1326' />
    <nd ref='1327' />
    <nd ref='1328' />
    <nd ref='1329' />
    <nd ref='1330' />
    <nd ref='1331' />
    <nd ref='-139920' />
    <tag k='link' v='E_0:W_3' />
    <tag k='type' v='virtual' />
  </way>
  <way id='1351' action='modify' version='1'>
    <nd ref='-140023' />
    <nd ref='-140467' />
    <nd ref='1334' />
    <nd ref='1335' />
    <nd ref='1336' />
    <nd ref='1337' />
    <nd ref='1338' />
    <nd ref='1339' />
    <nd ref='1340' />
    <nd ref='1341' />
    <nd ref='1342' />
    <nd ref='1343' />
    <nd ref='1344' />
    <nd ref='1345' />
    <nd ref='1346' />
    <nd ref='1347' />
    <nd ref='1348' />
    <nd ref='1349' />
    <nd ref='1350' />
    <nd ref='-139920' />
    <tag k='link' v='E_1:W_3' />
    <tag k='type' v='virtual' />
  </way>
  <way id='1369' version='1'>
    <nd ref='-140079' />
    <nd ref='1352' />
    <nd ref='1353' />
    <nd ref='1354' />
    <nd ref='1355' />
    <nd ref='1356' />
    <nd ref='1357' />
    <nd ref='1358' />
    <nd ref='1359' />
    <nd ref='1360' />
    <nd ref='1361' />
    <nd ref='1362' />
    <nd ref='1363' />
    <nd ref='1364' />
    <nd ref='1365' />
    <nd ref='1366' />
    <nd ref='1367' />
    <nd ref='1368' />
    <nd ref='-140128' />
    <tag k='link' v='E_0:W_4' />
    <tag k='type' v='virtual' />
  </way>
  <way id='1387' version='1'>
    <nd ref='-140077' />
    <nd ref='1371' />
    <nd ref='1372' />
    <nd ref='1373' />
    <nd ref='1374' />
    <nd ref='1375' />
    <nd ref='1376' />
    <nd ref='1377' />
    <nd ref='1378' />
    <nd ref='1379' />
    <nd ref='1380' />
    <nd ref='1381' />
    <nd ref='1382' />
    <nd ref='1383' />
    <nd ref='1384' />
    <nd ref='1385' />
    <nd ref='1386' />
    <nd ref='-140131' />
    <tag k='link' v='S_2:N_3' />
    <tag k='type' v='virtual' />
  </way>
  <way id='1404' version='1'>
    <nd ref='-140075' />
    <nd ref='1388' />
    <nd ref='1389' />
    <nd ref='1390' />
    <nd ref='1391' />
    <nd ref='1392' />
    <nd ref='1393' />
    <nd ref='1394' />
    <nd ref='1395' />
    <nd ref='1396' />
    <nd ref='1397' />
    <nd ref='1398' />
    <nd ref='1399' />
    <nd ref='1400' />
    <nd ref='1401' />
    <nd ref='1402' />
    <nd ref='1403' />
    <nd ref='-139979' />
    <tag k='link' v='S_1:N_4' />
    <tag k='type' v='virtual' />
  </way>
  <way id='1422' action='modify' version='1'>
    <nd ref='-140077' />
    <nd ref='-140463' />
    <nd ref='1406' />
    <nd ref='1407' />
    <nd ref='1408' />
    <nd ref='1409' />
    <nd ref='1410' />
    <nd ref='1411' />
    <nd ref='1412' />
    <nd ref='1413' />
    <nd ref='1414' />
    <nd ref='1415' />
    <nd ref='1416' />
    <nd ref='1417' />
    <nd ref='1418' />
    <nd ref='1419' />
    <nd ref='1420' />
    <nd ref='1421' />
    <nd ref='-139979' />
    <tag k='link' v='S_2:N_4' />
    <tag k='type' v='virtual' />
  </way>
  <way id='1439' action='modify' version='1'>
    <nd ref='-140075' />
    <nd ref='-140464' />
    <nd ref='1423' />
    <nd ref='1424' />
    <nd ref='1425' />
    <nd ref='1426' />
    <nd ref='1427' />
    <nd ref='1428' />
    <nd ref='1429' />
    <nd ref='1430' />
    <nd ref='1431' />
    <nd ref='1432' />
    <nd ref='1433' />
    <nd ref='1434' />
    <nd ref='1435' />
    <nd ref='1436' />
    <nd ref='1437' />
    <nd ref='1438' />
    <nd ref='-139945' />
    <tag k='link' v='S_1:N_5' />
    <tag k='type' v='virtual' />
  </way>
  <way id='1457' version='1'>
    <nd ref='-140072' />
    <nd ref='1441' />
    <nd ref='1442' />
    <nd ref='1443' />
    <nd ref='1444' />
    <nd ref='1445' />
    <nd ref='1446' />
    <nd ref='1447' />
    <nd ref='1448' />
    <nd ref='1449' />
    <nd ref='1450' />
    <nd ref='1451' />
    <nd ref='1452' />
    <nd ref='1453' />
    <nd ref='1454' />
    <nd ref='1455' />
    <nd ref='1456' />
    <nd ref='-140083' />
    <tag k='link' v='N_2:S_3' />
    <tag k='type' v='virtual' />
  </way>
  <way id='1474' version='1'>
    <nd ref='-140074' />
    <nd ref='1458' />
    <nd ref='1459' />
    <nd ref='1460' />
    <nd ref='1461' />
    <nd ref='1462' />
    <nd ref='1463' />
    <nd ref='1464' />
    <nd ref='1465' />
    <nd ref='1466' />
    <nd ref='1467' />
    <nd ref='1468' />
    <nd ref='1469' />
    <nd ref='1470' />
    <nd ref='1471' />
    <nd ref='1472' />
    <nd ref='1473' />
    <nd ref='-139967' />
    <tag k='link' v='N_1:S_4' />
    <tag k='type' v='virtual' />
  </way>
  <way id='1492' action='modify' version='1'>
    <nd ref='-140072' />
    <nd ref='-140469' />
    <nd ref='1476' />
    <nd ref='1477' />
    <nd ref='1478' />
    <nd ref='1479' />
    <nd ref='1480' />
    <nd ref='1481' />
    <nd ref='1482' />
    <nd ref='1483' />
    <nd ref='1484' />
    <nd ref='1485' />
    <nd ref='1486' />
    <nd ref='1487' />
    <nd ref='1488' />
    <nd ref='1489' />
    <nd ref='1490' />
    <nd ref='1491' />
    <nd ref='-139967' />
    <tag k='link' v='N_2:S_4' />
    <tag k='type' v='virtual' />
  </way>
  <way id='1509' action='modify' version='1'>
    <nd ref='-140074' />
    <nd ref='-140470' />
    <nd ref='1493' />
    <nd ref='1494' />
    <nd ref='1495' />
    <nd ref='1496' />
    <nd ref='1497' />
    <nd ref='1498' />
    <nd ref='1499' />
    <nd ref='1500' />
    <nd ref='1501' />
    <nd ref='1502' />
    <nd ref='1503' />
    <nd ref='1504' />
    <nd ref='1505' />
    <nd ref='1506' />
    <nd ref='1507' />
    <nd ref='1508' />
    <nd ref='-139965' />
    <tag k='link' v='N_1:S_5' />
    <tag k='type' v='virtual' />
  </way>
  <way id='1521' version='1'>
    <nd ref='-140075' />
    <nd ref='1511' />
    <nd ref='1512' />
    <nd ref='1513' />
    <nd ref='1514' />
    <nd ref='1515' />
    <nd ref='1516' />
    <nd ref='1517' />
    <nd ref='1518' />
    <nd ref='1519' />
    <nd ref='1520' />
    <nd ref='-139970' />
    <tag k='link' v='S_1:E_3' />
    <tag k='type' v='virtual' />
  </way>
  <way id='1533' version='1'>
    <nd ref='-140074' />
    <nd ref='1523' />
    <nd ref='1524' />
    <nd ref='1525' />
    <nd ref='1526' />
    <nd ref='1527' />
    <nd ref='1528' />
    <nd ref='1529' />
    <nd ref='1530' />
    <nd ref='1531' />
    <nd ref='1532' />
    <nd ref='-139920' />
    <tag k='link' v='N_1:W_3' />
    <tag k='type' v='virtual' />
  </way>
  <relation id='-101467'>
    <member type='way' ref='-125807' role='left' />
    <member type='way' ref='-125784' role='right' />
    <tag k='location' v='urban' />
    <tag k='one_way' v='yes' />
    <tag k='region' v='cn' />
    <tag k='subtype' v='road' />
    <tag k='type' v='lanelet' />
  </relation>
  <relation id='-101468'>
    <member type='way' ref='-125785' role='left' />
    <member type='way' ref='-125839' role='right' />
    <tag k='location' v='urban' />
    <tag k='one_way' v='yes' />
    <tag k='region' v='cn' />
    <tag k='subtype' v='road' />
    <tag k='type' v='lanelet' />
  </relation>
  <relation id='-101469' action='modify'>
    <member type='way' ref='-125825' role='left' />
    <member type='way' ref='-125824' role='right' />
    <tag k='location' v='urban' />
    <tag k='name' v='R3In2' />
    <tag k='one_way' v='yes' />
    <tag k='region' v='cn' />
    <tag k='subtype' v='road' />
    <tag k='type' v='lanelet' />
  </relation>
  <relation id='-101470' action='modify'>
    <member type='way' ref='-126299' role='left' />
    <member type='way' ref='-125825' role='right' />
    <tag k='location' v='urban' />
    <tag k='name' v='R3In1' />
    <tag k='one_way' v='yes' />
    <tag k='region' v='cn' />
    <tag k='subtype' v='road' />
    <tag k='type' v='lanelet' />
  </relation>
  <relation id='-101471' action='modify'>
    <member type='way' ref='-125827' role='left' />
    <member type='way' ref='-125798' role='right' />
    <tag k='location' v='urban' />
    <tag k='name' v='R3Out1' />
    <tag k='one_way' v='yes' />
    <tag k='region' v='cn' />
    <tag k='subtype' v='road' />
    <tag k='type' v='lanelet' />
  </relation>
  <relation id='-101472' action='modify'>
    <member type='way' ref='-125798' role='left' />
    <member type='way' ref='-125797' role='right' />
    <tag k='location' v='urban' />
    <tag k='name' v='R3Out2' />
    <tag k='one_way' v='yes' />
    <tag k='region' v='cn' />
    <tag k='subtype' v='road' />
    <tag k='type' v='lanelet' />
  </relation>
  <relation id='-101473' action='modify'>
    <member type='way' ref='-125831' role='left' />
    <member type='way' ref='-125796' role='right' />
    <tag k='location' v='urban' />
    <tag k='name' v='R2In3' />
    <tag k='one_way' v='yes' />
    <tag k='region' v='cn' />
    <tag k='subtype' v='road' />
    <tag k='type' v='lanelet' />
  </relation>
  <relation id='-101474' action='modify'>
    <member type='way' ref='-125830' role='left' />
    <member type='way' ref='-125831' role='right' />
    <tag k='location' v='urban' />
    <tag k='name' v='R2In2' />
    <tag k='one_way' v='yes' />
    <tag k='region' v='cn' />
    <tag k='subtype' v='road' />
    <tag k='type' v='lanelet' />
  </relation>
  <relation id='-101475' action='modify'>
    <member type='way' ref='-125836' role='left' />
    <member type='way' ref='-125830' role='right' />
    <tag k='location' v='urban' />
    <tag k='name' v='R2In1' />
    <tag k='one_way' v='yes' />
    <tag k='region' v='cn' />
    <tag k='subtype' v='road' />
    <tag k='type' v='lanelet' />
  </relation>
  <relation id='-101476' action='modify'>
    <member type='way' ref='-125803' role='left' />
    <member type='way' ref='-125788' role='right' />
    <tag k='location' v='urban' />
    <tag k='name' v='R2Out2' />
    <tag k='one_way' v='yes' />
    <tag k='region' v='cn' />
    <tag k='subtype' v='road' />
    <tag k='type' v='lanelet' />
  </relation>
  <relation id='-101477' action='modify'>
    <member type='way' ref='-125799' role='left' />
    <member type='way' ref='-125803' role='right' />
    <tag k='location' v='urban' />
    <tag k='name' v='R2Out1' />
    <tag k='one_way' v='yes' />
    <tag k='region' v='cn' />
    <tag k='subtype' v='road' />
    <tag k='type' v='lanelet' />
  </relation>
  <relation id='-101478' action='modify'>
    <member type='way' ref='-125811' role='left' />
    <member type='way' ref='-125804' role='right' />
    <tag k='location' v='urban' />
    <tag k='name' v='R2Out2' />
    <tag k='one_way' v='yes' />
    <tag k='region' v='cn' />
    <tag k='subtype' v='road' />
    <tag k='type' v='lanelet' />
  </relation>
  <relation id='-101479' action='modify'>
    <member type='way' ref='-125800' role='left' />
    <member type='way' ref='-125811' role='right' />
    <tag k='location' v='urban' />
    <tag k='name' v='R2Out2' />
    <tag k='one_way' v='yes' />
    <tag k='region' v='cn' />
    <tag k='subtype' v='road' />
    <tag k='type' v='lanelet' />
  </relation>
  <relation id='-101480'>
    <member type='way' ref='-125802' role='left' />
    <member type='way' ref='-125840' role='right' />
    <tag k='location' v='urban' />
    <tag k='one_way' v='yes' />
    <tag k='region' v='cn' />
    <tag k='subtype' v='road' />
    <tag k='type' v='lanelet' />
  </relation>
  <relation id='-101481'>
    <member type='way' ref='-125810' role='left' />
    <member type='way' ref='-125789' role='right' />
    <tag k='location' v='urban' />
    <tag k='one_way' v='yes' />
    <tag k='region' v='cn' />
    <tag k='subtype' v='road' />
    <tag k='type' v='lanelet' />
  </relation>
  <relation id='-101482' action='modify'>
    <member type='way' ref='-125801' role='left' />
    <member type='way' ref='-125795' role='right' />
    <tag k='location' v='urban' />
    <tag k='name' v='R1Out3' />
    <tag k='one_way' v='yes' />
    <tag k='region' v='cn' />
    <tag k='subtype' v='road' />
    <tag k='type' v='lanelet' />
  </relation>
  <relation id='-101483' action='modify'>
    <member type='way' ref='-125822' role='left' />
    <member type='way' ref='-125823' role='right' />
    <tag k='location' v='urban' />
    <tag k='name' v='R1In2' />
    <tag k='one_way' v='yes' />
    <tag k='region' v='cn' />
    <tag k='subtype' v='road' />
    <tag k='type' v='lanelet' />
  </relation>
  <relation id='-101484' action='modify'>
    <member type='way' ref='-126307' role='left' />
    <member type='way' ref='-125822' role='right' />
    <tag k='location' v='urban' />
    <tag k='name' v='R1In1' />
    <tag k='one_way' v='yes' />
    <tag k='region' v='cn' />
    <tag k='subtype' v='road' />
    <tag k='type' v='lanelet' />
  </relation>
  <relation id='-101485' action='modify'>
    <member type='way' ref='-125835' role='left' />
    <member type='way' ref='-125809' role='right' />
    <tag k='location' v='urban' />
    <tag k='name' v='R1Out1' />
    <tag k='one_way' v='yes' />
    <tag k='region' v='cn' />
    <tag k='subtype' v='road' />
    <tag k='type' v='lanelet' />
  </relation>
  <relation id='-101486' action='modify'>
    <member type='way' ref='-125809' role='left' />
    <member type='way' ref='-125787' role='right' />
    <tag k='location' v='urban' />
    <tag k='name' v='R1Out2' />
    <tag k='one_way' v='yes' />
    <tag k='region' v='cn' />
    <tag k='subtype' v='road' />
    <tag k='type' v='lanelet' />
  </relation>
  <relation id='-101487' action='modify'>
    <member type='way' ref='-125832' role='left' />
    <member type='way' ref='-125786' role='right' />
    <tag k='location' v='urban' />
    <tag k='name' v='R4In3' />
    <tag k='one_way' v='yes' />
    <tag k='region' v='cn' />
    <tag k='subtype' v='road' />
    <tag k='type' v='lanelet' />
  </relation>
  <relation id='-101488' action='modify'>
    <member type='way' ref='-125833' role='left' />
    <member type='way' ref='-125832' role='right' />
    <tag k='location' v='urban' />
    <tag k='name' v='R4In2' />
    <tag k='one_way' v='yes' />
    <tag k='region' v='cn' />
    <tag k='subtype' v='road' />
    <tag k='type' v='lanelet' />
  </relation>
  <relation id='-101489' action='modify'>
    <member type='way' ref='-125812' role='left' />
    <member type='way' ref='-125833' role='right' />
    <tag k='location' v='urban' />
    <tag k='name' v='R4In1' />
    <tag k='one_way' v='yes' />
    <tag k='region' v='cn' />
    <tag k='subtype' v='road' />
    <tag k='type' v='lanelet' />
  </relation>
  <relation id='-101490' action='modify'>
    <member type='way' ref='-125783' role='left' />
    <member type='way' ref='-125808' role='right' />
    <tag k='location' v='urban' />
    <tag k='name' v='R4Out1' />
    <tag k='one_way' v='yes' />
    <tag k='region' v='cn' />
    <tag k='subtype' v='road' />
    <tag k='type' v='lanelet' />
  </relation>
  <relation id='-101491' action='modify'>
    <member type='way' ref='-125782' role='left' />
    <member type='way' ref='-125806' role='right' />
    <tag k='location' v='urban' />
    <tag k='name' v='R4Out1' />
    <tag k='one_way' v='yes' />
    <tag k='region' v='cn' />
    <tag k='subtype' v='road' />
    <tag k='type' v='lanelet' />
  </relation>
  <relation id='-101492' action='modify'>
    <member type='way' ref='-125806' role='left' />
    <member type='way' ref='-125790' role='right' />
    <tag k='location' v='urban' />
    <tag k='name' v='R4Out2' />
    <tag k='one_way' v='yes' />
    <tag k='region' v='cn' />
    <tag k='subtype' v='road' />
    <tag k='type' v='lanelet' />
  </relation>
  <relation id='-101493' action='modify'>
    <member type='way' ref='-125805' role='right' />
    <member type='way' ref='-125808' role='left' />
    <tag k='location' v='urban' />
    <tag k='name' v='R4Out2' />
    <tag k='one_way' v='yes' />
    <tag k='region' v='cn' />
    <tag k='subtype' v='road' />
    <tag k='type' v='lanelet' />
  </relation>
  <relation id='-101494' action='modify'>
    <member type='way' ref='-125791' role='left' />
    <member type='way' ref='-125792' role='right' />
    <tag k='location' v='urban' />
    <tag k='name' v='R4Out3' />
    <tag k='one_way' v='yes' />
    <tag k='region' v='cn' />
    <tag k='subtype' v='road' />
    <tag k='type' v='lanelet' />
  </relation>
  <relation id='-101495'>
    <member type='way' ref='-125829' role='outer' />
    <tag k='subtype' v='traffic_island' />
    <tag k='type' v='multipolygon' />
  </relation>
  <relation id='-101496'>
    <member type='way' ref='-125828' role='outer' />
    <tag k='subtype' v='traffic_island' />
    <tag k='type' v='multipolygon' />
  </relation>
  <relation id='-101819' action='modify'>
    <member type='way' ref='-125815' role='right' />
    <member type='way' ref='-125816' role='left' />
    <tag k='location' v='urban' />
    <tag k='name' v='W_crosswalk' />
    <tag k='one_way' v='no' />
    <tag k='region' v='de' />
    <tag k='subtype' v='crosswalk' />
    <tag k='type' v='lanelet' />
  </relation>
  <relation id='-101833' action='modify'>
    <member type='way' ref='-125813' role='left' />
    <member type='way' ref='-125814' role='right' />
    <tag k='location' v='urban' />
    <tag k='name' v='N_crosswalk' />
    <tag k='one_way' v='no' />
    <tag k='region' v='de' />
    <tag k='subtype' v='crosswalk' />
    <tag k='type' v='lanelet' />
  </relation>
  <relation id='-101837' action='modify'>
    <member type='way' ref='-125818' role='left' />
    <member type='way' ref='-125817' role='right' />
    <tag k='location' v='urban' />
    <tag k='name' v='E_crosswalk' />
    <tag k='one_way' v='no' />
    <tag k='region' v='de' />
    <tag k='subtype' v='crosswalk' />
    <tag k='type' v='lanelet' />
  </relation>
  <relation id='-101841' action='modify'>
    <member type='way' ref='-125820' role='right' />
    <member type='way' ref='-125819' role='left' />
    <tag k='location' v='urban' />
    <tag k='name' v='S_crosswalk' />
    <tag k='one_way' v='no' />
    <tag k='region' v='de' />
    <tag k='subtype' v='crosswalk' />
    <tag k='type' v='lanelet' />
  </relation>
  <relation id='-101846' action='modify'>
    <member type='way' ref='-126189' role='left' />
    <member type='way' ref='-126186' role='right' />
    <tag k='location' v='urban' />
    <tag k='name' v='S_ex_1:gap' />
    <tag k='one_way' v='yes' />
    <tag k='region' v='cn' />
    <tag k='subtype' v='road' />
    <tag k='type' v='lanelet' />
  </relation>
  <relation id='-101854' action='modify'>
    <member type='way' ref='-126190' role='right' />
    <member type='way' ref='-126186' role='left' />
    <tag k='location' v='urban' />
    <tag k='name' v='S_ex_2:gap' />
    <tag k='one_way' v='yes' />
    <tag k='region' v='cn' />
    <tag k='subtype' v='road' />
    <tag k='type' v='lanelet' />
  </relation>
  <relation id='-101857' action='modify'>
    <member type='way' ref='-126193' role='right' />
    <member type='way' ref='-126190' role='left' />
    <tag k='location' v='urban' />
    <tag k='name' v='S_ex_3:gap' />
    <tag k='one_way' v='yes' />
    <tag k='region' v='cn' />
    <tag k='subtype' v='road' />
    <tag k='type' v='lanelet' />
  </relation>
  <relation id='-101861' action='modify'>
    <member type='way' ref='-126201' role='right' />
    <member type='way' ref='-126194' role='left' />
    <tag k='location' v='urban' />
    <tag k='name' v='E_ex_1:gap' />
    <tag k='one_way' v='yes' />
    <tag k='region' v='cn' />
    <tag k='subtype' v='road' />
    <tag k='type' v='lanelet' />
  </relation>
  <relation id='-101864' action='modify'>
    <member type='way' ref='-126204' role='right' />
    <member type='way' ref='-126201' role='left' />
    <tag k='location' v='urban' />
    <tag k='name' v='E_ex_2:gap' />
    <tag k='one_way' v='yes' />
    <tag k='region' v='cn' />
    <tag k='subtype' v='road' />
    <tag k='type' v='lanelet' />
  </relation>
  <relation id='-101868' action='modify'>
    <member type='way' ref='-126208' role='right' />
    <member type='way' ref='-126205' role='left' />
    <tag k='location' v='urban' />
    <tag k='name' v='N_ex_1:gap' />
    <tag k='one_way' v='yes' />
    <tag k='region' v='cn' />
    <tag k='subtype' v='road' />
    <tag k='type' v='lanelet' />
  </relation>
  <relation id='-101871' action='modify'>
    <member type='way' ref='-126211' role='right' />
    <member type='way' ref='-126208' role='left' />
    <tag k='location' v='urban' />
    <tag k='name' v='N_ex_2:gap' />
    <tag k='one_way' v='yes' />
    <tag k='region' v='cn' />
    <tag k='subtype' v='road' />
    <tag k='type' v='lanelet' />
  </relation>
  <relation id='-101874' action='modify'>
    <member type='way' ref='-126214' role='right' />
    <member type='way' ref='-126211' role='left' />
    <tag k='location' v='urban' />
    <tag k='name' v='N_ex_3:gap' />
    <tag k='one_way' v='yes' />
    <tag k='region' v='cn' />
    <tag k='subtype' v='road' />
    <tag k='type' v='lanelet' />
  </relation>
  <relation id='-101878' action='modify'>
    <member type='way' ref='-126218' role='right' />
    <member type='way' ref='-126215' role='left' />
    <tag k='location' v='urban' />
    <tag k='name' v='W_ex_1:gap' />
    <tag k='one_way' v='yes' />
    <tag k='region' v='cn' />
    <tag k='subtype' v='road' />
    <tag k='type' v='lanelet' />
  </relation>
  <relation id='-101881' action='modify'>
    <member type='way' ref='-126221' role='right' />
    <member type='way' ref='-126218' role='left' />
    <tag k='location' v='urban' />
    <tag k='name' v='W_ex_2:gap' />
    <tag k='one_way' v='yes' />
    <tag k='region' v='cn' />
    <tag k='subtype' v='road' />
    <tag k='type' v='lanelet' />
  </relation>
  <relation id='1030' version='1'>
    <member type='way' ref='1013' role='left' />
    <member type='way' ref='1029' role='right' />
    <tag k='name' v='W_EX_1_to_N_EN_1' />
    <tag k='type' v='lanelet' />
  </relation>
  <relation id='1063' version='1'>
    <member type='way' ref='1045' role='left' />
    <member type='way' ref='1062' role='right' />
    <tag k='name' v='W_EX_1_to_N_EN_2' />
    <tag k='type' v='lanelet' />
  </relation>
  <relation id='1094' version='1'>
    <member type='way' ref='1077' role='left' />
    <member type='way' ref='1093' role='right' />
    <tag k='name' v='E_EX_1_to_S_EN_1' />
    <tag k='type' v='lanelet' />
  </relation>
  <relation id='1127' version='1'>
    <member type='way' ref='1109' role='left' />
    <member type='way' ref='1126' role='right' />
    <tag k='name' v='E_EX_1_to_S_EN_2' />
    <tag k='type' v='lanelet' />
  </relation>
  <relation id='1153' version='1'>
    <member type='way' ref='1138' role='left' />
    <member type='way' ref='1152' role='right' />
    <tag k='name' v='S_EX_1_to_W_EN_1' />
    <tag k='type' v='lanelet' />
  </relation>
  <relation id='1183' version='1'>
    <member type='way' ref='1166' role='left' />
    <member type='way' ref='1182' role='right' />
    <tag k='name' v='S_EX_1_to_W_EN_2' />
    <tag k='type' v='lanelet' />
  </relation>
  <relation id='1210' version='1'>
    <member type='way' ref='1195' role='left' />
    <member type='way' ref='1209' role='right' />
    <tag k='name' v='N_EX_1_to_E_EN_1' />
    <tag k='type' v='lanelet' />
  </relation>
  <relation id='1240' version='1'>
    <member type='way' ref='1223' role='left' />
    <member type='way' ref='1239' role='right' />
    <tag k='name' v='N_EX_1_to_E_EN_2' />
    <tag k='type' v='lanelet' />
  </relation>
  <relation id='1277' version='1'>
    <member type='way' ref='1258' role='left' />
    <member type='way' ref='1276' role='right' />
    <tag k='name' v='W_EX_1_to_E_EN_1' />
    <tag k='type' v='lanelet' />
  </relation>
  <relation id='1296' version='1'>
    <member type='way' ref='1276' role='left' />
    <member type='way' ref='1295' role='right' />
    <tag k='name' v='W_EX_2_to_E_EN_2' />
    <tag k='type' v='lanelet' />
  </relation>
  <relation id='1333' version='1'>
    <member type='way' ref='1314' role='left' />
    <member type='way' ref='1332' role='right' />
    <tag k='name' v='E_EX_2_to_W_EN_1' />
    <tag k='type' v='lanelet' />
  </relation>
  <relation id='1370' version='1'>
    <member type='way' ref='1351' role='left' />
    <member type='way' ref='1369' role='right' />
    <tag k='name' v='E_EX_2_to_W_EN_2' />
    <tag k='type' v='lanelet' />
  </relation>
  <relation id='1405' version='1'>
    <member type='way' ref='1387' role='left' />
    <member type='way' ref='1404' role='right' />
    <tag k='name' v='S_EX_2_to_N_EN_1' />
    <tag k='type' v='lanelet' />
  </relation>
  <relation id='1440' version='1'>
    <member type='way' ref='1422' role='left' />
    <member type='way' ref='1439' role='right' />
    <tag k='name' v='S_EX_2_to_N_EN_2' />
    <tag k='type' v='lanelet' />
  </relation>
  <relation id='1475' version='1'>
    <member type='way' ref='1457' role='left' />
    <member type='way' ref='1474' role='right' />
    <tag k='name' v='N_EX_2_to_S_EN_1' />
    <tag k='type' v='lanelet' />
  </relation>
  <relation id='1510' version='1'>
    <member type='way' ref='1492' role='left' />
    <member type='way' ref='1509' role='right' />
    <tag k='name' v='N_EX_2_to_S_EN_2' />
    <tag k='type' v='lanelet' />
  </relation>
  <relation id='1522' version='1'>
    <member type='way' ref='1521' role='left' />
    <member type='way' ref='-125841' role='right' />
    <tag k='name' v='S_EX_3_to_E_EN_2' />
    <tag k='type' v='lanelet' />
  </relation>
  <relation id='1534' version='1'>
    <member type='way' ref='1533' role='left' />
    <member type='way' ref='-125842' role='right' />
    <tag k='name' v='N_EX_3_to_W_EN_2' />
    <tag k='type' v='lanelet' />
  </relation>
</osm>
