<?xml version='1.0' encoding='UTF-8'?>
<osm version='0.6' generator='JOSM'>
  <node id='-138454' visible='true' lat='0.00023590738' lon='0.00027106005' />
  <node id='-138455' visible='true' lat='-0.00000754937' lon='0.0000626576' />
  <node id='-138456' visible='true' lat='0.00029681527' lon='0.00018420846' />
  <node id='-138457' visible='true' lat='0.00030036704' lon='0.00018333173' />
  <node id='-138458' visible='true' lat='0.00030896611' lon='0.00018210467' />
  <node id='-138459' visible='true' lat='0.0003261816' lon='0.0001820004' />
  <node id='-138460' visible='true' lat='0.00036061259' lon='0.00018179186' />
  <node id='-138461' visible='true' lat='0.000293039' lon='0.00018553442'>
    <tag k='name' v='N_0' />
  </node>
  <node id='-138462' visible='true' lat='0.000234637' lon='0.00022323878' />
  <node id='-138463' visible='true' lat='0.00024701431' lon='0.00001523287' />
  <node id='-138464' visible='true' lat='0.00004803508' lon='0.00002621757' />
  <node id='-138465' visible='true' lat='0.00004212269' lon='0.00023617043' />
  <node id='-138466' action='modify' visible='true' lat='0.00014784443' lon='0.0002801768'>
    <tag k='name' v='E_3' />
  </node>
  <node id='-138467' visible='true' lat='0.00024360581' lon='0.00000990644' />
  <node id='-138468' visible='true' lat='-0.00009070274' lon='0.0000651418' />
  <node id='-138469' visible='true' lat='-0.00001116734' lon='0.00006380681' />
  <node id='-138470' visible='true' lat='0.0002455632' lon='0.00023350202' />
  <node id='-138471' visible='true' lat='0.0003936538' lon='0.00004578691' />
  <node id='-138472' visible='true' lat='0.0003940174' lon='0.00008131447' />
  <node id='-138473' visible='true' lat='0.00023212981' lon='-0.00001544847'>
    <tag k='name' v='W_0' />
  </node>
  <node id='-138474' visible='true' lat='0.00039434961' lon='0.00011377455' />
  <node id='-138475' visible='true' lat='0.00039472775' lon='0.00015072261' />
  <node id='-138476' visible='true' lat='0.00039504358' lon='0.00018158332' />
  <node id='-138477' visible='true' lat='0.00031137881' lon='0.00011448373' />
  <node id='-138478' visible='true' lat='0.00031148298' lon='0.00008311688' />
  <node id='-138479' visible='true' lat='0.00011534429' lon='-0.00023734543' />
  <node id='-138480' visible='true' lat='0.00014315087' lon='-0.0002372735' />
  <node id='-138481' visible='true' lat='0.00023421613' lon='-0.00001030512' />
  <node id='-138482' visible='true' lat='0.00017447337' lon='0.00030071482' />
  <node id='-138483' visible='true' lat='0.00026375502' lon='0.00020676846' />
  <node id='-138484' visible='true' lat='0.00027429876' lon='0.00019762746' />
  <node id='-138485' visible='true' lat='0.00028276004' lon='0.00019037965' />
  <node id='-138486' visible='true' lat='0.00025211706' lon='0.00022105363' />
  <node id='-138487' visible='true' lat='0.00025647525' lon='0.00021642067' />
  <node id='-138488' visible='true' lat='0.00023715847' lon='0.00026007713' />
  <node id='-138489' visible='true' lat='0.00024128463' lon='0.00024301532' />
  <node id='-138490' visible='true' lat='0.00024828726' lon='0.00022783243' />
  <node id='-138491' visible='true' lat='0.00029249608' lon='0.00015192437'>
    <tag k='name' v='N_1' />
  </node>
  <node id='-138492' visible='true' lat='0.00029214498' lon='0.00011538511'>
    <tag k='name' v='N_2' />
  </node>
  <node id='-138493' visible='true' lat='0.00020188262' lon='0.00022339412' />
  <node id='-138494' visible='true' lat='0.00017404207' lon='0.00028029184'>
    <tag k='name' v='E_4' />
  </node>
  <node id='-138495' visible='true' lat='0.00017330163' lon='0.00022290536' />
  <node id='-138496' visible='true' lat='0.0001722923' lon='0.00003987713' />
  <node id='-138497' visible='true' lat='0.00005856072' lon='0.000223352' />
  <node id='-138498' visible='true' lat='0.00006020694' lon='0.00027877592'>
    <tag k='name' v='E_0' />
  </node>
  <node id='-138499' visible='true' lat='0.0002352651' lon='0.00028207841'>
    <tag k='name' v='E_6' />
  </node>
  <node id='-138500' visible='true' lat='0.00023388752' lon='0.00030186537' />
  <node id='-138501' visible='true' lat='0.00023954084' lon='0.00052059147' />
  <node id='-138502' visible='true' lat='0.00020256496' lon='0.00030091441' />
  <node id='-138503' visible='true' lat='0.00020521096' lon='0.00052006025' />
  <node id='-138504' visible='true' lat='0.00017731612' lon='0.00052045409' />
  <node id='-138505' action='modify' visible='true' lat='0.00014964132' lon='0.0005202517' />
  <node id='-138506' visible='true' lat='0.00005954136' lon='0.00052078921' />
  <node id='-138507' visible='true' lat='0.00009384795' lon='0.00052042249' />
  <node id='-138508' visible='true' lat='-0.00009028848' lon='0.00010060649' />
  <node id='-138509' visible='true' lat='0.00012179262' lon='0.00052063649' />
  <node id='-138510' visible='true' lat='0.00014784613' lon='0.00030030843' />
  <node id='-138511' visible='true' lat='0.00007943167' lon='0.00022327076' />
  <node id='-138512' visible='true' lat='0.00005253228' lon='0.00016127033' />
  <node id='-138513' visible='true' lat='0.00014495351' lon='-0.00003940893' />
  <node id='-138514' visible='true' lat='0.000235964' lon='0.00004640341' />
  <node id='-138515' visible='true' lat='0.00004296742' lon='0.00003365071' />
  <node id='-138516' visible='true' lat='0.00005321795' lon='0.00001344759' />
  <node id='-138517' visible='true' lat='0.00005638081' lon='0.00000172498' />
  <node id='-138518' visible='true' lat='0.00005886579' lon='-0.00001457125'>
    <tag k='name' v='W_6' />
  </node>
  <node id='-138519' visible='true' lat='0.00003737863' lon='0.00004147606' />
  <node id='-138520' visible='true' lat='0.00002761214' lon='0.00004866254' />
  <node id='-138521' visible='true' lat='0.00001406081' lon='0.00005572978' />
  <node id='-138522' visible='true' lat='0.00000376188' lon='0.00005933861' />
  <node id='-138523' visible='true' lat='-0.0000008012' lon='0.00006084849' />
  <node id='-138524' visible='true' lat='-0.00000376794' lon='0.00006157287'>
    <tag k='name' v='S_0' />
  </node>
  <node id='-138525' visible='true' lat='-0.00000331733' lon='0.00009762206'>
    <tag k='name' v='S_1' />
  </node>
  <node id='-138526' visible='true' lat='0.00011779118' lon='-0.00003944966' />
  <node id='-138527' visible='true' lat='0.00023324152' lon='0.00003902443' />
  <node id='-138528' visible='true' lat='0.00001281204' lon='0.00020918314' />
  <node id='-138529' visible='true' lat='0.00001987187' lon='0.00021358799' />
  <node id='-138530' visible='true' lat='0.00002601897' lon='0.00021825578' />
  <node id='-138531' visible='true' lat='0.00003260414' lon='0.00022389739' />
  <node id='-138532' visible='true' lat='0.00003779953' lon='0.00023045618' />
  <node id='-138533' visible='true' lat='0.00004500847' lon='0.00024123807' />
  <node id='-138534' visible='true' lat='0.00005152814' lon='0.00025274118' />
  <node id='-138535' visible='true' lat='0.0000566916' lon='0.000264762' />
  <node id='-138536' visible='true' lat='0.00005893058' lon='0.00027178378' />
  <node id='-138537' action='modify' visible='true' lat='-0.00000204217' lon='0.00020179979'>
    <tag k='name' v='S_4' />
  </node>
  <node id='-138538' visible='true' lat='-0.00000290247' lon='0.00013081167'>
    <tag k='name' v='S_2' />
  </node>
  <node id='-138539' visible='true' lat='-0.00009045249' lon='0.00013225438' />
  <node id='-138540' visible='true' lat='-0.00002173692' lon='0.00013119111' />
  <node id='-138541' visible='true' lat='-0.00009126413' lon='0.00016450368' />
  <node id='-138542' visible='true' lat='-0.00002164236' lon='0.00016359882' />
  <node id='-138543' visible='true' lat='-0.00009080509' lon='0.00020029515' />
  <node id='-138544' visible='true' lat='-0.00002127843' lon='0.00019886911' />
  <node id='-138545' visible='true' lat='0.00005885787' lon='-0.00003833675' />
  <node id='-138546' visible='true' lat='0.00005641061' lon='-0.00023749788' />
  <node id='-138547' visible='true' lat='0.00009064813' lon='-0.00003924164' />
  <node id='-138548' visible='true' lat='0.00008862069' lon='-0.00023741311' />
  <node id='-138549' visible='true' lat='0.00029197628' lon='0.00008408403'>
    <tag k='name' v='N_3' />
  </node>
  <node id='-138550' visible='true' lat='0.00027108438' lon='0.00003520701' />
  <node id='-138551' visible='true' lat='0.00028284399' lon='0.0000402491' />
  <node id='-138552' visible='true' lat='0.00029172847' lon='0.00004386779'>
    <tag k='name' v='N_4' />
  </node>
  <node id='-138553' visible='true' lat='0.00030191486' lon='0.00004586909' />
  <node id='-138554' visible='true' lat='0.00031117986' lon='0.0000462847' />
  <node id='-138555' visible='true' lat='0.00017171863' lon='-0.00001515495'>
    <tag k='name' v='W_2' />
  </node>
  <node id='-138556' visible='true' lat='0.00016970056' lon='-0.00023720482' />
  <node id='-138557' visible='true' lat='0.00025918725' lon='0.00002775751' />
  <node id='-138558' visible='true' lat='0.00025169062' lon='0.00002107036' />
  <node id='-138559' visible='true' lat='0.00023783391' lon='-0.00000035897' />
  <node id='-138560' visible='true' lat='0.00019690383' lon='-0.00023713445' />
  <node id='-138561' visible='true' lat='0.00022948144' lon='-0.00023705017' />
  <node id='-138562' visible='true' lat='0.00023032792' lon='-0.00002356964' />
  <node id='-138563' visible='true' lat='0.00023718529' lon='0.00042945559' />
  <node id='-138564' visible='true' lat='0.00023624307' lon='0.00039300124' />
  <node id='-138565' visible='true' lat='0.00023812751' lon='0.00046590994' />
  <node id='-138566' visible='true' lat='0.00023530085' lon='0.00035654689' />
  <node id='-138567' visible='true' lat='0.00023671418' lon='0.00041122842' />
  <node id='-138568' visible='true' lat='0.0002376564' lon='0.00044768277' />
  <node id='-138569' visible='true' lat='0.00023859862' lon='0.00048413712' />
  <node id='-138570' visible='true' lat='0.00020398973' lon='0.00041891602' />
  <node id='-138571' visible='true' lat='0.00023435863' lon='0.00032009255' />
  <node id='-138572' visible='true' lat='0.00023577196' lon='0.00037477407' />
  <node id='-138573' visible='true' lat='0.0000601594' lon='0.00029606258' />
  <node id='-138574' visible='true' lat='0.00006011186' lon='0.00031334925' />
  <node id='-138575' visible='true' lat='0.00006006432' lon='0.00033063591' />
  <node id='-138576' visible='true' lat='0.00006001677' lon='0.00034792257' />
  <node id='-138577' visible='true' lat='0.00005996923' lon='0.00036520924' />
  <node id='-138578' visible='true' lat='0.00005992169' lon='0.0003824959' />
  <node id='-138579' visible='true' lat='0.00005987415' lon='0.00039978256' />
  <node id='-138580' visible='true' lat='0.00005982661' lon='0.00041706923' />
  <node id='-138581' visible='true' lat='0.00005977907' lon='0.00043435589' />
  <node id='-138582' visible='true' lat='0.00005973153' lon='0.00045164256' />
  <node id='-138583' visible='true' lat='0.00005968398' lon='0.00046892922' />
  <node id='-138584' visible='true' lat='0.00005963644' lon='0.00048621588' />
  <node id='-138585' visible='true' lat='0.0000595889' lon='0.00050350255' />
  <node id='-138586' visible='true' lat='0.00009216415' lon='0.00029664593' />
  <node id='-138587' visible='true' lat='0.00009229368' lon='0.00031385951' />
  <node id='-138588' visible='true' lat='0.0000924232' lon='0.00033107309' />
  <node id='-138589' visible='true' lat='0.00009255272' lon='0.00034828668' />
  <node id='-138590' visible='true' lat='0.00009268224' lon='0.00036550026' />
  <node id='-138591' visible='true' lat='0.00009281177' lon='0.00038271384' />
  <node id='-138592' visible='true' lat='0.00009294129' lon='0.00039992742' />
  <node id='-138593' visible='true' lat='0.00009307081' lon='0.000417141' />
  <node id='-138594' visible='true' lat='0.00009320034' lon='0.00043435458' />
  <node id='-138595' visible='true' lat='0.00009332986' lon='0.00045156816' />
  <node id='-138596' visible='true' lat='0.00009345938' lon='0.00046878175' />
  <node id='-138597' visible='true' lat='0.0000935889' lon='0.00048599533' />
  <node id='-138598' visible='true' lat='0.00009371843' lon='0.00050320891' />
  <node id='-138599' visible='true' lat='0.00012033695' lon='0.00029749234' />
  <node id='-138600' visible='true' lat='0.00012044893' lon='0.00031465728' />
  <node id='-138601' visible='true' lat='0.0001205609' lon='0.00033182221' />
  <node id='-138602' visible='true' lat='0.00012067288' lon='0.00034898715' />
  <node id='-138603' visible='true' lat='0.00012078485' lon='0.00036615208' />
  <node id='-138604' visible='true' lat='0.00012089683' lon='0.00038331702' />
  <node id='-138605' visible='true' lat='0.0001210088' lon='0.00040048195' />
  <node id='-138606' visible='true' lat='0.00012112077' lon='0.00041764688' />
  <node id='-138607' visible='true' lat='0.00012123275' lon='0.00043481182' />
  <node id='-138608' visible='true' lat='0.00012134472' lon='0.00045197675' />
  <node id='-138609' visible='true' lat='0.0001214567' lon='0.00046914169' />
  <node id='-138610' visible='true' lat='0.00012156867' lon='0.00048630662' />
  <node id='-138611' visible='true' lat='0.00012168065' lon='0.00050347156' />
  <node id='-138612' action='modify' visible='true' lat='0.00014900905' lon='0.00043453297' />
  <node id='-138613' action='modify' visible='true' lat='0.00014926196' lon='0.00046882046' />
  <node id='-138614' action='modify' visible='true' lat='0.00014812387' lon='0.00031452675' />
  <node id='-138615' action='modify' visible='true' lat='0.00014951487' lon='0.00050310795' />
  <node id='-138616' action='modify' visible='true' lat='0.00014837678' lon='0.00034881424' />
  <node id='-138617' action='modify' visible='true' lat='0.00014862969' lon='0.00038310173' />
  <node id='-138618' action='modify' visible='true' lat='0.00014888259' lon='0.00041738923' />
  <node id='-138619' action='modify' visible='true' lat='0.0001491355' lon='0.00045167672' />
  <node id='-138620' action='modify' visible='true' lat='0.00014799741' lon='0.00029738301' />
  <node id='-138621' action='modify' visible='true' lat='0.00014938841' lon='0.00048596421' />
  <node id='-138622' action='modify' visible='true' lat='0.00014825032' lon='0.0003316705' />
  <node id='-138623' action='modify' visible='true' lat='0.00014850323' lon='0.00036595799' />
  <node id='-138624' action='modify' visible='true' lat='0.00014875614' lon='0.00040024548' />
  <node id='-138625' visible='true' lat='0.00023906973' lon='0.00050236429' />
  <node id='-138626' visible='true' lat='0.00023482974' lon='0.00033831972' />
  <node id='-138627' visible='true' lat='0.00020439681' lon='0.00045263076' />
  <node id='-138628' visible='true' lat='0.00020460034' lon='0.00046948813' />
  <node id='-138629' visible='true' lat='0.00020378619' lon='0.00040205864' />
  <node id='-138630' visible='true' lat='0.00020480388' lon='0.00048634551' />
  <node id='-138631' visible='true' lat='0.00020500742' lon='0.00050320288' />
  <node id='-138632' visible='true' lat='0.00020337911' lon='0.0003683439' />
  <node id='-138633' visible='true' lat='0.00020317558' lon='0.00035148653' />
  <node id='-138634' visible='true' lat='0.0002027685' lon='0.00031777178' />
  <node id='-138635' visible='true' lat='0.00020419327' lon='0.00043577339' />
  <node id='-138636' visible='true' lat='0.00020297204' lon='0.00033462915' />
  <node id='-138637' visible='true' lat='0.00020358265' lon='0.00038520127' />
  <node id='-138638' visible='true' lat='0.00017491128' lon='0.00033456457' />
  <node id='-138639' visible='true' lat='0.0001757836' lon='0.00040199331' />
  <node id='-138640' visible='true' lat='0.00017709208' lon='0.00050313641' />
  <node id='-138641' visible='true' lat='0.00017512936' lon='0.00035142176' />
  <node id='-138642' visible='true' lat='0.00017643784' lon='0.00045256486' />
  <node id='-138643' visible='true' lat='0.00017621976' lon='0.00043570768' />
  <node id='-138644' visible='true' lat='0.00017556552' lon='0.00038513613' />
  <node id='-138645' visible='true' lat='0.000176874' lon='0.00048627923' />
  <node id='-138646' visible='true' lat='0.00017534744' lon='0.00036827894' />
  <node id='-138647' visible='true' lat='0.00017600168' lon='0.00041885049' />
  <node id='-138648' visible='true' lat='0.0001746932' lon='0.00031770739' />
  <node id='-138649' visible='true' lat='0.00017665592' lon='0.00046942205' />
  <node id='-138650' visible='true' lat='0.00005123246' lon='0.00001923841' />
  <node id='-138651' visible='true' lat='0.0002506955' lon='0.00022343221' />
  <node id='-138652' visible='true' lat='0.00023541692' lon='-0.00000595733' />
  <node id='-138653' visible='true' lat='0.00027739814' lon='0.00003840666' />
  <node id='-138654' visible='true' lat='-0.00006299443' lon='0.00019972474' />
  <node id='-138655' visible='true' lat='-0.00003518376' lon='0.00019915432' />
  <node id='-138656' visible='true' lat='-0.00007689976' lon='0.00020000995' />
  <node id='-138657' visible='true' lat='-0.00004908909' lon='0.00019943953' />
  <node id='-138658' visible='true' lat='-0.0000594682' lon='0.00016363466' />
  <node id='-138659' visible='true' lat='-0.00003353287' lon='0.00016361009' />
  <node id='-138660' visible='true' lat='-0.00007243586' lon='0.00016364695' />
  <node id='-138661' visible='true' lat='-0.00004650053' lon='0.00016362237' />
  <node id='-138662' visible='true' lat='-0.00006172214' lon='0.00013184216' />
  <node id='-138663' visible='true' lat='-0.00003579794' lon='0.00013142005' />
  <node id='-138664' visible='true' lat='-0.00007468424' lon='0.00013205321' />
  <node id='-138665' visible='true' lat='-0.00004876004' lon='0.00013163111' />
  <node id='-138666' visible='true' lat='-0.00006417567' lon='0.00009975118' />
  <node id='-138667' visible='true' lat='-0.00003383766' lon='0.00009868776' />
  <node id='-138668' visible='true' lat='-0.00007934467' lon='0.00010028289' />
  <node id='-138669' visible='true' lat='-0.00004900667' lon='0.00009921947' />
  <node id='-138670' visible='true' lat='-0.00001866866' lon='0.00009815605' />
  <node id='-138671' visible='true' lat='-0.00002008588' lon='0.00006395651' />
  <node id='-138672' visible='true' lat='-0.00006560683' lon='0.00006472057' />
  <node id='-138673' visible='true' lat='-0.00003525953' lon='0.00006421119' />
  <node id='-138674' visible='true' lat='-0.00005043318' lon='0.00006446588' />
  <node id='-138675' visible='true' lat='-0.0000768108' lon='0.00006490863' />
  <node id='-138676' visible='true' lat='0.0003433971' lon='0.00018189613' />
  <node id='-138677' visible='true' lat='0.00037782809' lon='0.00018168759' />
  <node id='-138678' visible='true' lat='0.00037769188' lon='0.00015092287' />
  <node id='-138679' visible='true' lat='0.00031840078' lon='0.00015161985' />
  <node id='-138680' visible='true' lat='0.00033217242' lon='0.00015145796' />
  <node id='-138681' visible='true' lat='0.00036251873' lon='0.00015110124' />
  <node id='-138682' visible='true' lat='0.00034734557' lon='0.0001512796' />
  <node id='-138683' visible='true' lat='0.00030668848' lon='0.00015175753' />
  <node id='-138684' visible='true' lat='0.00038026166' lon='0.00008161487' />
  <node id='-138685' visible='true' lat='0.00035275019' lon='0.00008221567' />
  <node id='-138686' visible='true' lat='0.00036650593' lon='0.00008191527' />
  <node id='-138687' visible='true' lat='0.00033899445' lon='0.00008251608' />
  <node id='-138688' visible='true' lat='0.00032523872' lon='0.00008281648' />
  <node id='-138689' visible='true' lat='0.00037990814' lon='0.00004586988' />
  <node id='-138690' visible='true' lat='0.00035241683' lon='0.0000460358' />
  <node id='-138691' visible='true' lat='0.00036616249' lon='0.00004595284' />
  <node id='-138692' visible='true' lat='0.00033867117' lon='0.00004611877' />
  <node id='-138693' visible='true' lat='0.00032492552' lon='0.00004620173' />
  <node id='-138694' visible='true' lat='0.00038052114' lon='0.00011389275' />
  <node id='-138695' visible='true' lat='0.00035286421' lon='0.00011412914' />
  <node id='-138696' visible='true' lat='0.00036669267' lon='0.00011401094' />
  <node id='-138697' visible='true' lat='0.00033903574' lon='0.00011424734' />
  <node id='-138698' visible='true' lat='0.00032520728' lon='0.00011436553' />
  <node id='-138699' visible='true' lat='0.0001986254' lon='-0.00003312596' />
  <node id='-138700' visible='true' lat='0.00019733422' lon='-0.00018613232' />
  <node id='-138701' visible='true' lat='0.00019762115' lon='-0.00015213091' />
  <node id='-138702' visible='true' lat='0.00019790808' lon='-0.00011812949' />
  <node id='-138703' visible='true' lat='0.00019819501' lon='-0.00008412808' />
  <node id='-138704' visible='true' lat='0.00019848193' lon='-0.00005012666' />
  <node id='-138705' visible='true' lat='0.00019719076' lon='-0.00020313303' />
  <node id='-138706' visible='true' lat='0.00019747769' lon='-0.00016913162' />
  <node id='-138707' visible='true' lat='0.00019776461' lon='-0.0001351302' />
  <node id='-138708' visible='true' lat='0.00019805154' lon='-0.00010112879' />
  <node id='-138709' visible='true' lat='0.00019833847' lon='-0.00006712737' />
  <node id='-138710' visible='true' lat='0.0001970473' lon='-0.00022013374' />
  <node id='-138711' visible='true' lat='0.00017176498' lon='-0.00003411991' />
  <node id='-138712' visible='true' lat='0.00017045125' lon='-0.00016335576' />
  <node id='-138713' visible='true' lat='0.00017120195' lon='-0.00008950671' />
  <node id='-138714' visible='true' lat='0.00016988823' lon='-0.00021874255' />
  <node id='-138715' visible='true' lat='0.00017063893' lon='-0.0001448935' />
  <node id='-138716' visible='true' lat='0.00017138963' lon='-0.00007104444' />
  <node id='-138717' visible='true' lat='0.00017007591' lon='-0.00020028029' />
  <node id='-138718' visible='true' lat='0.0001708266' lon='-0.00012643123' />
  <node id='-138719' visible='true' lat='0.0001715773' lon='-0.00005258218' />
  <node id='-138720' visible='true' lat='0.00017026358' lon='-0.00018181803' />
  <node id='-138721' visible='true' lat='0.00017101428' lon='-0.00010796897' />
  <node id='-138722' visible='true' lat='0.00023029097' lon='-0.00005088083' />
  <node id='-138723' visible='true' lat='0.00023013261' lon='-0.00016792504' />
  <node id='-138724' visible='true' lat='0.0002302231' lon='-0.00010104264' />
  <node id='-138725' visible='true' lat='0.00023031359' lon='-0.00003416023' />
  <node id='-138726' visible='true' lat='0.00023006474' lon='-0.00021808684' />
  <node id='-138727' visible='true' lat='0.00023015523' lon='-0.00015120444' />
  <node id='-138728' visible='true' lat='0.00023024572' lon='-0.00008432204' />
  <node id='-138729' visible='true' lat='0.00023008737' lon='-0.00020136624' />
  <node id='-138730' visible='true' lat='0.00023017786' lon='-0.00013448384' />
  <node id='-138731' visible='true' lat='0.00023026835' lon='-0.00006760143' />
  <node id='-138732' visible='true' lat='0.00023010999' lon='-0.00018464564' />
  <node id='-138733' visible='true' lat='0.00023020048' lon='-0.00011776324' />
  <node id='-138734' visible='true' lat='0.00014478723' lon='-0.0000556487' />
  <node id='-138735' visible='true' lat='0.00014374591' lon='-0.00017122812' />
  <node id='-138736' visible='true' lat='0.00014434095' lon='-0.00010518273' />
  <node id='-138737' visible='true' lat='0.00014329963' lon='-0.00022076215' />
  <node id='-138738' visible='true' lat='0.00014389467' lon='-0.00015471677' />
  <node id='-138739' visible='true' lat='0.00014448971' lon='-0.00008867139' />
  <node id='-138740' visible='true' lat='0.00014344839' lon='-0.00020425081' />
  <node id='-138741' visible='true' lat='0.00014404343' lon='-0.00013820542' />
  <node id='-138742' visible='true' lat='0.00014463847' lon='-0.00007216004' />
  <node id='-138743' visible='true' lat='0.00014359715' lon='-0.00018773946' />
  <node id='-138744' visible='true' lat='0.00014419219' lon='-0.00012169408' />
  <node id='-138745' visible='true' lat='0.00014534602' lon='-0.00003940855' />
  <node id='-138746' visible='true' lat='0.00014555084' lon='-0.00002094647' />
  <node id='-138747' visible='true' lat='0.00014473155' lon='-0.00009479477' />
  <node id='-138748' visible='true' lat='0.00014493638' lon='-0.00007633269' />
  <node id='-138749' visible='true' lat='0.00014350263' lon='-0.00020556721' />
  <node id='-138750' visible='true' lat='0.0001451412' lon='-0.00005787062' />
  <node id='-138751' visible='true' lat='0.00014452673' lon='-0.00011325684' />
  <node id='-138752' visible='true' lat='0.00014391227' lon='-0.00016864306' />
  <node id='-138753' visible='true' lat='0.00014411709' lon='-0.00015018099' />
  <node id='-138754' visible='true' lat='0.00014432191' lon='-0.00013171892' />
  <node id='-138755' visible='true' lat='0.00014370745' lon='-0.00018710514' />
  <node id='-138756' visible='true' lat='0.00011595601' lon='-0.00018787149' />
  <node id='-138757' visible='true' lat='0.00011636382' lon='-0.00015488886' />
  <node id='-138758' visible='true' lat='0.00011677164' lon='-0.00012190623' />
  <node id='-138759' visible='true' lat='0.00011717946' lon='-0.0000889236' />
  <node id='-138760' visible='true' lat='0.00011758727' lon='-0.00005594097' />
  <node id='-138761' visible='true' lat='0.0001157521' lon='-0.0002043628' />
  <node id='-138762' visible='true' lat='0.00011615992' lon='-0.00017138017' />
  <node id='-138763' visible='true' lat='0.00011656773' lon='-0.00013839754' />
  <node id='-138764' visible='true' lat='0.00011697555' lon='-0.00010541492' />
  <node id='-138765' visible='true' lat='0.00011738336' lon='-0.00007243229' />
  <node id='-138766' visible='true' lat='0.00011554819' lon='-0.00022085412' />
  <node id='-138767' visible='true' lat='0.00008997232' lon='-0.0001052988' />
  <node id='-138768' visible='true' lat='0.00008878965' lon='-0.00022089882' />
  <node id='-138769' visible='true' lat='0.00008946546' lon='-0.00015484166' />
  <node id='-138770' visible='true' lat='0.00009014127' lon='-0.00008878451' />
  <node id='-138771' visible='true' lat='0.0000889586' lon='-0.00020438453' />
  <node id='-138772' visible='true' lat='0.00008963441' lon='-0.00013832737' />
  <node id='-138773' visible='true' lat='0.00009031022' lon='-0.00007227022' />
  <node id='-138774' visible='true' lat='0.00008912755' lon='-0.00018787024' />
  <node id='-138775' visible='true' lat='0.00008980336' lon='-0.00012181309' />
  <node id='-138776' visible='true' lat='0.00009047918' lon='-0.00005575593' />
  <node id='-138777' visible='true' lat='0.00008929651' lon='-0.00017135595' />
  <node id='-138778' visible='true' lat='0.00005722636' lon='-0.00017111084' />
  <node id='-138779' visible='true' lat='0.00005661455' lon='-0.00022090112' />
  <node id='-138780' visible='true' lat='0.00005824605' lon='-0.00008812703' />
  <node id='-138781' visible='true' lat='0.00005763424' lon='-0.00013791732' />
  <node id='-138782' visible='true' lat='0.00005702242' lon='-0.0001877076' />
  <node id='-138783' visible='true' lat='0.00005865393' lon='-0.00005493351' />
  <node id='-138784' visible='true' lat='0.00005804212' lon='-0.00010472379' />
  <node id='-138785' visible='true' lat='0.0000574303' lon='-0.00015451408' />
  <node id='-138786' visible='true' lat='0.00005681848' lon='-0.00020430436' />
  <node id='-138787' visible='true' lat='0.00005844999' lon='-0.00007153027' />
  <node id='-138788' visible='true' lat='0.00005783818' lon='-0.00012132056' />
  <node id='-138789' visible='true' lat='0.00030172963' lon='0.00008360045' />
  <node id='-138790' visible='true' lat='0.00020261695' lon='0.00029127484' />
  <node id='-138791' visible='true' lat='0.00017425772' lon='0.00029050333' />
  <node id='-138792' visible='true' lat='0.00014786751' lon='0.0002901483' />
  <node id='-138793' visible='true' lat='0.00023457631' lon='0.00029197189' />
  <node id='-138794' visible='true' lat='0.00005340514' lon='0.00025686291' />
  <node id='-138795' visible='true' lat='0.00030176189' lon='0.00011493442' />
  <node id='-138796' visible='true' lat='0.00014528049' lon='-0.00002762549' />
  <node id='-138797' visible='true' lat='0.00011782647' lon='-0.0000273456' />
  <node id='-138798' visible='true' lat='0.00009087973' lon='-0.00002691028' />
  <node id='-138799' visible='true' lat='0.00005886183' lon='-0.000026454' />
  <node id='-138800' visible='true' lat='-0.00001231969' lon='0.00013100139' />
  <node id='-138801' visible='true' lat='-0.00002478997' lon='0.00013117235' />
  <node id='-138802' visible='true' lat='-0.00004667748' lon='0.00013153302' />
  <node id='-138803' visible='true' lat='-0.00006856498' lon='0.0001318937' />
  <node id='-138804' visible='true' lat='-0.000011987' lon='0.00016305041' />
  <node id='-138805' visible='true' lat='-0.00001163411' lon='0.00020009374' />
  <node id='-138806' visible='true' lat='0.00000000014' lon='0.00005054308' />
  <node id='-138807' visible='true' lat='-0.00001161114' lon='0.00005040648' />
  <node id='-138808' visible='true' lat='0.00004945066' lon='0.00026938141' />
  <node id='-138809' visible='true' lat='0.00005436838' lon='0.00028194892' />
  <node id='-138810' visible='true' lat='0.00031569034' lon='0.0001882392' />
  <node id='-138811' visible='true' lat='0.00031610015' lon='0.00020230933' />
  <node id='-138812' visible='true' lat='0.00024752571' lon='-0.00004480643' />
  <node id='-138813' visible='true' lat='0.00024752571' lon='-0.00001857859' />
  <node id='-138814' action='modify' visible='true' lat='0.00009205213' lon='0.00027919385'>
    <tag k='name' v='E_1' />
  </node>
  <node id='-138815' action='modify' visible='true' lat='0.00012021973' lon='0.00027956153'>
    <tag k='name' v='E_2' />
  </node>
  <node id='-138816' action='modify' visible='true' lat='0.00020277753' lon='0.00028113038'>
    <tag k='name' v='E_5' />
  </node>
  <node id='-138817' action='modify' visible='true' lat='0.00019856362' lon='-0.00001527861'>
    <tag k='name' v='W_1' />
  </node>
  <node id='-138818' action='modify' visible='true' lat='0.00011793174' lon='-0.00001487027'>
    <tag k='name' v='W_4' />
  </node>
  <node id='-138819' action='modify' visible='true' lat='0.00009110086' lon='-0.00001473449'>
    <tag k='name' v='W_5' />
  </node>
  <node id='-138820' action='modify' visible='true' lat='0.00014549294' lon='-0.00001500977'>
    <tag k='name' v='W_3' />
  </node>
  <node id='-138821' action='modify' visible='true' lat='-0.00000250312' lon='0.00016249807'>
    <tag k='name' v='S_3' />
  </node>
  <node id='-138822' action='modify' visible='true' lat='0.00012805163' lon='0.0001012897' />
  <node id='-138823' action='modify' visible='true' lat='0.00013013779' lon='0.00016032857' />
  <node id='-138945' action='modify' visible='true' lat='0.00014794041' lon='0.00028018079'>
    <tag k='name' v='E_3' />
  </node>
  <node id='-138946' action='modify' visible='true' lat='0.00014809339' lon='0.000297387' />
  <node id='-138947' action='modify' visible='true' lat='0.00014821985' lon='0.00031453074' />
  <node id='-138948' action='modify' visible='true' lat='0.0001483463' lon='0.00033167449' />
  <node id='-138949' action='modify' visible='true' lat='0.00014847276' lon='0.00034881823' />
  <node id='-138950' action='modify' visible='true' lat='0.00014859921' lon='0.00036596198' />
  <node id='-138951' action='modify' visible='true' lat='0.00014872567' lon='0.00038310572' />
  <node id='-138952' action='modify' visible='true' lat='0.00014885212' lon='0.00040024947' />
  <node id='-138953' action='modify' visible='true' lat='0.00014897857' lon='0.00041739322' />
  <node id='-138954' action='modify' visible='true' lat='0.00014910503' lon='0.00043453696' />
  <node id='-138955' action='modify' visible='true' lat='0.00014923148' lon='0.00045168071' />
  <node id='-138956' action='modify' visible='true' lat='0.00014935794' lon='0.00046882445' />
  <node id='-138957' action='modify' visible='true' lat='0.00014948439' lon='0.0004859682' />
  <node id='-138958' action='modify' visible='true' lat='0.00014961085' lon='0.00050311194' />
  <node id='-138959' action='modify' visible='true' lat='0.0001497373' lon='0.00052025569' />
  <node id='-139052' action='modify' visible='true' lat='0.00029247548' lon='0.00011557745'>
    <tag k='name' v='N_1' />
  </node>
  <node id='-139053' action='modify' visible='true' lat='0.00030666788' lon='0.00011541061' />
  <node id='-139054' action='modify' visible='true' lat='0.00031838018' lon='0.00011527293' />
  <node id='-139055' action='modify' visible='true' lat='0.00033215182' lon='0.00011511104' />
  <node id='-139056' action='modify' visible='true' lat='0.00034732497' lon='0.00011493268' />
  <node id='-139057' action='modify' visible='true' lat='0.00036249813' lon='0.00011475432' />
  <node id='-139058' action='modify' visible='true' lat='0.00037767128' lon='0.00011457595' />
  <node id='-139059' action='modify' visible='true' lat='0.00039470715' lon='0.00011437569' />
  <node id='-139240' action='modify' visible='true' lat='0.00014785588' lon='0.00028014834'>
    <tag k='name' v='E_3' />
  </node>
  <node id='-139241' action='modify' visible='true' lat='0.00014599993' lon='0.00025657974' />
  <node id='-139242' action='modify' visible='true' lat='0.00014044082' lon='0.00023378291' />
  <node id='-139243' action='modify' visible='true' lat='0.00013135992' lon='0.00021213056' />
  <node id='-139244' action='modify' visible='true' lat='0.00011898082' lon='0.00019215585' />
  <node id='-139245' action='modify' visible='true' lat='0.00010360833' lon='0.00017435061' />
  <node id='-139246' action='modify' visible='true' lat='0.00008562098' lon='0.00015915327' />
  <node id='-139247' action='modify' visible='true' lat='0.00006546168' lon='0.00014693804' />
  <node id='-139248' action='modify' visible='true' lat='0.00004362681' lon='0.0001380057' />
  <node id='-139249' action='modify' visible='true' lat='0.00002065401' lon='0.00013257619' />
  <node id='-139250' action='modify' visible='true' lat='-0.00000289103' lon='0.00013078321'>
    <tag k='name' v='S_2' />
  </node>
  <node id='-139515' action='modify' visible='true' lat='0.00029291493' lon='0.00011511607'>
    <tag k='name' v='N_2' />
  </node>
  <node id='-139516' action='modify' visible='true' lat='0.00027184011' lon='0.00011621797' />
  <node id='-139517' action='modify' visible='true' lat='0.00025076529' lon='0.00011731987' />
  <node id='-139518' action='modify' visible='true' lat='0.00022969048' lon='0.00011842177' />
  <node id='-139519' action='modify' visible='true' lat='0.00020861566' lon='0.00011952367' />
  <node id='-139520' action='modify' visible='true' lat='0.00018754084' lon='0.00012062556' />
  <node id='-139521' action='modify' visible='true' lat='0.00016646602' lon='0.00012172746' />
  <node id='-139522' action='modify' visible='true' lat='0.00014539121' lon='0.00012282936' />
  <node id='-139523' action='modify' visible='true' lat='0.00012431639' lon='0.00012393126' />
  <node id='-139524' action='modify' visible='true' lat='0.00010324157' lon='0.00012503315' />
  <node id='-139525' action='modify' visible='true' lat='0.00008216675' lon='0.00012613505' />
  <node id='-139526' action='modify' visible='true' lat='0.00006109193' lon='0.00012723695' />
  <node id='-139527' action='modify' visible='true' lat='0.00004001712' lon='0.00012833884' />
  <node id='-139528' action='modify' visible='true' lat='0.0000189423' lon='0.00012944074' />
  <node id='-139529' action='modify' visible='true' lat='-0.00000213252' lon='0.00013054263'>
    <tag k='name' v='S_2' />
  </node>
  <node id='-139588' action='modify' visible='true' lat='0.00014546852' lon='-0.00001505003'>
    <tag k='name' v='W_3' />
  </node>
  <node id='-139589' action='modify' visible='true' lat='0.00014563736' lon='0.00000597679' />
  <node id='-139590' action='modify' visible='true' lat='0.00014580867' lon='0.00002705149' />
  <node id='-139591' action='modify' visible='true' lat='0.00014597999' lon='0.00004812619' />
  <node id='-139592' action='modify' visible='true' lat='0.00014615131' lon='0.00006920089' />
  <node id='-139593' action='modify' visible='true' lat='0.00014632263' lon='0.00009027559' />
  <node id='-139594' action='modify' visible='true' lat='0.00014649394' lon='0.00011135029' />
  <node id='-139595' action='modify' visible='true' lat='0.00014666526' lon='0.00013242499' />
  <node id='-139596' action='modify' visible='true' lat='0.00014683658' lon='0.00015349969' />
  <node id='-139597' action='modify' visible='true' lat='0.00014700789' lon='0.00017457439' />
  <node id='-139598' action='modify' visible='true' lat='0.00014717921' lon='0.0001956491' />
  <node id='-139599' action='modify' visible='true' lat='0.00014735053' lon='0.0002167238' />
  <node id='-139600' action='modify' visible='true' lat='0.00014752185' lon='0.0002377985' />
  <node id='-139601' action='modify' visible='true' lat='0.00014769316' lon='0.00025887321' />
  <node id='-139602' action='modify' visible='true' lat='0.00014782001' lon='0.00028013654'>
    <tag k='name' v='E_3' />
  </node>
  <node id='1000' visible='true' version='1' lat='0.00023504115' lon='0.00026082649' />
  <node id='1001' visible='true' version='1' lat='0.0002348172' lon='0.00023957457' />
  <node id='1002' visible='true' version='1' lat='0.00023459325' lon='0.00021832264' />
  <node id='1003' visible='true' version='1' lat='0.0002343693' lon='0.00019707072' />
  <node id='1004' visible='true' version='1' lat='0.00023414535' lon='0.0001758188' />
  <node id='1005' visible='true' version='1' lat='0.0002339214' lon='0.00015456688' />
  <node id='1006' visible='true' version='1' lat='0.00023369745' lon='0.00013331496' />
  <node id='1007' visible='true' version='1' lat='0.00023347351' lon='0.00011206304' />
  <node id='1008' visible='true' version='1' lat='0.00023324956' lon='0.00009081112' />
  <node id='1009' visible='true' version='1' lat='0.00023302561' lon='0.0000695592' />
  <node id='1010' visible='true' version='1' lat='0.00023280166' lon='0.00004830728' />
  <node id='1011' visible='true' version='1' lat='0.00023257771' lon='0.00002705537' />
  <node id='1012' visible='true' version='1' lat='0.00023235376' lon='0.00000580345' />
  <node id='1014' visible='true' version='1' lat='0.00020246871' lon='0.00026037825' />
  <node id='1015' visible='true' version='1' lat='0.00020216811' lon='0.00023917009' />
  <node id='1016' visible='true' version='1' lat='0.0002018675' lon='0.00021796192' />
  <node id='1017' visible='true' version='1' lat='0.0002015669' lon='0.00019675376' />
  <node id='1018' visible='true' version='1' lat='0.00020126629' lon='0.0001755456' />
  <node id='1019' visible='true' version='1' lat='0.00020096569' lon='0.00015433743' />
  <node id='1020' visible='true' version='1' lat='0.00020066508' lon='0.00013312927' />
  <node id='1021' visible='true' version='1' lat='0.00020036447' lon='0.00011192111' />
  <node id='1022' visible='true' version='1' lat='0.00020006387' lon='0.00009071294' />
  <node id='1023' visible='true' version='1' lat='0.00019976326' lon='0.00006950478' />
  <node id='1024' visible='true' version='1' lat='0.00019946266' lon='0.00004829662' />
  <node id='1025' visible='true' version='1' lat='0.00019916205' lon='0.00002708846' />
  <node id='1026' visible='true' version='1' lat='0.00019886145' lon='0.0000058803' />
  <node id='1028' visible='true' version='1' lat='0.00017387611' lon='0.0002591885' />
  <node id='1029' visible='true' version='1' lat='0.00017371015' lon='0.00023808515' />
  <node id='1030' visible='true' version='1' lat='0.00017354419' lon='0.00021698181' />
  <node id='1031' visible='true' version='1' lat='0.00017337823' lon='0.00019587846' />
  <node id='1032' visible='true' version='1' lat='0.00017321227' lon='0.00017477512' />
  <node id='1033' visible='true' version='1' lat='0.00017304631' lon='0.00015367178' />
  <node id='1034' visible='true' version='1' lat='0.00017288035' lon='0.00013256843' />
  <node id='1035' visible='true' version='1' lat='0.00017271439' lon='0.00011146509' />
  <node id='1036' visible='true' version='1' lat='0.00017254843' lon='0.00009036175' />
  <node id='1037' visible='true' version='1' lat='0.00017238247' lon='0.00006925841' />
  <node id='1038' visible='true' version='1' lat='0.00017221651' lon='0.00004815507' />
  <node id='1039' visible='true' version='1' lat='0.00017205055' lon='0.00002705173' />
  <node id='1040' visible='true' version='1' lat='0.00017188459' lon='0.00000594839' />
  <node id='1042' visible='true' version='1' lat='0.00014566178' lon='0.00000601705' />
  <node id='1043' visible='true' version='1' lat='0.00014583309' lon='0.00002709175' />
  <node id='1044' visible='true' version='1' lat='0.00014600441' lon='0.00004816645' />
  <node id='1045' visible='true' version='1' lat='0.00014617573' lon='0.00006924115' />
  <node id='1046' visible='true' version='1' lat='0.00014634705' lon='0.00009031585' />
  <node id='1047' visible='true' version='1' lat='0.00014651836' lon='0.00011139055' />
  <node id='1048' visible='true' version='1' lat='0.00014668968' lon='0.00013246525' />
  <node id='1049' visible='true' version='1' lat='0.000146861' lon='0.00015353995' />
  <node id='1050' visible='true' version='1' lat='0.00014703231' lon='0.00017461465' />
  <node id='1051' visible='true' version='1' lat='0.00014720363' lon='0.00019568936' />
  <node id='1052' visible='true' version='1' lat='0.00014737495' lon='0.00021676406' />
  <node id='1053' visible='true' version='1' lat='0.00014754627' lon='0.00023783876' />
  <node id='1054' visible='true' version='1' lat='0.00014771758' lon='0.00025891347' />
  <node id='1056' visible='true' version='1' lat='0.00011809495' lon='0.0000061553' />
  <node id='1057' visible='true' version='1' lat='0.0001182588' lon='0.00002720545' />
  <node id='1058' visible='true' version='1' lat='0.00011842265' lon='0.00004825561' />
  <node id='1059' visible='true' version='1' lat='0.00011858649' lon='0.00006930577' />
  <node id='1060' visible='true' version='1' lat='0.00011875034' lon='0.00009035593' />
  <node id='1061' visible='true' version='1' lat='0.00011891419' lon='0.00011140609' />
  <node id='1062' visible='true' version='1' lat='0.00011907804' lon='0.00013245625' />
  <node id='1063' visible='true' version='1' lat='0.00011924189' lon='0.0001535064' />
  <node id='1064' visible='true' version='1' lat='0.00011940574' lon='0.00017455656' />
  <node id='1065' visible='true' version='1' lat='0.00011956959' lon='0.00019560672' />
  <node id='1066' visible='true' version='1' lat='0.00011973343' lon='0.00021665689' />
  <node id='1067' visible='true' version='1' lat='0.00011989728' lon='0.00023770705' />
  <node id='1068' visible='true' version='1' lat='0.00012006113' lon='0.00025875721' />
  <node id='1070' visible='true' version='1' lat='0.00009116522' lon='0.00000629312' />
  <node id='1071' visible='true' version='1' lat='0.0000912321' lon='0.00002730383' />
  <node id='1072' visible='true' version='1' lat='0.00009129897' lon='0.00004831453' />
  <node id='1073' visible='true' version='1' lat='0.00009136585' lon='0.00006932524' />
  <node id='1074' visible='true' version='1' lat='0.00009143273' lon='0.00009033595' />
  <node id='1075' visible='true' version='1' lat='0.00009149961' lon='0.00011134666' />
  <node id='1076' visible='true' version='1' lat='0.00009156648' lon='0.00013235737' />
  <node id='1077' visible='true' version='1' lat='0.00009163336' lon='0.00015336808' />
  <node id='1078' visible='true' version='1' lat='0.00009170024' lon='0.00017437879' />
  <node id='1079' visible='true' version='1' lat='0.00009176712' lon='0.0001953895' />
  <node id='1080' visible='true' version='1' lat='0.000091834' lon='0.00021640021' />
  <node id='1081' visible='true' version='1' lat='0.00009190087' lon='0.00023741093' />
  <node id='1082' visible='true' version='1' lat='0.00009196775' lon='0.00025842164' />
  <node id='1084' visible='true' version='1' lat='0.00005896159' lon='0.00000638212' />
  <node id='1085' visible='true' version='1' lat='0.00005905738' lon='0.00002733548' />
  <node id='1086' visible='true' version='1' lat='0.00005915318' lon='0.00004828885' />
  <node id='1087' visible='true' version='1' lat='0.00005924898' lon='0.00006924222' />
  <node id='1088' visible='true' version='1' lat='0.00005934477' lon='0.00009019559' />
  <node id='1089' visible='true' version='1' lat='0.00005944057' lon='0.00011114896' />
  <node id='1090' visible='true' version='1' lat='0.00005953636' lon='0.00013210233' />
  <node id='1091' visible='true' version='1' lat='0.00005963216' lon='0.00015305569' />
  <node id='1092' visible='true' version='1' lat='0.00005972796' lon='0.00017400906' />
  <node id='1093' visible='true' version='1' lat='0.00005982375' lon='0.00019496243' />
  <node id='1094' visible='true' version='1' lat='0.00005991955' lon='0.00021591581' />
  <node id='1095' visible='true' version='1' lat='0.00006001535' lon='0.00023686918' />
  <node id='1096' visible='true' version='1' lat='0.00006011114' lon='0.00025782255' />
  <node id='1098' visible='true' version='1' lat='0.00027062158' lon='0.00004513244' />
  <node id='1099' visible='true' version='1' lat='0.0002495147' lon='0.00004639709' />
  <node id='1100' visible='true' version='1' lat='0.00022840781' lon='0.00004766174' />
  <node id='1101' visible='true' version='1' lat='0.00020730093' lon='0.00004892639' />
  <node id='1102' visible='true' version='1' lat='0.00018619404' lon='0.00005019104' />
  <node id='1103' visible='true' version='1' lat='0.00016508715' lon='0.00005145569' />
  <node id='1104' visible='true' version='1' lat='0.00014398027' lon='0.00005272034' />
  <node id='1105' visible='true' version='1' lat='0.00012287338' lon='0.00005398499' />
  <node id='1106' visible='true' version='1' lat='0.00010176649' lon='0.00005524964' />
  <node id='1107' visible='true' version='1' lat='0.00008065961' lon='0.00005651428' />
  <node id='1108' visible='true' version='1' lat='0.00005955272' lon='0.00005777893' />
  <node id='1109' visible='true' version='1' lat='0.00003844583' lon='0.00005904358' />
  <node id='1110' visible='true' version='1' lat='0.00001733895' lon='0.00006030822' />
  <node id='1112' visible='true' version='1' lat='0.00027088388' lon='0.00008505103' />
  <node id='1113' visible='true' version='1' lat='0.00024979148' lon='0.00008601804' />
  <node id='1114' visible='true' version='1' lat='0.00022869908' lon='0.00008698504' />
  <node id='1115' visible='true' version='1' lat='0.00020760668' lon='0.00008795205' />
  <node id='1116' visible='true' version='1' lat='0.00018651428' lon='0.00008891905' />
  <node id='1117' visible='true' version='1' lat='0.00016542188' lon='0.00008988605' />
  <node id='1118' visible='true' version='1' lat='0.00014432948' lon='0.00009085305' />
  <node id='1119' visible='true' version='1' lat='0.00012323708' lon='0.00009182006' />
  <node id='1120' visible='true' version='1' lat='0.00010214467' lon='0.00009278706' />
  <node id='1121' visible='true' version='1' lat='0.00008105227' lon='0.00009375406' />
  <node id='1122' visible='true' version='1' lat='0.00005995987' lon='0.00009472106' />
  <node id='1123' visible='true' version='1' lat='0.00003886747' lon='0.00009568806' />
  <node id='1124' visible='true' version='1' lat='0.00001777507' lon='0.00009665506' />
  <node id='1126' visible='true' version='1' lat='0.00027107016' lon='0.00011648701' />
  <node id='1127' visible='true' version='1' lat='0.00024999534' lon='0.00011758891' />
  <node id='1128' visible='true' version='1' lat='0.00022892053' lon='0.00011869081' />
  <node id='1129' visible='true' version='1' lat='0.00020784571' lon='0.00011979271' />
  <node id='1130' visible='true' version='1' lat='0.00018677089' lon='0.0001208946' />
  <node id='1131' visible='true' version='1' lat='0.00016569607' lon='0.0001219965' />
  <node id='1132' visible='true' version='1' lat='0.00014462126' lon='0.0001230984' />
  <node id='1133' visible='true' version='1' lat='0.00012354644' lon='0.0001242003' />
  <node id='1134' visible='true' version='1' lat='0.00010247162' lon='0.00012530219' />
  <node id='1135' visible='true' version='1' lat='0.0000813968' lon='0.00012640409' />
  <node id='1136' visible='true' version='1' lat='0.00006032198' lon='0.00012750599' />
  <node id='1137' visible='true' version='1' lat='0.00003924717' lon='0.00012860788' />
  <node id='1138' visible='true' version='1' lat='0.00001817235' lon='0.00012970978' />
  <node id='1140' visible='true' version='1' lat='0.00001872748' lon='0.00016174646' />
  <node id='1141' visible='true' version='1' lat='0.00003978661' lon='0.00016099091' />
  <node id='1142' visible='true' version='1' lat='0.00006084573' lon='0.00016023537' />
  <node id='1143' visible='true' version='1' lat='0.00008190485' lon='0.00015947983' />
  <node id='1144' visible='true' version='1' lat='0.00010296397' lon='0.00015872428' />
  <node id='1145' visible='true' version='1' lat='0.0001240231' lon='0.00015796874' />
  <node id='1146' visible='true' version='1' lat='0.00014508222' lon='0.00015721319' />
  <node id='1147' visible='true' version='1' lat='0.00016614134' lon='0.00015645765' />
  <node id='1148' visible='true' version='1' lat='0.00018720047' lon='0.0001557021' />
  <node id='1149' visible='true' version='1' lat='0.00020825959' lon='0.00015494656' />
  <node id='1150' visible='true' version='1' lat='0.00022931871' lon='0.00015419101' />
  <node id='1151' visible='true' version='1' lat='0.00025037783' lon='0.00015343546' />
  <node id='1152' visible='true' version='1' lat='0.00027143696' lon='0.00015267992' />
  <node id='1154' visible='true' version='1' lat='0.00001911514' lon='0.00020064466' />
  <node id='1155' visible='true' version='1' lat='0.0000401862' lon='0.00019948233' />
  <node id='1156' visible='true' version='1' lat='0.00006125727' lon='0.00019832001' />
  <node id='1157' visible='true' version='1' lat='0.00008232834' lon='0.00019715769' />
  <node id='1158' visible='true' version='1' lat='0.0001033994' lon='0.00019599536' />
  <node id='1159' visible='true' version='1' lat='0.00012447047' lon='0.00019483304' />
  <node id='1160' visible='true' version='1' lat='0.00014554154' lon='0.00019367071' />
  <node id='1161' visible='true' version='1' lat='0.0001666126' lon='0.00019250838' />
  <node id='1162' visible='true' version='1' lat='0.00018768367' lon='0.00019134606' />
  <node id='1163' visible='true' version='1' lat='0.00020875474' lon='0.00019018373' />
  <node id='1164' visible='true' version='1' lat='0.0002298258' lon='0.0001890214' />
  <node id='1165' visible='true' version='1' lat='0.00025089687' lon='0.00018785908' />
  <node id='1166' visible='true' version='1' lat='0.00027196793' lon='0.00018669675' />
  <node id='1168' visible='true' version='1' lat='0.00014840091' lon='0.00000644559' />
  <node id='1169' visible='true' version='1' lat='0.00015466205' lon='0.00002723184' />
  <node id='1170' visible='true' version='1' lat='0.0001641197' lon='0.00004678928' />
  <node id='1171' visible='true' version='1' lat='0.00017654099' lon='0.00006463633' />
  <node id='1172' visible='true' version='1' lat='0.00019162006' lon='0.00008033355' />
  <node id='1173' visible='true' version='1' lat='0.00020898562' lon='0.00009349441' />
  <node id='1174' visible='true' version='1' lat='0.00022821008' lon='0.00010379485' />
  <node id='1175' visible='true' version='1' lat='0.00024882005' lon='0.00011098125' />
  <node id='1176' visible='true' version='1' lat='0.00027030805' lon='0.00011487664' />
  <node id='1178' visible='true' version='1' lat='0.00012014539' lon='0.00000928053' />
  <node id='1179' visible='true' version='1' lat='0.00012580084' lon='0.00003289683' />
  <node id='1180' visible='true' version='1' lat='0.00013478233' lon='0.00005547329' />
  <node id='1181' visible='true' version='1' lat='0.00014690702' lon='0.00007655031' />
  <node id='1182' visible='true' version='1' lat='0.00016192809' lon='0.00009569883' />
  <node id='1183' visible='true' version='1' lat='0.00017953974' lon='0.00011252902' />
  <node id='1184' visible='true' version='1' lat='0.00019938347' lon='0.0001266983' />
  <node id='1185' visible='true' version='1' lat='0.00022105531' lon='0.00013791819' />
  <node id='1186' visible='true' version='1' lat='0.00024411407' lon='0.00014596031' />
  <node id='1187' visible='true' version='1' lat='0.00026809036' lon='0.00015066093' />
  <node id='1189' visible='true' version='1' lat='0.00006206703' lon='0.00000955072' />
  <node id='1190' visible='true' version='1' lat='0.00006796715' lon='0.00003316498' />
  <node id='1191' visible='true' version='1' lat='0.00007649195' lon='0.00005597459' />
  <node id='1192' visible='true' version='1' lat='0.00008753423' lon='0.00007769268' />
  <node id='1193' visible='true' version='1' lat='0.00010095511' lon='0.00009804615' />
  <node id='1194' visible='true' version='1' lat='0.00011658584' lon='0.00011677904' />
  <node id='1195' visible='true' version='1' lat='0.00013422983' lon='0.00013365578' />
  <node id='1196' visible='true' version='1' lat='0.00015366522' lon='0.00014846412' />
  <node id='1197' visible='true' version='1' lat='0.00017464758' lon='0.00016101784' />
  <node id='1198' visible='true' version='1' lat='0.00019691305' lon='0.00017115907' />
  <node id='1199' visible='true' version='1' lat='0.00022018163' lon='0.00017876029' />
  <node id='1200' visible='true' version='1' lat='0.00024416071' lon='0.00018372589' />
  <node id='1201' visible='true' version='1' lat='0.00026854873' lon='0.00018599344' />
  <node id='1203' visible='true' version='1' lat='0.00014598849' lon='0.0002566082' />
  <node id='1204' visible='true' version='1' lat='0.00014042938' lon='0.00023381137' />
  <node id='1205' visible='true' version='1' lat='0.00013134848' lon='0.00021215902' />
  <node id='1206' visible='true' version='1' lat='0.00011896938' lon='0.00019218431' />
  <node id='1207' visible='true' version='1' lat='0.00010359689' lon='0.00017437907' />
  <node id='1208' visible='true' version='1' lat='0.00008560954' lon='0.00015918173' />
  <node id='1209' visible='true' version='1' lat='0.00006545024' lon='0.0001469665' />
  <node id='1210' visible='true' version='1' lat='0.00004361537' lon='0.00013803416' />
  <node id='1211' visible='true' version='1' lat='0.00002064257' lon='0.00013260465' />
  <node id='1213' visible='true' version='1' lat='0.00017292367' lon='0.00025684491' />
  <node id='1214' visible='true' version='1' lat='0.00016873377' lon='0.00023374358' />
  <node id='1215' visible='true' version='1' lat='0.00016154407' lon='0.00021138311' />
  <node id='1216' visible='true' version='1' lat='0.00015147758' lon='0.00019014611' />
  <node id='1217' visible='true' version='1' lat='0.00013870655' lon='0.00017039593' />
  <node id='1218' visible='true' version='1' lat='0.00012344948' lon='0.00015247052' />
  <node id='1219' visible='true' version='1' lat='0.00010596744' lon='0.00013667657' />
  <node id='1220' visible='true' version='1' lat='0.00008655954' lon='0.00012328433' />
  <node id='1221' visible='true' version='1' lat='0.00006555786' lon='0.00011252295' />
  <node id='1222' visible='true' version='1' lat='0.00004332174' lon='0.00010457655' />
  <node id='1223' visible='true' version='1' lat='0.00002023165' lon='0.00009958109' />
  <node id='1225' visible='true' version='1' lat='0.00023311167' lon='0.00025819097' />
  <node id='1226' visible='true' version='1' lat='0.00022845629' lon='0.00023465798' />
  <node id='1227' visible='true' version='1' lat='0.00022134997' lon='0.00021173727' />
  <node id='1228' visible='true' version='1' lat='0.00021187057' lon='0.00018967996' />
  <node id='1229' visible='true' version='1' lat='0.00020012194' lon='0.00016872772' />
  <node id='1230' visible='true' version='1' lat='0.0001862328' lon='0.0001491101' />
  <node id='1231' visible='true' version='1' lat='0.00017035534' lon='0.00013104205' />
  <node id='1232' visible='true' version='1' lat='0.00015266349' lon='0.0001147215' />
  <node id='1233' visible='true' version='1' lat='0.00013335111' lon='0.00010032728' />
  <node id='1234' visible='true' version='1' lat='0.00011262977' lon='0.0000880171' />
  <node id='1235' visible='true' version='1' lat='0.00009072652' lon='0.00007792582' />
  <node id='1236' visible='true' version='1' lat='0.00006788132' lon='0.00007016401' />
  <node id='1237' visible='true' version='1' lat='0.00004434446' lon='0.00006481671' />
  <node id='1238' visible='true' version='1' lat='0.00002037384' lon='0.0000619425' />
  <node id='1240' visible='true' version='1' lat='0.00026801585' lon='0.00008729054' />
  <node id='1241' visible='true' version='1' lat='0.00024468175' lon='0.00009357614' />
  <node id='1242' visible='true' version='1' lat='0.00022237325' lon='0.00010283329' />
  <node id='1243' visible='true' version='1' lat='0.00020147204' lon='0.0001149036' />
  <node id='1244' visible='true' version='1' lat='0.00018233576' lon='0.00012958053' />
  <node id='1245' visible='true' version='1' lat='0.00016529182' lon='0.00014661296' />
  <node id='1246' visible='true' version='1' lat='0.00015063186' lon='0.00016570947' />
  <node id='1247' visible='true' version='1' lat='0.0001386067' lon='0.00018654331' />
  <node id='1248' visible='true' version='1' lat='0.00012942212' lon='0.000208758' />
  <node id='1249' visible='true' version='1' lat='0.00012323524' lon='0.00023197344' />
  <node id='1250' visible='true' version='1' lat='0.00012015195' lon='0.00025579241' />
  <node id='1252' visible='true' version='1' lat='0.00026806152' lon='0.00008532404' />
  <node id='1253' visible='true' version='1' lat='0.0002444716' lon='0.00008941832' />
  <node id='1254' visible='true' version='1' lat='0.00022155051' lon='0.00009630717' />
  <node id='1255' visible='true' version='1' lat='0.0001996325' lon='0.00010589012' />
  <node id='1256' visible='true' version='1' lat='0.00017903718' lon='0.00011802744' />
  <node id='1257' visible='true' version='1' lat='0.00016006487' lon='0.00013254213' />
  <node id='1258' visible='true' version='1' lat='0.00014299223' lon='0.00014922255' />
  <node id='1259' visible='true' version='1' lat='0.00012806823' lon='0.00016782545' />
  <node id='1260' visible='true' version='1' lat='0.00011551048' lon='0.00018807957' />
  <node id='1261' visible='true' version='1' lat='0.00010550211' lon='0.00020968954' />
  <node id='1262' visible='true' version='1' lat='0.00009818906' lon='0.00023234026' />
  <node id='1263' visible='true' version='1' lat='0.00009367797' lon='0.00025570141' />
  <node id='1265' visible='true' version='1' lat='0.00027019762' lon='0.00011846862' />
  <node id='1266' visible='true' version='1' lat='0.00024891544' lon='0.00012462327' />
  <node id='1267' visible='true' version='1' lat='0.00022873169' lon='0.00013372377' />
  <node id='1268' visible='true' version='1' lat='0.00021005724' lon='0.00014558486' />
  <node id='1269' visible='true' version='1' lat='0.00019327225' lon='0.00015996508' />
  <node id='1270' visible='true' version='1' lat='0.00017871842' lon='0.00017657169' />
  <node id='1271' visible='true' version='1' lat='0.00016669202' lon='0.00019506663' />
  <node id='1272' visible='true' version='1' lat='0.00015743788' lon='0.0002150734' />
  <node id='1273' visible='true' version='1' lat='0.00015114438' lon='0.00023618471' />
  <node id='1274' visible='true' version='1' lat='0.00014793964' lon='0.0002579708' />
  <node id='1287' visible='true' version='1' lat='0.00026728175' lon='0.00004539912' />
  <node id='1288' visible='true' version='1' lat='0.00024313011' lon='0.00004946034' />
  <node id='1289' visible='true' version='1' lat='0.00021953814' lon='0.00005600694' />
  <node id='1290' visible='true' version='1' lat='0.00019676433' lon='0.0000649672' />
  <node id='1291' visible='true' version='1' lat='0.00017505819' lon='0.00007624296' />
  <node id='1292' visible='true' version='1' lat='0.00015465754' lon='0.00008971066' />
  <node id='1293' visible='true' version='1' lat='0.00013578589' lon='0.00010522276' />
  <node id='1294' visible='true' version='1' lat='0.00011865' lon='0.0001226093' />
  <node id='1295' visible='true' version='1' lat='0.00010343763' lon='0.00014167979' />
  <node id='1296' visible='true' version='1' lat='0.00009031543' lon='0.00016222529' />
  <node id='1297' visible='true' version='1' lat='0.00007942718' lon='0.00018402071' />
  <node id='1298' visible='true' version='1' lat='0.00007089217' lon='0.00020682724' />
  <node id='1299' visible='true' version='1' lat='0.00006480391' lon='0.00023039501' />
  <node id='1300' visible='true' version='1' lat='0.00006122911' lon='0.00025446581' />
  <node id='1302' visible='true' version='1' lat='0.00002020029' lon='0.00012912605' />
  <node id='1303' visible='true' version='1' lat='0.00004275315' lon='0.0001238713' />
  <node id='1304' visible='true' version='1' lat='0.00006420078' lon='0.00011517683' />
  <node id='1305' visible='true' version='1' lat='0.00008401507' lon='0.00010325671' />
  <node id='1306' visible='true' version='1' lat='0.00010170813' lon='0.00008840445' />
  <node id='1307' visible='true' version='1' lat='0.0001168443' lon='0.00007098578' />
  <node id='1308' visible='true' version='1' lat='0.00012905087' lon='0.00005142959' />
  <node id='1309' visible='true' version='1' lat='0.00013802727' lon='0.00003021743' />
  <node id='1310' visible='true' version='1' lat='0.00014355249' lon='0.00000787161' />
  <node id='1323' visible='true' version='1' lat='0.00002067946' lon='0.00016069111' />
  <node id='1324' visible='true' version='1' lat='0.00004325573' lon='0.00015591227' />
  <node id='1325' visible='true' version='1' lat='0.00006501088' lon='0.00014824724' />
  <node id='1326' visible='true' version='1' lat='0.00008557269' lon='0.00013782718' />
  <node id='1327' visible='true' version='1' lat='0.00010458934' lon='0.00012483037' />
  <node id='1328' visible='true' version='1' lat='0.00012173544' lon='0.0001094792' />
  <node id='1329' visible='true' version='1' lat='0.00013671761' lon='0.00009203633' />
  <node id='1330' visible='true' version='1' lat='0.00014927952' lon='0.00007280022' />
  <node id='1331' visible='true' version='1' lat='0.00015920621' lon='0.00005209998' />
  <node id='1332' visible='true' version='1' lat='0.00016632785' lon='0.00003028983' />
  <node id='1333' visible='true' version='1' lat='0.00017052258' lon='0.00000774292' />
  <node id='1335' visible='true' version='1' lat='0.00002064527' lon='0.00016243514' />
  <node id='1336' visible='true' version='1' lat='0.00004344653' lon='0.00015961775' />
  <node id='1337' visible='true' version='1' lat='0.00006573966' lon='0.00015409091' />
  <node id='1338' visible='true' version='1' lat='0.00008719958' lon='0.00014593522' />
  <node id='1339' visible='true' version='1' lat='0.00010751333' lon='0.0001352696' />
  <node id='1340' visible='true' version='1' lat='0.00012638472' lon='0.00012224958' />
  <node id='1341' visible='true' version='1' lat='0.00014353855' lon='0.00010706503' />
  <node id='1342' visible='true' version='1' lat='0.00015872467' lon='0.00008993737' />
  <node id='1343' visible='true' version='1' lat='0.00017172164' lon='0.00007111635' />
  <node id='1344' visible='true' version='1' lat='0.00018233994' lon='0.00005087644' />
  <node id='1345' visible='true' version='1' lat='0.00019042473' lon='0.00002951277' />
  <node id='1346' visible='true' version='1' lat='0.0001958581' lon='0.00000733688' />
  <node id='1348' visible='true' version='1' lat='0.00002175169' lon='0.00020137275' />
  <node id='1349' visible='true' version='1' lat='0.00004528373' lon='0.00019847936' />
  <node id='1350' visible='true' version='1' lat='0.00006838239' lon='0.00019315853' />
  <node id='1351' visible='true' version='1' lat='0.00009079458' lon='0.00018546853' />
  <node id='1352' visible='true' version='1' lat='0.00011227476' lon='0.00017549364' />
  <node id='1353' visible='true' version='1' lat='0.00013258758' lon='0.00016334313' />
  <node id='1354' visible='true' version='1' lat='0.00015151048' lon='0.00014915012' />
  <node id='1355' visible='true' version='1' lat='0.00016883616' lon='0.00013307013' />
  <node id='1356' visible='true' version='1' lat='0.00018437477' lon='0.00011527932' />
  <node id='1357' visible='true' version='1' lat='0.00019795609' lon='0.00009597262' />
  <node id='1358' visible='true' version='1' lat='0.0002094313' lon='0.00007536155' />
  <node id='1359' visible='true' version='1' lat='0.00021867469' lon='0.00005367193' />
  <node id='1360' visible='true' version='1' lat='0.00022558498' lon='0.00003114141' />
  <node id='1361' visible='true' version='1' lat='0.00023008646' lon='0.00000801682' />
  <node id='1363' visible='true' version='1' lat='0.00009487243' lon='0.00000907093' />
  <node id='1364' visible='true' version='1' lat='0.00010174018' lon='0.00003216661' />
  <node id='1365' visible='true' version='1' lat='0.00011158409' lon='0.00005417428' />
  <node id='1366' visible='true' version='1' lat='0.00012423572' lon='0.00007471739' />
  <node id='1367' visible='true' version='1' lat='0.0001394786' lon='0.00009344444' />
  <node id='1368' visible='true' version='1' lat='0.00015705192' lon='0.000110035' />
  <node id='1369' visible='true' version='1' lat='0.000176655' lon='0.0001242052' />
  <node id='1370' visible='true' version='1' lat='0.00019795241' lon='0.00013571259' />
  <node id='1371' visible='true' version='1' lat='0.00022057977' lon='0.00014436027' />
  <node id='1372' visible='true' version='1' lat='0.00024414989' lon='0.00015000027' />
  <node id='1373' visible='true' version='1' lat='0.00026825951' lon='0.0001525361' />
  <node id='1375' visible='true' version='1' lat='0.00020008429' lon='0.00025823746' />
  <node id='1376' visible='true' version='1' lat='0.00019458546' lon='0.00023538021' />
  <node id='1377' visible='true' version='1' lat='0.00018635303' lon='0.000213348' />
  <node id='1378' visible='true' version='1' lat='0.00017550703' lon='0.00019246209' />
  <node id='1379' visible='true' version='1' lat='0.00016220562' lon='0.00017302706' />
  <node id='1380' visible='true' version='1' lat='0.00014664277' lon='0.0001553263' />
  <node id='1381' visible='true' version='1' lat='0.00012904543' lon='0.00013961793' />
  <node id='1382' visible='true' version='1' lat='0.00010967019' lon='0.00012613103' />
  <node id='1383' visible='true' version='1' lat='0.0000887996' lon='0.00011506225' />
  <node id='1384' visible='true' version='1' lat='0.000066738' lon='0.000106573' />
  <node id='1385' visible='true' version='1' lat='0.00004380708' lon='0.00010078708' />
  <node id='1386' visible='true' version='1' lat='0.00002034125' lon='0.00009778886' />
  <node id='1388' visible='true' version='1' lat='0.0001181438' lon='0.00000837209' />
  <node id='1389' visible='true' version='1' lat='0.00011428578' lon='0.00003132225' />
  <node id='1390' visible='true' version='1' lat='0.00010647426' lon='0.0000532583' />
  <node id='1391' visible='true' version='1' lat='0.00009494659' lon='0.00007351371' />
  <node id='1392' visible='true' version='1' lat='0.00008005302' lon='0.00009147303' />
  <node id='1393' visible='true' version='1' lat='0.0000622461' lon='0.00010659059' />
  <node id='1394' visible='true' version='1' lat='0.00004206688' lon='0.00011840704' />
  <node id='1395' visible='true' version='1' lat='0.0000201285' lon='0.00012656334' />
  <node id='1397' visible='true' version='1' lat='0.00009092694' lon='0.00000556701' />
  <node id='1398' visible='true' version='1' lat='0.00008677484' lon='0.00002542864' />
  <node id='1399' visible='true' version='1' lat='0.0000788016' lon='0.00004410401' />
  <node id='1400' visible='true' version='1' lat='0.00006731361' lon='0.00006087546' />
  <node id='1401' visible='true' version='1' lat='0.00005275237' lon='0.00007509845' />
  <node id='1402' visible='true' version='1' lat='0.00003567745' lon='0.00008622642' />
  <node id='1403' visible='true' version='1' lat='0.00001674503' lon='0.00009383171' />
  <node id='1405' visible='true' version='1' lat='0.00001813184' lon='0.00016678857' />
  <node id='1406' visible='true' version='1' lat='0.00003736022' lon='0.00017495828' />
  <node id='1407' visible='true' version='1' lat='0.00005461455' lon='0.00018669717' />
  <node id='1408' visible='true' version='1' lat='0.00006923177' lon='0.00020155411' />
  <node id='1409' visible='true' version='1' lat='0.00008065015' lon='0.00021895818' />
  <node id='1410' visible='true' version='1' lat='0.00008843087' lon='0.00023824053' />
  <node id='1411' visible='true' version='1' lat='0.00009227494' lon='0.00025866016' />
  <node id='1413' visible='true' version='1' lat='0.00002118571' lon='0.00016436636' />
  <node id='1414' visible='true' version='1' lat='0.00004388501' lon='0.00017075218' />
  <node id='1415' visible='true' version='1' lat='0.00006489394' lon='0.00018141407' />
  <node id='1416' visible='true' version='1' lat='0.00008340514' lon='0.0001959423' />
  <node id='1417' visible='true' version='1' lat='0.00009870723' lon='0.00021377855' />
  <node id='1418' visible='true' version='1' lat='0.00011021217' lon='0.00023423739' />
  <node id='1419' visible='true' version='1' lat='0.00011747783' lon='0.00025653259' />
  <node id='1421' visible='true' version='1' lat='0.00002060743' lon='0.00013519004' />
  <node id='1422' visible='true' version='1' lat='0.00004299474' lon='0.00014355702' />
  <node id='1423' visible='true' version='1' lat='0.00006357924' lon='0.00015565838' />
  <node id='1424' visible='true' version='1' lat='0.00008173547' lon='0.00017112642' />
  <node id='1425' visible='true' version='1' lat='0.00009691177' lon='0.00018949116' />
  <node id='1426' visible='true' version='1' lat='0.00010864702' lon='0.00021019459' />
  <node id='1427' visible='true' version='1' lat='0.00011658463' lon='0.00023260765' />
  <node id='1428' visible='true' version='1' lat='0.00012048344' lon='0.00025604933' />
  <node id='1430' visible='true' version='1' lat='0.00017204328' lon='0.00025792446' />
  <node id='1431' visible='true' version='1' lat='0.0001735917' lon='0.00023552188' />
  <node id='1432' visible='true' version='1' lat='0.00017864922' lon='0.00021363572' />
  <node id='1433' visible='true' version='1' lat='0.00018709129' lon='0.00019280489' />
  <node id='1434' visible='true' version='1' lat='0.00019871005' lon='0.0001735423' />
  <node id='1435' visible='true' version='1' lat='0.00021321941' lon='0.00015632228' />
  <node id='1436' visible='true' version='1' lat='0.00023026208' lon='0.00014156884' />
  <node id='1437' visible='true' version='1' lat='0.00024941844' lon='0.00012964525' />
  <node id='1438' visible='true' version='1' lat='0.00027021678' lon='0.00012084511' />
  <node id='1440' visible='true' version='1' lat='0.00020090473' lon='0.00025985525' />
  <node id='1441' visible='true' version='1' lat='0.00020334408' lon='0.00023818031' />
  <node id='1442' visible='true' version='1' lat='0.00020999363' lon='0.00021739456' />
  <node id='1443' visible='true' version='1' lat='0.00022059783' lon='0.00019829678' />
  <node id='1444' visible='true' version='1' lat='0.00023474918' lon='0.00018162088' />
  <node id='1445' visible='true' version='1' lat='0.00025190385' lon='0.00016800772' />
  <node id='1446' visible='true' version='1' lat='0.00027140259' lon='0.00015798043' />
  <node id='1448' visible='true' version='1' lat='0.0002703047' lon='0.00008395472' />
  <node id='1449' visible='true' version='1' lat='0.00024907492' lon='0.00007962829' />
  <node id='1450' visible='true' version='1' lat='0.00022910281' lon='0.00007127099' />
  <node id='1451' visible='true' version='1' lat='0.00021115587' lon='0.00005920398' />
  <node id='1452' visible='true' version='1' lat='0.0001959238' lon='0.00004389101' />
  <node id='1453' visible='true' version='1' lat='0.00018399195' lon='0.00002592054' />
  <node id='1454' visible='true' version='1' lat='0.00017581887' lon='0.00000598316' />
  <node id='1456' visible='true' version='1' lat='0.00027053125' lon='0.00008093783' />
  <node id='1457' visible='true' version='1' lat='0.0002503287' lon='0.00007313049' />
  <node id='1458' visible='true' version='1' lat='0.00023238168' lon='0.00006105351' />
  <node id='1459' visible='true' version='1' lat='0.00021759012' lon='0.00004531246' />
  <node id='1460' visible='true' version='1' lat='0.00020669574' lon='0.00002669668' />
  <node id='1461' visible='true' version='1' lat='0.00020024482' lon='0.00000613963' />
  <node id='1463' visible='true' version='1' lat='0.00027036217' lon='0.00011253675' />
  <node id='1464' visible='true' version='1' lat='0.00024940824' lon='0.00010597445' />
  <node id='1465' visible='true' version='1' lat='0.00022991985' lon='0.00009589758' />
  <node id='1466' visible='true' version='1' lat='0.00021248917' lon='0.00008261234' />
  <node id='1467' visible='true' version='1' lat='0.0001976458' lon='0.00006652238' />
  <node id='1468' visible='true' version='1' lat='0.00018584075' lon='0.0000481166' />
  <node id='1469' visible='true' version='1' lat='0.00017743272' lon='0.00002795424' />
  <node id='1470' visible='true' version='1' lat='0.00017267718' lon='0.00000664793' />
  <way id='-124111' action='modify' visible='true'>
    <nd ref='-138524' />
    <nd ref='-138455' />
    <nd ref='-138469' />
    <nd ref='-138671' />
    <nd ref='-138673' />
    <nd ref='-138674' />
    <nd ref='-138672' />
    <nd ref='-138675' />
    <nd ref='-138468' />
    <tag k='subtype' v='low' />
    <tag k='type' v='line_thin' />
  </way>
  <way id='-124112' visible='true'>
    <nd ref='-138500' />
    <nd ref='-138502' />
    <nd ref='-138482' />
    <nd ref='-138510' />
    <tag k='type' v='stop_line' />
  </way>
  <way id='-124113' action='modify' visible='true'>
    <nd ref='-138820' />
    <nd ref='-138746' />
    <nd ref='-138745' />
    <nd ref='-138750' />
    <nd ref='-138748' />
    <nd ref='-138747' />
    <nd ref='-138751' />
    <nd ref='-138754' />
    <nd ref='-138753' />
    <nd ref='-138752' />
    <nd ref='-138755' />
    <nd ref='-138749' />
    <nd ref='-138480' />
    <tag k='type' v='line_thin' />
  </way>
  <way id='-124115' action='modify' visible='true'>
    <nd ref='-138466' />
    <nd ref='-138620' />
    <nd ref='-138614' />
    <nd ref='-138622' />
    <nd ref='-138616' />
    <nd ref='-138623' />
    <nd ref='-138617' />
    <nd ref='-138624' />
    <nd ref='-138618' />
    <nd ref='-138612' />
    <nd ref='-138619' />
    <nd ref='-138613' />
    <nd ref='-138621' />
    <nd ref='-138615' />
    <nd ref='-138505' />
    <tag k='type' v='line_thin' />
  </way>
  <way id='-124116' visible='true'>
    <nd ref='-138538' />
    <nd ref='-138801' />
    <nd ref='-138802' />
    <nd ref='-138803' />
    <nd ref='-138539' />
    <tag k='type' v='line_thin' />
  </way>
  <way id='-124117' visible='true'>
    <nd ref='-138554' />
    <nd ref='-138477' />
    <tag k='type' v='stop_line' />
  </way>
  <way id='-124118' action='modify' visible='true'>
    <nd ref='-138471' />
    <nd ref='-138689' />
    <nd ref='-138691' />
    <nd ref='-138690' />
    <nd ref='-138692' />
    <nd ref='-138693' />
    <nd ref='-138554' />
    <tag k='subtype' v='low' />
    <tag k='type' v='line_thin' />
  </way>
  <way id='-124119' visible='true'>
    <nd ref='-138472' />
    <nd ref='-138684' />
    <nd ref='-138686' />
    <nd ref='-138685' />
    <nd ref='-138687' />
    <nd ref='-138688' />
    <nd ref='-138478' />
    <tag k='type' v='line_thin' />
  </way>
  <way id='-124120' action='modify' visible='true'>
    <nd ref='-138473' />
    <nd ref='-138562' />
    <nd ref='-138725' />
    <nd ref='-138722' />
    <nd ref='-138731' />
    <nd ref='-138728' />
    <nd ref='-138724' />
    <nd ref='-138733' />
    <nd ref='-138730' />
    <nd ref='-138727' />
    <nd ref='-138723' />
    <nd ref='-138732' />
    <nd ref='-138729' />
    <nd ref='-138726' />
    <nd ref='-138561' />
    <nd ref='-138546' />
    <nd ref='-138518' />
    <nd ref='-138515' />
    <nd ref='-138523' />
    <nd ref='-138468' />
    <nd ref='-138543' />
    <nd ref='-138537' />
    <nd ref='-138531' />
    <nd ref='-138498' />
    <nd ref='-138506' />
    <nd ref='-138501' />
    <nd ref='-138499' />
    <nd ref='-138487' />
    <nd ref='-138461' />
    <nd ref='-138476' />
    <nd ref='-138471' />
    <nd ref='-138552' />
    <nd ref='-138558' />
    <nd ref='-138473' />
    <tag k='area' v='yes' />
    <tag k='subtype' v='low' />
    <tag k='type' v='curbstone' />
  </way>
  <way id='-124121' visible='true'>
    <nd ref='-138554' />
    <nd ref='-138553' />
    <nd ref='-138552' />
    <tag k='subtype' v='low' />
    <tag k='type' v='curbstone' />
  </way>
  <way id='-124122' visible='true'>
    <nd ref='-138474' />
    <nd ref='-138694' />
    <nd ref='-138696' />
    <nd ref='-138695' />
    <nd ref='-138697' />
    <nd ref='-138698' />
    <nd ref='-138477' />
    <tag k='type' v='line_thin' />
  </way>
  <way id='-124123' action='modify' visible='true'>
    <nd ref='-138491' />
    <nd ref='-138683' />
    <nd ref='-138679' />
    <nd ref='-138680' />
    <nd ref='-138682' />
    <nd ref='-138681' />
    <nd ref='-138678' />
    <nd ref='-138475' />
    <tag k='type' v='line_thin' />
  </way>
  <way id='-124124' action='modify' visible='true'>
    <nd ref='-138461' />
    <nd ref='-138456' />
    <nd ref='-138457' />
    <nd ref='-138458' />
    <nd ref='-138459' />
    <nd ref='-138676' />
    <nd ref='-138460' />
    <nd ref='-138677' />
    <nd ref='-138476' />
    <tag k='subtype' v='low' />
    <tag k='type' v='line_thin' />
  </way>
  <way id='-124125' visible='true'>
    <nd ref='-138477' />
    <nd ref='-138795' />
    <nd ref='-138492' />
    <tag k='type' v='virtual' />
  </way>
  <way id='-124126' visible='true'>
    <nd ref='-138478' />
    <nd ref='-138789' />
    <nd ref='-138549' />
    <tag k='type' v='virtual' />
  </way>
  <way id='-124127' visible='true'>
    <nd ref='-138545' />
    <nd ref='-138513' />
    <tag k='type' v='stop_line' />
  </way>
  <way id='-124128' visible='true'>
    <nd ref='-138479' />
    <nd ref='-138766' />
    <nd ref='-138761' />
    <nd ref='-138756' />
    <nd ref='-138762' />
    <nd ref='-138757' />
    <nd ref='-138763' />
    <nd ref='-138758' />
    <nd ref='-138764' />
    <nd ref='-138759' />
    <nd ref='-138765' />
    <nd ref='-138760' />
    <nd ref='-138526' />
    <tag k='type' v='line_thin' />
  </way>
  <way id='-124129' visible='true'>
    <nd ref='-138480' />
    <nd ref='-138737' />
    <nd ref='-138740' />
    <nd ref='-138743' />
    <nd ref='-138735' />
    <nd ref='-138738' />
    <nd ref='-138741' />
    <nd ref='-138744' />
    <nd ref='-138736' />
    <nd ref='-138739' />
    <nd ref='-138742' />
    <nd ref='-138734' />
    <nd ref='-138513' />
    <tag k='type' v='line_thin' />
  </way>
  <way id='-124130' visible='true'>
    <nd ref='-138482' />
    <nd ref='-138791' />
    <nd ref='-138494' />
    <tag k='type' v='virtual' />
  </way>
  <way id='-124131' action='modify' visible='true'>
    <nd ref='-138499' />
    <nd ref='-138454' />
    <nd ref='-138488' />
    <nd ref='-138489' />
    <nd ref='-138470' />
    <nd ref='-138490' />
    <nd ref='-138651' />
    <nd ref='-138486' />
    <nd ref='-138487' />
    <nd ref='-138483' />
    <nd ref='-138484' />
    <nd ref='-138485' />
    <nd ref='-138461' />
    <tag k='name' v='E_6:N_0' />
    <tag k='subtype' v='low' />
    <tag k='type' v='curbstone' />
  </way>
  <way id='-124132' action='modify' visible='true'>
    <nd ref='-138552' />
    <nd ref='-138492' />
    <nd ref='-138491' />
    <nd ref='-138461' />
    <tag k='direction' v='N' />
    <tag k='position' v='outside' />
    <tag k='type' v='zebra_marking' />
  </way>
  <way id='-124133' action='modify' visible='true'>
    <nd ref='-138652' />
    <nd ref='-138514' />
    <nd ref='-138488' />
    <tag k='direction' v='N' />
    <tag k='position' v='inside' />
    <tag k='type' v='zebra_marking' />
  </way>
  <way id='-124134' action='modify' visible='true'>
    <nd ref='-138653' />
    <nd ref='-138527' />
    <nd ref='-138496' />
    <nd ref='-138519' />
    <tag k='direction' v='W' />
    <tag k='position' v='inside' />
    <tag k='type' v='zebra_marking' />
  </way>
  <way id='-124135' action='modify' visible='true'>
    <nd ref='-138473' />
    <nd ref='-138817' />
    <nd ref='-138820' />
    <nd ref='-138818' />
    <nd ref='-138819' />
    <nd ref='-138518' />
    <tag k='direction' v='W' />
    <tag k='position' v='outside' />
    <tag k='type' v='zebra_marking' />
  </way>
  <way id='-124136' action='modify' visible='true'>
    <nd ref='-138651' />
    <nd ref='-138462' />
    <nd ref='-138493' />
    <nd ref='-138495' />
    <nd ref='-138511' />
    <nd ref='-138497' />
    <nd ref='-138531' />
    <tag k='direction' v='E' />
    <tag k='position' v='inside' />
    <tag k='type' v='zebra_marking' />
  </way>
  <way id='-124137' action='modify' visible='true'>
    <nd ref='-138499' />
    <nd ref='-138816' />
    <nd ref='-138494' />
    <nd ref='-138466' />
    <nd ref='-138815' />
    <nd ref='-138814' />
    <nd ref='-138498' />
    <tag k='direction' v='E' />
    <tag k='position' v='outside' />
    <tag k='type' v='zebra_marking' />
  </way>
  <way id='-124138' action='modify' visible='true'>
    <nd ref='-138502' />
    <nd ref='-138790' />
    <nd ref='-138816' />
    <tag k='type' v='virtual' />
  </way>
  <way id='-124139' action='modify' visible='true'>
    <nd ref='-138500' />
    <nd ref='-138793' />
    <nd ref='-138499' />
    <tag k='subtype' v='low' />
    <tag k='type' v='curbstone' />
  </way>
  <way id='-124140' visible='true'>
    <nd ref='-138501' />
    <nd ref='-138625' />
    <nd ref='-138569' />
    <nd ref='-138565' />
    <nd ref='-138568' />
    <nd ref='-138563' />
    <nd ref='-138567' />
    <nd ref='-138564' />
    <nd ref='-138572' />
    <nd ref='-138566' />
    <nd ref='-138626' />
    <nd ref='-138571' />
    <nd ref='-138500' />
    <tag k='subtype' v='low' />
    <tag k='type' v='curbstone' />
  </way>
  <way id='-124141' visible='true'>
    <nd ref='-138503' />
    <nd ref='-138631' />
    <nd ref='-138630' />
    <nd ref='-138628' />
    <nd ref='-138627' />
    <nd ref='-138635' />
    <nd ref='-138570' />
    <nd ref='-138629' />
    <nd ref='-138637' />
    <nd ref='-138632' />
    <nd ref='-138633' />
    <nd ref='-138636' />
    <nd ref='-138634' />
    <nd ref='-138502' />
    <tag k='type' v='line_thin' />
  </way>
  <way id='-124142' visible='true'>
    <nd ref='-138504' />
    <nd ref='-138640' />
    <nd ref='-138645' />
    <nd ref='-138649' />
    <nd ref='-138642' />
    <nd ref='-138643' />
    <nd ref='-138647' />
    <nd ref='-138639' />
    <nd ref='-138644' />
    <nd ref='-138646' />
    <nd ref='-138641' />
    <nd ref='-138638' />
    <nd ref='-138648' />
    <nd ref='-138482' />
    <tag k='type' v='line_thin' />
  </way>
  <way id='-124144' action='modify' visible='true'>
    <nd ref='-138815' />
    <nd ref='-138599' />
    <nd ref='-138600' />
    <nd ref='-138601' />
    <nd ref='-138602' />
    <nd ref='-138603' />
    <nd ref='-138604' />
    <nd ref='-138605' />
    <nd ref='-138606' />
    <nd ref='-138607' />
    <nd ref='-138608' />
    <nd ref='-138609' />
    <nd ref='-138610' />
    <nd ref='-138611' />
    <nd ref='-138509' />
    <tag k='subtype' v='dashed' />
    <tag k='type' v='line_thin' />
  </way>
  <way id='-124145' action='modify' visible='true'>
    <nd ref='-138525' />
    <nd ref='-138670' />
    <nd ref='-138667' />
    <nd ref='-138669' />
    <nd ref='-138666' />
    <nd ref='-138668' />
    <nd ref='-138508' />
    <tag k='type' v='line_thin' />
  </way>
  <way id='-124146' action='modify' visible='true'>
    <nd ref='-138510' />
    <nd ref='-138792' />
    <nd ref='-138466' />
    <tag k='type' v='virtual' />
  </way>
  <way id='-124147' action='modify' visible='true'>
    <nd ref='-138513' />
    <nd ref='-138796' />
    <nd ref='-138820' />
    <tag k='type' v='virtual' />
  </way>
  <way id='-124148' action='modify' visible='true'>
    <nd ref='-138524' />
    <nd ref='-138525' />
    <nd ref='-138538' />
    <nd ref='-138821' />
    <nd ref='-138537' />
    <tag k='direction' v='S' />
    <tag k='name' v='S_crosswalk' />
    <tag k='position' v='outside' />
    <tag k='type' v='zebra_marking' />
  </way>
  <way id='-124149' action='modify' visible='true'>
    <nd ref='-138650' />
    <nd ref='-138512' />
    <nd ref='-138794' />
    <tag k='direction' v='S' />
    <tag k='position' v='inside' />
    <tag k='type' v='zebra_marking' />
  </way>
  <way id='-124150' visible='true'>
    <nd ref='-138518' />
    <nd ref='-138517' />
    <nd ref='-138516' />
    <nd ref='-138650' />
    <nd ref='-138464' />
    <nd ref='-138515' />
    <nd ref='-138519' />
    <nd ref='-138520' />
    <nd ref='-138521' />
    <nd ref='-138522' />
    <nd ref='-138523' />
    <nd ref='-138524' />
    <tag k='name' v='W_6:S_0' />
    <tag k='subtype' v='low' />
    <tag k='type' v='curbstone' />
  </way>
  <way id='-124151' action='modify' visible='true'>
    <nd ref='-138545' />
    <nd ref='-138799' />
    <nd ref='-138518' />
    <tag k='subtype' v='low' />
    <tag k='type' v='curbstone' />
  </way>
  <way id='-124152' action='modify' visible='true'>
    <nd ref='-138526' />
    <nd ref='-138797' />
    <nd ref='-138818' />
    <tag k='type' v='virtual' />
  </way>
  <way id='-124153' action='modify' visible='true'>
    <nd ref='-138547' />
    <nd ref='-138798' />
    <nd ref='-138819' />
    <tag k='type' v='virtual' />
  </way>
  <way id='-124154' visible='true'>
    <nd ref='-138498' />
    <nd ref='-138536' />
    <nd ref='-138535' />
    <nd ref='-138794' />
    <nd ref='-138534' />
    <nd ref='-138533' />
    <nd ref='-138465' />
    <nd ref='-138532' />
    <nd ref='-138531' />
    <nd ref='-138530' />
    <nd ref='-138529' />
    <nd ref='-138528' />
    <nd ref='-138537' />
    <tag k='name' v='S_4:E_0' />
    <tag k='subtype' v='low' />
    <tag k='type' v='curbstone' />
  </way>
  <way id='-124155' action='modify' visible='true'>
    <nd ref='-138541' />
    <nd ref='-138660' />
    <nd ref='-138658' />
    <nd ref='-138661' />
    <nd ref='-138659' />
    <nd ref='-138542' />
    <tag k='type' v='line_thin' />
  </way>
  <way id='-124156' visible='true'>
    <nd ref='-138544' />
    <nd ref='-138805' />
    <nd ref='-138537' />
    <tag k='subtype' v='low' />
    <tag k='type' v='curbstone' />
  </way>
  <way id='-124157' visible='true'>
    <nd ref='-138540' />
    <nd ref='-138800' />
    <nd ref='-138538' />
    <tag k='type' v='virtual' />
  </way>
  <way id='-124158' action='modify' visible='true'>
    <nd ref='-138539' />
    <nd ref='-138664' />
    <nd ref='-138662' />
    <nd ref='-138665' />
    <nd ref='-138663' />
    <nd ref='-138540' />
    <tag k='type' v='virtual' />
  </way>
  <way id='-124159' visible='true'>
    <nd ref='-138544' />
    <nd ref='-138542' />
    <nd ref='-138540' />
    <tag k='type' v='stop_line' />
  </way>
  <way id='-124160' action='modify' visible='true'>
    <nd ref='-138542' />
    <nd ref='-138804' />
    <nd ref='-138821' />
    <tag k='type' v='virtual' />
  </way>
  <way id='-124161' action='modify' visible='true'>
    <nd ref='-138543' />
    <nd ref='-138656' />
    <nd ref='-138654' />
    <nd ref='-138657' />
    <nd ref='-138655' />
    <nd ref='-138544' />
    <tag k='subtype' v='low' />
    <tag k='type' v='line_thin' />
  </way>
  <way id='-124162' visible='true'>
    <nd ref='-138546' />
    <nd ref='-138779' />
    <nd ref='-138786' />
    <nd ref='-138782' />
    <nd ref='-138778' />
    <nd ref='-138785' />
    <nd ref='-138781' />
    <nd ref='-138788' />
    <nd ref='-138784' />
    <nd ref='-138780' />
    <nd ref='-138787' />
    <nd ref='-138783' />
    <nd ref='-138545' />
    <tag k='subtype' v='low' />
    <tag k='type' v='curbstone' />
  </way>
  <way id='-124163' visible='true'>
    <nd ref='-138548' />
    <nd ref='-138768' />
    <nd ref='-138771' />
    <nd ref='-138774' />
    <nd ref='-138777' />
    <nd ref='-138769' />
    <nd ref='-138772' />
    <nd ref='-138775' />
    <nd ref='-138767' />
    <nd ref='-138770' />
    <nd ref='-138773' />
    <nd ref='-138776' />
    <nd ref='-138547' />
    <tag k='type' v='line_thin' />
  </way>
  <way id='-124164' action='modify' visible='true'>
    <nd ref='-138555' />
    <nd ref='-138711' />
    <nd ref='-138719' />
    <nd ref='-138716' />
    <nd ref='-138713' />
    <nd ref='-138721' />
    <nd ref='-138718' />
    <nd ref='-138715' />
    <nd ref='-138712' />
    <nd ref='-138720' />
    <nd ref='-138717' />
    <nd ref='-138714' />
    <nd ref='-138556' />
    <tag k='subtype' v='dashed' />
    <tag k='type' v='line_thin' />
  </way>
  <way id='-124165' action='modify' visible='true'>
    <nd ref='-138817' />
    <nd ref='-138699' />
    <nd ref='-138704' />
    <nd ref='-138709' />
    <nd ref='-138703' />
    <nd ref='-138708' />
    <nd ref='-138702' />
    <nd ref='-138707' />
    <nd ref='-138701' />
    <nd ref='-138706' />
    <nd ref='-138700' />
    <nd ref='-138705' />
    <nd ref='-138710' />
    <nd ref='-138560' />
    <tag k='type' v='line_thin' />
  </way>
  <way id='-124166' visible='true'>
    <nd ref='-138552' />
    <nd ref='-138551' />
    <nd ref='-138653' />
    <nd ref='-138550' />
    <nd ref='-138557' />
    <nd ref='-138558' />
    <nd ref='-138463' />
    <nd ref='-138467' />
    <nd ref='-138559' />
    <nd ref='-138652' />
    <nd ref='-138481' />
    <nd ref='-138473' />
    <tag k='name' v='N_4:W_0' />
    <tag k='subtype' v='low' />
    <tag k='type' v='curbstone' />
  </way>
  <way id='-124167' visible='true'>
    <nd ref='-138498' />
    <nd ref='-138573' />
    <nd ref='-138574' />
    <nd ref='-138575' />
    <nd ref='-138576' />
    <nd ref='-138577' />
    <nd ref='-138578' />
    <nd ref='-138579' />
    <nd ref='-138580' />
    <nd ref='-138581' />
    <nd ref='-138582' />
    <nd ref='-138583' />
    <nd ref='-138584' />
    <nd ref='-138585' />
    <nd ref='-138506' />
    <tag k='type' v='curbstone' />
  </way>
  <way id='-124168' action='modify' visible='true'>
    <nd ref='-138814' />
    <nd ref='-138586' />
    <nd ref='-138587' />
    <nd ref='-138588' />
    <nd ref='-138589' />
    <nd ref='-138590' />
    <nd ref='-138591' />
    <nd ref='-138592' />
    <nd ref='-138593' />
    <nd ref='-138594' />
    <nd ref='-138595' />
    <nd ref='-138596' />
    <nd ref='-138597' />
    <nd ref='-138598' />
    <nd ref='-138507' />
    <tag k='type' v='line_thin' />
  </way>
  <way id='-124169' visible='true'>
    <nd ref='-138806' />
    <nd ref='-138807' />
    <tag k='name' v='Traffic light 4' />
    <tag k='subtype' v='red_yellow_green' />
    <tag k='type' v='traffic_light' />
  </way>
  <way id='-124170' visible='true'>
    <nd ref='-138808' />
    <nd ref='-138809' />
    <tag k='name' v='Traffic light 6' />
    <tag k='subtype' v='red_yellow_green' />
    <tag k='type' v='traffic_light' />
  </way>
  <way id='-124171' visible='true'>
    <nd ref='-138810' />
    <nd ref='-138811' />
    <tag k='name' v='Traffic light 8' />
    <tag k='subtype' v='red_yellow_green' />
    <tag k='type' v='traffic_light' />
  </way>
  <way id='-124172' visible='true'>
    <nd ref='-138812' />
    <nd ref='-138813' />
    <tag k='name' v='Traffic light 2' />
    <tag k='subtype' v='red_yellow_green' />
    <tag k='type' v='traffic_light' />
  </way>
  <way id='-124253' action='modify' visible='true'>
    <nd ref='-138473' />
    <nd ref='-138562' />
    <nd ref='-138725' />
    <nd ref='-138722' />
    <nd ref='-138731' />
    <nd ref='-138728' />
    <nd ref='-138724' />
    <nd ref='-138733' />
    <nd ref='-138730' />
    <nd ref='-138727' />
    <nd ref='-138723' />
    <nd ref='-138732' />
    <nd ref='-138729' />
    <nd ref='-138726' />
    <nd ref='-138561' />
    <tag k='subtype' v='low' />
    <tag k='type' v='curbstone' />
  </way>
  <way id='-124333' action='modify' visible='true'>
    <nd ref='-138959' />
    <nd ref='-138958' />
    <nd ref='-138957' />
    <nd ref='-138956' />
    <nd ref='-138955' />
    <nd ref='-138954' />
    <nd ref='-138953' />
    <nd ref='-138952' />
    <nd ref='-138951' />
    <nd ref='-138950' />
    <nd ref='-138949' />
    <nd ref='-138948' />
    <nd ref='-138947' />
    <nd ref='-138946' />
    <nd ref='-138945' />
    <tag k='type' v='line_thin' />
  </way>
  <way id='-124414' action='modify' visible='true'>
    <nd ref='-139052' />
    <nd ref='-139053' />
    <nd ref='-139054' />
    <nd ref='-139055' />
    <nd ref='-139056' />
    <nd ref='-139057' />
    <nd ref='-139058' />
    <nd ref='-139059' />
    <tag k='type' v='line_thin' />
  </way>
  <way id='-124577' action='modify' visible='true'>
    <nd ref='-139250' />
    <nd ref='-139249' />
    <nd ref='-139248' />
    <nd ref='-139247' />
    <nd ref='-139246' />
    <nd ref='-139245' />
    <nd ref='-139244' />
    <nd ref='-139243' />
    <nd ref='-139242' />
    <nd ref='-139241' />
    <nd ref='-139240' />
    <tag k='link' v='E_3:S_2' />
    <tag k='type' v='virtual' />
  </way>
  <way id='-124803' action='modify' visible='true'>
    <nd ref='-139529' />
    <nd ref='-139528' />
    <nd ref='-139527' />
    <nd ref='-139526' />
    <nd ref='-139525' />
    <nd ref='-139524' />
    <nd ref='-139523' />
    <nd ref='-139522' />
    <nd ref='-139521' />
    <nd ref='-139520' />
    <nd ref='-139519' />
    <nd ref='-139518' />
    <nd ref='-139517' />
    <nd ref='-139516' />
    <nd ref='-139515' />
    <tag k='link' v='N_2:S_2' />
    <tag k='type' v='virtual' />
  </way>
  <way id='-124849' action='modify' visible='true'>
    <nd ref='-139602' />
    <nd ref='-139601' />
    <nd ref='-139600' />
    <nd ref='-139599' />
    <nd ref='-139598' />
    <nd ref='-139597' />
    <nd ref='-139596' />
    <nd ref='-139595' />
    <nd ref='-139594' />
    <nd ref='-139593' />
    <nd ref='-139592' />
    <nd ref='-139591' />
    <nd ref='-139590' />
    <nd ref='-139589' />
    <nd ref='-139588' />
    <tag k='link' v='W_3:E_3' />
    <tag k='type' v='virtual' />
  </way>
  <way id='1013' action='modify' visible='true' version='1'>
    <nd ref='-138499' />
    <nd ref='1000' />
    <nd ref='1001' />
    <nd ref='1002' />
    <nd ref='1003' />
    <nd ref='1004' />
    <nd ref='1005' />
    <nd ref='1006' />
    <nd ref='1007' />
    <nd ref='1008' />
    <nd ref='1009' />
    <nd ref='1010' />
    <nd ref='1011' />
    <nd ref='1012' />
    <nd ref='-138473' />
    <tag k='link' v='E_6:W_0' />
    <tag k='type' v='virtual' />
  </way>
  <way id='1027' action='modify' visible='true' version='1'>
    <nd ref='-138816' />
    <nd ref='1014' />
    <nd ref='1015' />
    <nd ref='1016' />
    <nd ref='1017' />
    <nd ref='1018' />
    <nd ref='1019' />
    <nd ref='1020' />
    <nd ref='1021' />
    <nd ref='1022' />
    <nd ref='1023' />
    <nd ref='1024' />
    <nd ref='1025' />
    <nd ref='1026' />
    <nd ref='-138817' />
    <tag k='link' v='E_5:W_1' />
    <tag k='type' v='virtual' />
  </way>
  <way id='1041' action='modify' visible='true' version='1'>
    <nd ref='-138494' />
    <nd ref='1028' />
    <nd ref='1029' />
    <nd ref='1030' />
    <nd ref='1031' />
    <nd ref='1032' />
    <nd ref='1033' />
    <nd ref='1034' />
    <nd ref='1035' />
    <nd ref='1036' />
    <nd ref='1037' />
    <nd ref='1038' />
    <nd ref='1039' />
    <nd ref='1040' />
    <nd ref='-138555' />
    <tag k='link' v='E_4:W_2' />
    <tag k='type' v='virtual' />
  </way>
  <way id='1055' action='modify' visible='true' version='1'>
    <nd ref='-138820' />
    <nd ref='1042' />
    <nd ref='1043' />
    <nd ref='1044' />
    <nd ref='1045' />
    <nd ref='1046' />
    <nd ref='1047' />
    <nd ref='1048' />
    <nd ref='1049' />
    <nd ref='1050' />
    <nd ref='1051' />
    <nd ref='1052' />
    <nd ref='1053' />
    <nd ref='1054' />
    <nd ref='-138466' />
    <tag k='link' v='W_3:E_3' />
    <tag k='type' v='virtual' />
  </way>
  <way id='1069' action='modify' visible='true' version='1'>
    <nd ref='-138818' />
    <nd ref='1056' />
    <nd ref='1057' />
    <nd ref='1058' />
    <nd ref='1059' />
    <nd ref='1060' />
    <nd ref='1061' />
    <nd ref='1062' />
    <nd ref='1063' />
    <nd ref='1064' />
    <nd ref='1065' />
    <nd ref='1066' />
    <nd ref='1067' />
    <nd ref='1068' />
    <nd ref='-138815' />
    <tag k='link' v='W_4:E_2' />
    <tag k='type' v='virtual' />
  </way>
  <way id='1083' action='modify' visible='true' version='1'>
    <nd ref='-138819' />
    <nd ref='1070' />
    <nd ref='1071' />
    <nd ref='1072' />
    <nd ref='1073' />
    <nd ref='1074' />
    <nd ref='1075' />
    <nd ref='1076' />
    <nd ref='1077' />
    <nd ref='1078' />
    <nd ref='1079' />
    <nd ref='1080' />
    <nd ref='1081' />
    <nd ref='1082' />
    <nd ref='-138814' />
    <tag k='link' v='W_5:E_1' />
    <tag k='type' v='virtual' />
  </way>
  <way id='1097' action='modify' visible='true' version='1'>
    <nd ref='-138518' />
    <nd ref='1084' />
    <nd ref='1085' />
    <nd ref='1086' />
    <nd ref='1087' />
    <nd ref='1088' />
    <nd ref='1089' />
    <nd ref='1090' />
    <nd ref='1091' />
    <nd ref='1092' />
    <nd ref='1093' />
    <nd ref='1094' />
    <nd ref='1095' />
    <nd ref='1096' />
    <nd ref='-138498' />
    <tag k='link' v='W_6:E_0' />
    <tag k='type' v='virtual' />
  </way>
  <way id='1111' action='modify' visible='true' version='1'>
    <nd ref='-138552' />
    <nd ref='1098' />
    <nd ref='1099' />
    <nd ref='1100' />
    <nd ref='1101' />
    <nd ref='1102' />
    <nd ref='1103' />
    <nd ref='1104' />
    <nd ref='1105' />
    <nd ref='1106' />
    <nd ref='1107' />
    <nd ref='1108' />
    <nd ref='1109' />
    <nd ref='1110' />
    <nd ref='-138524' />
    <tag k='link' v='N_4:S_0' />
    <tag k='type' v='virtual' />
  </way>
  <way id='1125' action='modify' visible='true' version='1'>
    <nd ref='-138549' />
    <nd ref='1112' />
    <nd ref='1113' />
    <nd ref='1114' />
    <nd ref='1115' />
    <nd ref='1116' />
    <nd ref='1117' />
    <nd ref='1118' />
    <nd ref='1119' />
    <nd ref='1120' />
    <nd ref='1121' />
    <nd ref='1122' />
    <nd ref='1123' />
    <nd ref='1124' />
    <nd ref='-138525' />
    <tag k='link' v='N_3:S_1' />
    <tag k='type' v='virtual' />
  </way>
  <way id='1139' action='modify' visible='true' version='1'>
    <nd ref='-138492' />
    <nd ref='1126' />
    <nd ref='1127' />
    <nd ref='1128' />
    <nd ref='1129' />
    <nd ref='1130' />
    <nd ref='1131' />
    <nd ref='1132' />
    <nd ref='1133' />
    <nd ref='1134' />
    <nd ref='1135' />
    <nd ref='1136' />
    <nd ref='1137' />
    <nd ref='1138' />
    <nd ref='-138538' />
    <tag k='link' v='N_2:S_2' />
    <tag k='type' v='virtual' />
  </way>
  <way id='1153' action='modify' visible='true' version='1'>
    <nd ref='-138821' />
    <nd ref='1140' />
    <nd ref='1141' />
    <nd ref='1142' />
    <nd ref='1143' />
    <nd ref='1144' />
    <nd ref='1145' />
    <nd ref='1146' />
    <nd ref='1147' />
    <nd ref='1148' />
    <nd ref='1149' />
    <nd ref='1150' />
    <nd ref='1151' />
    <nd ref='1152' />
    <nd ref='-138491' />
    <tag k='link' v='S_3:N_1' />
    <tag k='type' v='virtual' />
  </way>
  <way id='1167' action='modify' visible='true' version='1'>
    <nd ref='-138537' />
    <nd ref='1154' />
    <nd ref='1155' />
    <nd ref='1156' />
    <nd ref='1157' />
    <nd ref='1158' />
    <nd ref='1159' />
    <nd ref='1160' />
    <nd ref='1161' />
    <nd ref='1162' />
    <nd ref='1163' />
    <nd ref='1164' />
    <nd ref='1165' />
    <nd ref='1166' />
    <nd ref='-138461' />
    <tag k='link' v='S_4:N_0' />
    <tag k='type' v='virtual' />
  </way>
  <way id='1177' action='modify' visible='true' version='1'>
    <nd ref='-138820' />
    <nd ref='1168' />
    <nd ref='1169' />
    <nd ref='1170' />
    <nd ref='1171' />
    <nd ref='1172' />
    <nd ref='1173' />
    <nd ref='1174' />
    <nd ref='1175' />
    <nd ref='1176' />
    <nd ref='-138492' />
    <tag k='link' v='W_3:N_2' />
    <tag k='type' v='virtual' />
  </way>
  <way id='1188' action='modify' visible='true' version='1'>
    <nd ref='-138818' />
    <nd ref='1178' />
    <nd ref='1179' />
    <nd ref='1180' />
    <nd ref='1181' />
    <nd ref='1182' />
    <nd ref='1183' />
    <nd ref='1184' />
    <nd ref='1185' />
    <nd ref='1186' />
    <nd ref='1187' />
    <nd ref='-138491' />
    <tag k='link' v='W_4:N_1' />
    <tag k='type' v='virtual' />
  </way>
  <way id='1202' action='modify' visible='true' version='1'>
    <nd ref='-138518' />
    <nd ref='1189' />
    <nd ref='1190' />
    <nd ref='1191' />
    <nd ref='1192' />
    <nd ref='1193' />
    <nd ref='1194' />
    <nd ref='1195' />
    <nd ref='1196' />
    <nd ref='1197' />
    <nd ref='1198' />
    <nd ref='1199' />
    <nd ref='1200' />
    <nd ref='1201' />
    <nd ref='-138461' />
    <tag k='link' v='W_6:N_0' />
    <tag k='type' v='virtual' />
  </way>
  <way id='1212' action='modify' visible='true' version='1'>
    <nd ref='-138466' />
    <nd ref='1203' />
    <nd ref='1204' />
    <nd ref='1205' />
    <nd ref='1206' />
    <nd ref='1207' />
    <nd ref='1208' />
    <nd ref='1209' />
    <nd ref='1210' />
    <nd ref='1211' />
    <nd ref='-138538' />
    <tag k='link' v='E_3:S_2' />
    <tag k='type' v='virtual' />
  </way>
  <way id='1224' action='modify' visible='true' version='1'>
    <nd ref='-138494' />
    <nd ref='1213' />
    <nd ref='1214' />
    <nd ref='1215' />
    <nd ref='1216' />
    <nd ref='1217' />
    <nd ref='-138823' />
    <nd ref='1218' />
    <nd ref='1219' />
    <nd ref='1220' />
    <nd ref='1221' />
    <nd ref='1222' />
    <nd ref='1223' />
    <nd ref='-138525' />
    <tag k='link' v='E_4:S_1' />
    <tag k='type' v='virtual' />
  </way>
  <way id='1239' action='modify' visible='true' version='1'>
    <nd ref='-138499' />
    <nd ref='1225' />
    <nd ref='1226' />
    <nd ref='1227' />
    <nd ref='1228' />
    <nd ref='1229' />
    <nd ref='1230' />
    <nd ref='1231' />
    <nd ref='1232' />
    <nd ref='1233' />
    <nd ref='1234' />
    <nd ref='1235' />
    <nd ref='1236' />
    <nd ref='1237' />
    <nd ref='1238' />
    <nd ref='-138524' />
    <tag k='link' v='E_6:S_0' />
    <tag k='type' v='virtual' />
  </way>
  <way id='1251' action='modify' visible='true' version='1'>
    <nd ref='-138549' />
    <nd ref='1240' />
    <nd ref='1241' />
    <nd ref='1242' />
    <nd ref='1243' />
    <nd ref='1244' />
    <nd ref='1245' />
    <nd ref='1246' />
    <nd ref='1247' />
    <nd ref='1248' />
    <nd ref='1249' />
    <nd ref='1250' />
    <nd ref='-138815' />
    <tag k='link' v='N_3:E_2' />
    <tag k='type' v='virtual' />
  </way>
  <way id='1264' action='modify' visible='true' version='1'>
    <nd ref='-138549' />
    <nd ref='1252' />
    <nd ref='1253' />
    <nd ref='1254' />
    <nd ref='1255' />
    <nd ref='1256' />
    <nd ref='1257' />
    <nd ref='1258' />
    <nd ref='1259' />
    <nd ref='1260' />
    <nd ref='1261' />
    <nd ref='1262' />
    <nd ref='1263' />
    <nd ref='-138814' />
    <tag k='link' v='N_3:E_1' />
    <tag k='type' v='virtual' />
  </way>
  <way id='1275' action='modify' visible='true' version='1'>
    <nd ref='-138492' />
    <nd ref='1265' />
    <nd ref='1266' />
    <nd ref='1267' />
    <nd ref='1268' />
    <nd ref='1269' />
    <nd ref='1270' />
    <nd ref='1271' />
    <nd ref='1272' />
    <nd ref='1273' />
    <nd ref='1274' />
    <nd ref='-138466' />
    <tag k='link' v='N_2:E_3' />
    <tag k='type' v='virtual' />
  </way>
  <way id='1301' action='modify' visible='true' version='1'>
    <nd ref='-138552' />
    <nd ref='1287' />
    <nd ref='1288' />
    <nd ref='1289' />
    <nd ref='1290' />
    <nd ref='1291' />
    <nd ref='1292' />
    <nd ref='1293' />
    <nd ref='1294' />
    <nd ref='1295' />
    <nd ref='1296' />
    <nd ref='1297' />
    <nd ref='1298' />
    <nd ref='1299' />
    <nd ref='1300' />
    <nd ref='-138498' />
    <tag k='link' v='N_4:E_0' />
    <tag k='type' v='virtual' />
  </way>
  <way id='1311' action='modify' visible='true' version='1'>
    <nd ref='-138538' />
    <nd ref='1302' />
    <nd ref='1303' />
    <nd ref='1304' />
    <nd ref='1305' />
    <nd ref='1306' />
    <nd ref='1307' />
    <nd ref='1308' />
    <nd ref='1309' />
    <nd ref='1310' />
    <nd ref='-138820' />
    <tag k='link' v='S_2:W_3' />
    <tag k='type' v='virtual' />
  </way>
  <way id='1334' action='modify' visible='true' version='1'>
    <nd ref='-138821' />
    <nd ref='1323' />
    <nd ref='1324' />
    <nd ref='1325' />
    <nd ref='1326' />
    <nd ref='1327' />
    <nd ref='1328' />
    <nd ref='1329' />
    <nd ref='1330' />
    <nd ref='1331' />
    <nd ref='1332' />
    <nd ref='1333' />
    <nd ref='-138555' />
    <tag k='link' v='S_3:W_2' />
    <tag k='type' v='virtual' />
  </way>
  <way id='1347' action='modify' visible='true' version='1'>
    <nd ref='-138821' />
    <nd ref='1335' />
    <nd ref='1336' />
    <nd ref='1337' />
    <nd ref='1338' />
    <nd ref='1339' />
    <nd ref='1340' />
    <nd ref='1341' />
    <nd ref='1342' />
    <nd ref='1343' />
    <nd ref='1344' />
    <nd ref='1345' />
    <nd ref='1346' />
    <nd ref='-138817' />
    <tag k='link' v='S_3:W_1' />
    <tag k='type' v='virtual' />
  </way>
  <way id='1362' action='modify' visible='true' version='1'>
    <nd ref='-138537' />
    <nd ref='1348' />
    <nd ref='1349' />
    <nd ref='1350' />
    <nd ref='1351' />
    <nd ref='1352' />
    <nd ref='1353' />
    <nd ref='1354' />
    <nd ref='1355' />
    <nd ref='1356' />
    <nd ref='1357' />
    <nd ref='1358' />
    <nd ref='1359' />
    <nd ref='1360' />
    <nd ref='1361' />
    <nd ref='-138473' />
    <tag k='link' v='S_4:W_0' />
    <tag k='type' v='virtual' />
  </way>
  <way id='1374' action='modify' visible='true' version='1'>
    <nd ref='-138819' />
    <nd ref='1363' />
    <nd ref='1364' />
    <nd ref='1365' />
    <nd ref='1366' />
    <nd ref='1367' />
    <nd ref='1368' />
    <nd ref='1369' />
    <nd ref='1370' />
    <nd ref='1371' />
    <nd ref='1372' />
    <nd ref='1373' />
    <nd ref='-138491' />
    <tag k='link' v='W_5:N_1' />
    <tag k='type' v='virtual' />
  </way>
  <way id='1387' action='modify' visible='true' version='1'>
    <nd ref='-138816' />
    <nd ref='1375' />
    <nd ref='1376' />
    <nd ref='1377' />
    <nd ref='1378' />
    <nd ref='1379' />
    <nd ref='1380' />
    <nd ref='1381' />
    <nd ref='1382' />
    <nd ref='1383' />
    <nd ref='1384' />
    <nd ref='1385' />
    <nd ref='1386' />
    <nd ref='-138525' />
    <tag k='link' v='E_5:S_1' />
    <tag k='type' v='virtual' />
  </way>
  <way id='1396' action='modify' visible='true' version='1'>
    <nd ref='-138818' />
    <nd ref='1388' />
    <nd ref='1389' />
    <nd ref='1390' />
    <nd ref='1391' />
    <nd ref='1392' />
    <nd ref='1393' />
    <nd ref='1394' />
    <nd ref='1395' />
    <nd ref='-138538' />
    <tag k='link' v='W_4:S_2' />
    <tag k='type' v='virtual' />
  </way>
  <way id='1404' action='modify' visible='true' version='1'>
    <nd ref='-138819' />
    <nd ref='1397' />
    <nd ref='1398' />
    <nd ref='1399' />
    <nd ref='1400' />
    <nd ref='1401' />
    <nd ref='1402' />
    <nd ref='1403' />
    <nd ref='-138525' />
    <tag k='link' v='W_5:S_1' />
    <tag k='type' v='virtual' />
  </way>
  <way id='1412' action='modify' visible='true' version='1'>
    <nd ref='-138821' />
    <nd ref='1405' />
    <nd ref='1406' />
    <nd ref='1407' />
    <nd ref='1408' />
    <nd ref='1409' />
    <nd ref='1410' />
    <nd ref='1411' />
    <nd ref='-138814' />
    <tag k='link' v='S_3:E_1' />
    <tag k='type' v='virtual' />
  </way>
  <way id='1420' action='modify' visible='true' version='1'>
    <nd ref='-138821' />
    <nd ref='1413' />
    <nd ref='1414' />
    <nd ref='1415' />
    <nd ref='1416' />
    <nd ref='1417' />
    <nd ref='1418' />
    <nd ref='1419' />
    <nd ref='-138815' />
    <tag k='link' v='S_3:E_2' />
    <tag k='type' v='virtual' />
  </way>
  <way id='1429' action='modify' visible='true' version='1'>
    <nd ref='-138538' />
    <nd ref='1421' />
    <nd ref='1422' />
    <nd ref='1423' />
    <nd ref='1424' />
    <nd ref='1425' />
    <nd ref='1426' />
    <nd ref='1427' />
    <nd ref='1428' />
    <nd ref='-138815' />
    <tag k='link' v='S_2:E_2' />
    <tag k='type' v='virtual' />
  </way>
  <way id='1439' action='modify' visible='true' version='1'>
    <nd ref='-138494' />
    <nd ref='1430' />
    <nd ref='1431' />
    <nd ref='1432' />
    <nd ref='1433' />
    <nd ref='1434' />
    <nd ref='1435' />
    <nd ref='1436' />
    <nd ref='1437' />
    <nd ref='1438' />
    <nd ref='-138492' />
    <tag k='link' v='E_4:N_2' />
    <tag k='type' v='virtual' />
  </way>
  <way id='1447' action='modify' visible='true' version='1'>
    <nd ref='-138816' />
    <nd ref='1440' />
    <nd ref='1441' />
    <nd ref='1442' />
    <nd ref='1443' />
    <nd ref='1444' />
    <nd ref='1445' />
    <nd ref='1446' />
    <nd ref='-138491' />
    <tag k='link' v='E_5:N_1' />
    <tag k='type' v='virtual' />
  </way>
  <way id='1455' action='modify' visible='true' version='1'>
    <nd ref='-138549' />
    <nd ref='1448' />
    <nd ref='1449' />
    <nd ref='1450' />
    <nd ref='1451' />
    <nd ref='1452' />
    <nd ref='1453' />
    <nd ref='1454' />
    <nd ref='-138555' />
    <tag k='link' v='N_3:W_2' />
    <tag k='type' v='virtual' />
  </way>
  <way id='1462' action='modify' visible='true' version='1'>
    <nd ref='-138549' />
    <nd ref='1456' />
    <nd ref='1457' />
    <nd ref='1458' />
    <nd ref='1459' />
    <nd ref='1460' />
    <nd ref='1461' />
    <nd ref='-138817' />
    <tag k='link' v='N_3:W_1' />
    <tag k='type' v='virtual' />
  </way>
  <way id='1471' action='modify' visible='true' version='1'>
    <nd ref='-138492' />
    <nd ref='1463' />
    <nd ref='1464' />
    <nd ref='1465' />
    <nd ref='1466' />
    <nd ref='1467' />
    <nd ref='1468' />
    <nd ref='1469' />
    <nd ref='1470' />
    <nd ref='-138555' />
    <tag k='link' v='N_2:W_2' />
    <tag k='type' v='virtual' />
  </way>
  <relation id='-101105' action='modify' visible='true'>
    <member type='way' ref='-124168' role='left' />
    <member type='way' ref='-124167' role='right' />
    <tag k='location' v='urban' />
    <tag k='name' v='R1Out3' />
    <tag k='one_way' v='yes' />
    <tag k='region' v='cn' />
    <tag k='subtype' v='road' />
    <tag k='type' v='lanelet' />
  </relation>
  <relation id='-101106' action='modify' visible='true'>
    <member type='way' ref='-124115' role='left' />
    <member type='way' ref='-124144' role='right' />
    <tag k='location' v='urban' />
    <tag k='name' v='R1Out1' />
    <tag k='one_way' v='yes' />
    <tag k='region' v='cn' />
    <tag k='subtype' v='road' />
    <tag k='type' v='lanelet' />
  </relation>
  <relation id='-101107' action='modify' visible='true'>
    <member type='way' ref='-124144' role='left' />
    <member type='way' ref='-124168' role='right' />
    <tag k='location' v='urban' />
    <tag k='name' v='R1Out2' />
    <tag k='one_way' v='yes' />
    <tag k='region' v='cn' />
    <tag k='subtype' v='road' />
    <tag k='type' v='lanelet' />
  </relation>
  <relation id='-101108' visible='true'>
    <member type='way' ref='-124153' role='left' />
    <member type='way' ref='-124151' role='right' />
    <tag k='location' v='urban' />
    <tag k='name' v='W_ex_3:gap' />
    <tag k='one_way' v='yes' />
    <tag k='region' v='cn' />
    <tag k='subtype' v='road' />
    <tag k='type' v='lanelet' />
  </relation>
  <relation id='-101109' visible='true'>
    <member type='way' ref='-124152' role='left' />
    <member type='way' ref='-124153' role='right' />
    <tag k='location' v='urban' />
    <tag k='name' v='W_ex_2:gap' />
    <tag k='one_way' v='yes' />
    <tag k='region' v='cn' />
    <tag k='subtype' v='road' />
    <tag k='type' v='lanelet' />
  </relation>
  <relation id='-101110' visible='true'>
    <member type='way' ref='-124147' role='left' />
    <member type='way' ref='-124152' role='right' />
    <tag k='location' v='urban' />
    <tag k='name' v='W_ex_1:gap' />
    <tag k='one_way' v='yes' />
    <tag k='region' v='cn' />
    <tag k='subtype' v='road' />
    <tag k='type' v='lanelet' />
  </relation>
  <relation id='-101111' action='modify' visible='true'>
    <member type='way' ref='-124128' role='left' />
    <member type='way' ref='-124163' role='right' />
    <tag k='location' v='urban' />
    <tag k='name' v='R3In2' />
    <tag k='one_way' v='yes' />
    <tag k='region' v='cn' />
    <tag k='subtype' v='road' />
    <tag k='type' v='lanelet' />
  </relation>
  <relation id='-101112' action='modify' visible='true'>
    <member type='way' ref='-124129' role='left' />
    <member type='way' ref='-124128' role='right' />
    <tag k='location' v='urban' />
    <tag k='name' v='R3In1' />
    <tag k='one_way' v='yes' />
    <tag k='region' v='cn' />
    <tag k='subtype' v='road' />
    <tag k='type' v='lanelet' />
  </relation>
  <relation id='-101113' action='modify' visible='true'>
    <member type='way' ref='-124163' role='left' />
    <member type='way' ref='-124162' role='right' />
    <tag k='location' v='urban' />
    <tag k='name' v='R3In3' />
    <tag k='one_way' v='yes' />
    <tag k='region' v='cn' />
    <tag k='subtype' v='road' />
    <tag k='type' v='lanelet' />
  </relation>
  <relation id='-101114' action='modify' visible='true'>
    <member type='way' ref='-124113' role='left' />
    <member type='way' ref='-124164' role='right' />
    <tag k='location' v='urban' />
    <tag k='name' v='R3Out1' />
    <tag k='one_way' v='yes' />
    <tag k='region' v='cn' />
    <tag k='subtype' v='road' />
    <tag k='type' v='lanelet' />
  </relation>
  <relation id='-101115' action='modify' visible='true'>
    <member type='way' ref='-124164' role='left' />
    <member type='way' ref='-124165' role='right' />
    <tag k='location' v='urban' />
    <tag k='name' v='R3Out2' />
    <tag k='one_way' v='yes' />
    <tag k='region' v='cn' />
    <tag k='subtype' v='road' />
    <tag k='type' v='lanelet' />
  </relation>
  <relation id='-101117' visible='true'>
    <member type='way' ref='-124138' role='left' />
    <member type='way' ref='-124139' role='right' />
    <tag k='location' v='urban' />
    <tag k='name' v='E_ex_3:gap' />
    <tag k='one_way' v='yes' />
    <tag k='region' v='cn' />
    <tag k='subtype' v='road' />
    <tag k='type' v='lanelet' />
  </relation>
  <relation id='-101118' visible='true'>
    <member type='way' ref='-124130' role='left' />
    <member type='way' ref='-124138' role='right' />
    <tag k='location' v='urban' />
    <tag k='name' v='E_ex_2:gap' />
    <tag k='one_way' v='yes' />
    <tag k='region' v='cn' />
    <tag k='subtype' v='road' />
    <tag k='type' v='lanelet' />
  </relation>
  <relation id='-101119' visible='true'>
    <member type='way' ref='-124146' role='left' />
    <member type='way' ref='-124130' role='right' />
    <tag k='location' v='urban' />
    <tag k='name' v='E_ex_1:gap' />
    <tag k='one_way' v='yes' />
    <tag k='region' v='cn' />
    <tag k='subtype' v='road' />
    <tag k='type' v='lanelet' />
  </relation>
  <relation id='-101120' action='modify' visible='true'>
    <member type='way' ref='-124333' role='left' />
    <member type='way' ref='-124142' role='right' />
    <tag k='location' v='urban' />
    <tag k='name' v='R1In1' />
    <tag k='one_way' v='yes' />
    <tag k='region' v='cn' />
    <tag k='subtype' v='road' />
    <tag k='type' v='lanelet' />
  </relation>
  <relation id='-101121' action='modify' visible='true'>
    <member type='way' ref='-124141' role='right' />
    <member type='way' ref='-124142' role='left' />
    <tag k='location' v='urban' />
    <tag k='name' v='R1In2' />
    <tag k='one_way' v='yes' />
    <tag k='region' v='cn' />
    <tag k='subtype' v='road' />
    <tag k='type' v='lanelet' />
  </relation>
  <relation id='-101122' action='modify' visible='true'>
    <member type='way' ref='-124141' role='left' />
    <member type='way' ref='-124140' role='right' />
    <tag k='location' v='urban' />
    <tag k='name' v='R1In3' />
    <tag k='one_way' v='yes' />
    <tag k='region' v='cn' />
    <tag k='subtype' v='road' />
    <tag k='type' v='lanelet' />
  </relation>
  <relation id='-101123' action='modify' visible='true'>
    <member type='way' ref='-124145' role='left' />
    <member type='way' ref='-124111' role='right' />
    <tag k='location' v='urban' />
    <tag k='name' v='R4Out2' />
    <tag k='one_way' v='yes' />
    <tag k='region' v='cn' />
    <tag k='subtype' v='road' />
    <tag k='type' v='lanelet' />
  </relation>
  <relation id='-101124' action='modify' visible='true'>
    <member type='way' ref='-124116' role='left' />
    <member type='way' ref='-124145' role='right' />
    <tag k='location' v='urban' />
    <tag k='name' v='R4Out1' />
    <tag k='one_way' v='yes' />
    <tag k='region' v='cn' />
    <tag k='subtype' v='road' />
    <tag k='type' v='lanelet' />
  </relation>
  <relation id='-101125' visible='true'>
    <member type='way' ref='-124126' role='left' />
    <member type='way' ref='-124121' role='right' />
    <tag k='location' v='urban' />
    <tag k='name' v='N_ex_2:gap' />
    <tag k='one_way' v='yes' />
    <tag k='region' v='cn' />
    <tag k='subtype' v='road' />
    <tag k='type' v='lanelet' />
  </relation>
  <relation id='-101126' visible='true'>
    <member type='way' ref='-124125' role='left' />
    <member type='way' ref='-124126' role='right' />
    <tag k='location' v='urban' />
    <tag k='name' v='N_ex_1:gap' />
    <tag k='one_way' v='yes' />
    <tag k='region' v='cn' />
    <tag k='subtype' v='road' />
    <tag k='type' v='lanelet' />
  </relation>
  <relation id='-101127' action='modify' visible='true'>
    <member type='way' ref='-124119' role='left' />
    <member type='way' ref='-124118' role='right' />
    <tag k='location' v='urban' />
    <tag k='name' v='R2In2' />
    <tag k='one_way' v='yes' />
    <tag k='region' v='cn' />
    <tag k='subtype' v='road' />
    <tag k='type' v='lanelet' />
  </relation>
  <relation id='-101128' action='modify' visible='true'>
    <member type='way' ref='-124122' role='left' />
    <member type='way' ref='-124119' role='right' />
    <tag k='location' v='urban' />
    <tag k='name' v='R2In1' />
    <tag k='one_way' v='yes' />
    <tag k='region' v='cn' />
    <tag k='subtype' v='road' />
    <tag k='type' v='lanelet' />
  </relation>
  <relation id='-101129' action='modify' visible='true'>
    <member type='way' ref='-124124' role='right' />
    <member type='way' ref='-124123' role='left' />
    <tag k='location' v='urban' />
    <tag k='name' v='R2Out2' />
    <tag k='one_way' v='yes' />
    <tag k='region' v='cn' />
    <tag k='subtype' v='road' />
    <tag k='type' v='lanelet' />
  </relation>
  <relation id='-101130' action='modify' visible='true'>
    <member type='way' ref='-124414' role='left' />
    <member type='way' ref='-124123' role='right' />
    <tag k='location' v='urban' />
    <tag k='name' v='R2Out1' />
    <tag k='one_way' v='yes' />
    <tag k='region' v='cn' />
    <tag k='subtype' v='road' />
    <tag k='type' v='lanelet' />
  </relation>
  <relation id='-101131' action='modify' visible='true'>
    <member type='way' ref='-124155' role='left' />
    <member type='way' ref='-124161' role='right' />
    <tag k='location' v='urban' />
    <tag k='name' v='R4In2' />
    <tag k='one_way' v='yes' />
    <tag k='region' v='cn' />
    <tag k='subtype' v='road' />
    <tag k='type' v='lanelet' />
  </relation>
  <relation id='-101132' visible='true'>
    <member type='way' ref='-124160' role='left' />
    <member type='way' ref='-124156' role='right' />
    <tag k='location' v='urban' />
    <tag k='name' v='S_ex_2:gap' />
    <tag k='one_way' v='yes' />
    <tag k='region' v='cn' />
    <tag k='subtype' v='road' />
    <tag k='type' v='lanelet' />
  </relation>
  <relation id='-101133' visible='true'>
    <member type='way' ref='-124157' role='left' />
    <member type='way' ref='-124160' role='right' />
    <tag k='location' v='urban' />
    <tag k='name' v='S_ex_1:gap' />
    <tag k='one_way' v='yes' />
    <tag k='region' v='cn' />
    <tag k='subtype' v='road' />
    <tag k='type' v='lanelet' />
  </relation>
  <relation id='-101134' action='modify' visible='true'>
    <member type='way' ref='-124158' role='left' />
    <member type='way' ref='-124155' role='right' />
    <tag k='location' v='urban' />
    <tag k='name' v='R4In1' />
    <tag k='one_way' v='yes' />
    <tag k='region' v='cn' />
    <tag k='subtype' v='road' />
    <tag k='type' v='lanelet' />
  </relation>
  <relation id='-101135' visible='true'>
    <member type='way' ref='-124159' role='ref_line' />
    <member type='way' ref='-124171' role='refers' />
    <tag k='subtype' v='traffic_light' />
    <tag k='type' v='regulatory_element' />
  </relation>
  <relation id='-101136' visible='true'>
    <member type='way' ref='-124127' role='ref_line' />
    <member type='way' ref='-124170' role='refers' />
    <tag k='subtype' v='traffic_light' />
    <tag k='type' v='regulatory_element' />
  </relation>
  <relation id='-101137' visible='true'>
    <member type='way' ref='-124112' role='ref_line' />
    <member type='way' ref='-124172' role='refers' />
    <tag k='subtype' v='traffic_light' />
    <tag k='type' v='regulatory_element' />
  </relation>
  <relation id='-101138' visible='true'>
    <member type='way' ref='-124117' role='ref_line' />
    <member type='way' ref='-124169' role='refers' />
    <tag k='subtype' v='traffic_light' />
    <tag k='type' v='regulatory_element' />
  </relation>
  <relation id='-101139' action='modify' visible='true'>
    <member type='way' ref='1311' role='left' />
    <member type='way' ref='1362' role='right' />
    <tag k='location' v='urban' />
    <tag k='name' v='S_EX_to_W_EN' />
    <tag k='one_way' v='yes' />
    <tag k='region' v='de' />
    <tag k='subtype' v='road' />
    <tag k='type' v='lanelet' />
  </relation>
  <relation id='-101140' action='modify' visible='true'>
    <member type='way' ref='1177' role='left' />
    <member type='way' ref='1202' role='right' />
    <tag k='location' v='urban' />
    <tag k='name' v='W_EX_to_N_EN' />
    <tag k='one_way' v='yes' />
    <tag k='region' v='de' />
    <tag k='subtype' v='road' />
    <tag k='type' v='lanelet' />
  </relation>
  <relation id='-101141' action='modify' visible='true'>
    <member type='way' ref='1275' role='left' />
    <member type='way' ref='1301' role='right' />
    <tag k='location' v='urban' />
    <tag k='name' v='N_EX_to_E_EN' />
    <tag k='one_way' v='yes' />
    <tag k='region' v='de' />
    <tag k='subtype' v='road' />
    <tag k='type' v='lanelet' />
  </relation>
  <relation id='-101142' action='modify' visible='true'>
    <member type='way' ref='1212' role='left' />
    <member type='way' ref='1239' role='right' />
    <tag k='location' v='urban' />
    <tag k='name' v='E_EX_to_S_EN' />
    <tag k='one_way' v='yes' />
    <tag k='region' v='de' />
    <tag k='subtype' v='road' />
    <tag k='type' v='lanelet' />
  </relation>
  <relation id='-101143' action='modify' visible='true'>
    <member type='way' ref='-124149' role='left' />
    <member type='way' ref='-124148' role='right' />
    <tag k='bicycle' v='yes' />
    <tag k='location' v='urban' />
    <tag k='name' v='S_crosswalk' />
    <tag k='one_way' v='no' />
    <tag k='region' v='de' />
    <tag k='subtype' v='crosswalk' />
    <tag k='type' v='lanelet' />
  </relation>
  <relation id='-101144' action='modify' visible='true'>
    <member type='way' ref='-124136' role='left' />
    <member type='way' ref='-124137' role='right' />
    <tag k='bicycle' v='yes' />
    <tag k='location' v='urban' />
    <tag k='name' v='E_crosswalk' />
    <tag k='one_way' v='no' />
    <tag k='region' v='de' />
    <tag k='subtype' v='crosswalk' />
    <tag k='type' v='lanelet' />
  </relation>
  <relation id='-101145' action='modify' visible='true'>
    <member type='way' ref='-124133' role='left' />
    <member type='way' ref='-124132' role='right' />
    <tag k='bicycle' v='yes' />
    <tag k='location' v='urban' />
    <tag k='name' v='N_crosswalk' />
    <tag k='one_way' v='no' />
    <tag k='region' v='de' />
    <tag k='subtype' v='crosswalk' />
    <tag k='type' v='lanelet' />
  </relation>
  <relation id='-101146' action='modify' visible='true'>
    <member type='way' ref='-124135' role='left' />
    <member type='way' ref='-124134' role='right' />
    <tag k='bicycle' v='yes' />
    <tag k='location' v='urban' />
    <tag k='name' v='W_crosswalk' />
    <tag k='one_way' v='no' />
    <tag k='region' v='de' />
    <tag k='subtype' v='crosswalk' />
    <tag k='type' v='lanelet' />
  </relation>
  <relation id='-101205' action='modify' visible='true'>
    <member type='way' ref='-124253' role='right' />
    <member type='way' ref='-124165' role='left' />
    <tag k='location' v='urban' />
    <tag k='name' v='R3Out3' />
    <tag k='one_way' v='yes' />
    <tag k='region' v='cn' />
    <tag k='subtype' v='road' />
    <tag k='type' v='lanelet' />
  </relation>
  <relation id='-101274' action='modify' visible='true'>
    <tag k='location' v='urban' />
    <tag k='name' v='R3In3' />
    <tag k='one_way' v='yes' />
    <tag k='region' v='cn' />
    <tag k='subtype' v='road' />
    <tag k='type' v='lanelet' />
  </relation>
  <relation id='1472' visible='true' version='1'>
    <member type='way' ref='1177' role='left' />
    <member type='way' ref='1188' role='right' />
    <tag k='name' v='W_EX_1_to_N_EN_1' />
    <tag k='type' v='lanelet' />
  </relation>
  <relation id='1473' visible='true' version='1'>
    <member type='way' ref='1212' role='left' />
    <member type='way' ref='1224' role='right' />
    <tag k='name' v='E_EX_1_to_S_EN_1' />
    <tag k='type' v='lanelet' />
  </relation>
  <relation id='1474' visible='true' version='1'>
    <member type='way' ref='1311' role='left' />
    <member type='way' ref='1334' role='right' />
    <tag k='name' v='S_EX_1_to_W_EN_1' />
    <tag k='type' v='lanelet' />
  </relation>
  <relation id='1475' visible='true' version='1'>
    <member type='way' ref='1275' role='left' />
    <member type='way' ref='1251' role='right' />
    <tag k='name' v='N_EX_1_to_E_EN_1' />
    <tag k='type' v='lanelet' />
  </relation>
  <relation id='1476' visible='true' version='1'>
    <member type='way' ref='1374' role='left' />
    <member type='way' ref='1202' role='right' />
    <tag k='name' v='W_EX_3_to_N_EN_2' />
    <tag k='type' v='lanelet' />
  </relation>
  <relation id='1477' visible='true' version='1'>
    <member type='way' ref='1387' role='left' />
    <member type='way' ref='1239' role='right' />
    <tag k='name' v='E_EX_3_to_S_EN_2' />
    <tag k='type' v='lanelet' />
  </relation>
  <relation id='1478' visible='true' version='1'>
    <member type='way' ref='1347' role='left' />
    <member type='way' ref='1362' role='right' />
    <tag k='name' v='S_EX_2_to_W_EN_3' />
    <tag k='type' v='lanelet' />
  </relation>
  <relation id='1479' visible='true' version='1'>
    <member type='way' ref='1264' role='left' />
    <member type='way' ref='1301' role='right' />
    <tag k='name' v='N_EX_2_to_E_EN_3' />
    <tag k='type' v='lanelet' />
  </relation>
  <relation id='1480' visible='true' version='1'>
    <member type='way' ref='1055' role='left' />
    <member type='way' ref='1069' role='right' />
    <tag k='name' v='W_EX_1_to_E_EN_1' />
    <tag k='type' v='lanelet' />
  </relation>
  <relation id='1481' visible='true' version='1'>
    <member type='way' ref='1069' role='left' />
    <member type='way' ref='1083' role='right' />
    <tag k='name' v='W_EX_2_to_E_EN_2' />
    <tag k='type' v='lanelet' />
  </relation>
  <relation id='1482' visible='true' version='1'>
    <member type='way' ref='1083' role='left' />
    <member type='way' ref='1097' role='right' />
    <tag k='name' v='W_EX_3_to_E_EN_3' />
    <tag k='type' v='lanelet' />
  </relation>
  <relation id='1483' action='modify' visible='true' version='1'>
    <member type='way' ref='-124849' role='left' />
    <member type='way' ref='1041' role='right' />
    <tag k='name' v='E_EX_1_to_W_EN_1' />
    <tag k='type' v='lanelet' />
  </relation>
  <relation id='1484' visible='true' version='1'>
    <member type='way' ref='1041' role='left' />
    <member type='way' ref='1027' role='right' />
    <tag k='name' v='E_EX_2_to_W_EN_2' />
    <tag k='type' v='lanelet' />
  </relation>
  <relation id='1485' visible='true' version='1'>
    <member type='way' ref='1027' role='left' />
    <member type='way' ref='1013' role='right' />
    <tag k='name' v='E_EX_3_to_W_EN_3' />
    <tag k='type' v='lanelet' />
  </relation>
  <relation id='1486' action='modify' visible='true' version='1'>
    <member type='way' ref='-124803' role='left' />
    <member type='way' ref='1153' role='right' />
    <tag k='name' v='S_EX_1_to_N_EN_1' />
    <tag k='type' v='lanelet' />
  </relation>
  <relation id='1487' visible='true' version='1'>
    <member type='way' ref='1153' role='left' />
    <member type='way' ref='1167' role='right' />
    <tag k='name' v='S_EX_2_to_N_EN_2' />
    <tag k='type' v='lanelet' />
  </relation>
  <relation id='1488' visible='true' version='1'>
    <member type='way' ref='1139' role='left' />
    <member type='way' ref='1125' role='right' />
    <tag k='name' v='N_EX_1_to_S_EN_1' />
    <tag k='type' v='lanelet' />
  </relation>
  <relation id='1489' visible='true' version='1'>
    <member type='way' ref='1125' role='left' />
    <member type='way' ref='1111' role='right' />
    <tag k='name' v='N_EX_2_to_S_EN_2' />
    <tag k='type' v='lanelet' />
  </relation>
  <relation id='1490' visible='true' version='1'>
    <member type='way' ref='1396' role='left' />
    <member type='way' ref='1404' role='right' />
    <tag k='name' v='W_EX_2_to_S_EN_1' />
    <tag k='type' v='lanelet' />
  </relation>
  <relation id='1491' visible='true' version='1'>
    <member type='way' ref='1404' role='left' />
    <member type='way' ref='-124150' role='right' />
    <tag k='name' v='W_EX_3_to_S_EN_2' />
    <tag k='type' v='lanelet' />
  </relation>
  <relation id='1492' visible='true' version='1'>
    <member type='way' ref='1429' role='left' />
    <member type='way' ref='1412' role='right' />
    <tag k='name' v='S_EX_1_to_E_EN_2' />
    <tag k='type' v='lanelet' />
  </relation>
  <relation id='1493' action='modify' visible='true' version='1'>
    <member type='way' ref='-124577' role='left' />
    <member type='way' ref='1420' role='right' />
    <tag k='name' v='S_EX_1_to_E_EN_1' />
    <tag k='type' v='lanelet' />
  </relation>
  <relation id='1494' visible='true' version='1'>
    <member type='way' ref='1412' role='left' />
    <member type='way' ref='-124154' role='right' />
    <tag k='name' v='S_EX_2_to_E_EN_3' />
    <tag k='type' v='lanelet' />
  </relation>
  <relation id='1495' visible='true' version='1'>
    <member type='way' ref='1439' role='left' />
    <member type='way' ref='1447' role='right' />
    <tag k='name' v='E_EX_2_to_N_EN_1' />
    <tag k='type' v='lanelet' />
  </relation>
  <relation id='1496' visible='true' version='1'>
    <member type='way' ref='1447' role='left' />
    <member type='way' ref='-124131' role='right' />
    <tag k='name' v='E_EX_3_to_N_EN_2' />
    <tag k='type' v='lanelet' />
  </relation>
  <relation id='1497' visible='true' version='1'>
    <member type='way' ref='1471' role='left' />
    <member type='way' ref='1462' role='right' />
    <tag k='name' v='N_EX_1_to_W_EN_2' />
    <tag k='type' v='lanelet' />
  </relation>
  <relation id='1498' visible='true' version='1'>
    <member type='way' ref='1177' role='left' />
    <member type='way' ref='1455' role='right' />
    <tag k='name' v='N_EX_1_to_W_EN_1' />
    <tag k='type' v='lanelet' />
  </relation>
  <relation id='1499' visible='true' version='1'>
    <member type='way' ref='1462' role='left' />
    <member type='way' ref='-124166' role='right' />
    <tag k='name' v='N_EX_2_to_W_EN_3' />
    <tag k='type' v='lanelet' />
  </relation>
</osm>
