<?xml version='1.0' encoding='UTF-8'?>
<osm version='0.6' upload='false' generator='JOSM'>
  <node id='-138454' lat='0.00045811089' lon='0.00003639324' />
  <node id='-138455' lat='0.00041967322' lon='0.00015697253' />
  <node id='-138456' lat='0.0005503041' lon='0.00028598382' />
  <node id='-138457' lat='0.00065732719' lon='0.00036641877' />
  <node id='-138458' lat='0.00067988138' lon='0.00038321102' />
  <node id='-138459' lat='0.00041303018' lon='0.00035249679'>
    <tag k='name' v='N_3' />
  </node>
  <node id='-138460' lat='-0.00000142646' lon='0.00000237917'>
    <tag k='name' v='S_2' />
  </node>
  <node id='-138461' lat='0.00059106055' lon='0.00049675826' />
  <node id='-138462' lat='-0.00017376063' lon='-0.00013020185' />
  <node id='-138463' lat='0.0003235978' lon='0.00000690806'>
    <tag k='name' v='W_4' />
  </node>
  <node id='-138464' action='modify' lat='0.00008129106' lon='0.00037845551'>
    <tag k='location' v='urban' />
    <tag k='name' v='E_ex_1:gap' />
    <tag k='one_way' v='yes' />
    <tag k='region' v='cn' />
    <tag k='subtype' v='road' />
    <tag k='type' v='lanelet' />
  </node>
  <node id='-138465' lat='0.00043409012' lon='0.00007332948' />
  <node id='-138466' lat='0.00051863674' lon='-0.00004079725' />
  <node id='-138467' lat='0.00042028948' lon='0.00011217782' />
  <node id='-138468' lat='0.00041907084' lon='0.00013167894' />
  <node id='-138469' lat='0.0004247258' lon='0.00009380186' />
  <node id='-138470' lat='0.00042397291' lon='0.00017524551' />
  <node id='-138471' lat='0.00043527237' lon='0.00019401375' />
  <node id='-138472' lat='0.00049624415' lon='0.00024277737'>
    <tag k='name' v='N_7' />
  </node>
  <node id='-138473' lat='0.00046087282' lon='0.00021493628' />
  <node id='-138474' lat='0.00042191769' lon='0.00010241557' />
  <node id='-138475' lat='0.00041365006' lon='-0.00012128454' />
  <node id='-138476' lat='0.00035107293' lon='0.00002591817'>
    <tag k='name' v='W_3' />
  </node>
  <node id='-138477' lat='0.00044470655' lon='-0.00010682611' />
  <node id='-138478' lat='-0.00020510889' lon='-0.00012080777' />
  <node id='-138479' lat='-0.00001972177' lon='0.00002449262'>
    <tag k='name' v='S_3' />
  </node>
  <node id='-138480' lat='-0.00021642971' lon='-0.00009362327' />
  <node id='-138481' lat='-0.00003800504' lon='0.00004659152'>
    <tag k='name' v='S_4' />
  </node>
  <node id='-138482' lat='-0.0002379808' lon='-0.00006922387' />
  <node id='-138483' lat='-0.00005772097' lon='0.00007042206'>
    <tag k='name' v='S_5' />
  </node>
  <node id='-138484' lat='0.00032870854' lon='0.00043727566' />
  <node id='-138485' lat='0.00029191521' lon='0.0004301575' />
  <node id='-138486' lat='0.00026772853' lon='0.0004295766' />
  <node id='-138487' lat='0.00024650792' lon='0.00043332252' />
  <node id='-138488' lat='0.00022297515' lon='0.00043855022' />
  <node id='-138489' lat='0.00020731723' lon='0.00044455578' />
  <node id='-138490' lat='0.00018932909' lon='0.00045058943' />
  <node id='-138491' lat='0.00018240239' lon='0.00045590804' />
  <node id='-138492' lat='0.00009495426' lon='0.00058181084' />
  <node id='-138493' lat='0.00035768741' lon='0.00044855949' />
  <node id='-138494' lat='0.0003817427' lon='0.00046222967' />
  <node id='-138495' lat='0.00045064128' lon='0.0005218926' />
  <node id='-138496' lat='0.00052360295' lon='0.00058034369' />
  <node id='-138497' lat='0.00008482694' lon='0.00029043417' />
  <node id='-138498' lat='0.00004177089' lon='0.00034663937' />
  <node id='-138499' lat='-0.00009238044' lon='0.0005368922' />
  <node id='-138500' lat='-0.00010514768' lon='0.00055393396' />
  <node id='-138501' lat='-0.00007123556' lon='0.00058344484' />
  <node id='-138502' lat='-0.00006321482' lon='0.00057229622' />
  <node id='-138503' lat='-0.00003334833' lon='0.00053703538' />
  <node id='-138504' lat='0.00002278924' lon='0.0004584142' />
  <node id='-138505' lat='0.00012129033' lon='0.00031820565' />
  <node id='-138506' lat='0.00032963748' lon='-0.00016582947' />
  <node id='-138507' lat='0.00028137125' lon='-0.00009904085' />
  <node id='-138508' lat='0.00026013642' lon='-0.00007260949' />
  <node id='-138509' lat='0.000248361' lon='-0.00005879819' />
  <node id='-138510' lat='0.0002328274' lon='-0.00004261487' />
  <node id='-138511' lat='0.0002140258' lon='-0.00003162725' />
  <node id='-138512' lat='0.00019693634' lon='-0.00002356865' />
  <node id='-138513' lat='0.00016816026' lon='-0.00001827757' />
  <node id='-138514' lat='0.00014892884' lon='-0.00001862747' />
  <node id='-138515' lat='0.00012791778' lon='-0.00002157345' />
  <node id='-138516' lat='0.00009809735' lon='-0.00003023004' />
  <node id='-138517' lat='0.00008345176' lon='-0.00003674281' />
  <node id='-138518' lat='0.00005071621' lon='-0.00005869723'>
    <tag k='name' v='S_0' />
  </node>
  <node id='-138519' lat='0.00002395463' lon='-0.00008006341' />
  <node id='-138520' lat='-0.00014822899' lon='-0.00021650666' />
  <node id='-138521' lat='-0.00027539563' lon='-0.00005568547' />
  <node id='-138522' lat='-0.0001043642' lon='0.00007907195' />
  <node id='-138523' lat='-0.00008646286' lon='0.00010025453' />
  <node id='-138524' lat='-0.00008439394' lon='0.00010255286'>
    <tag k='name' v='S_6' />
  </node>
  <node id='-138525' lat='-0.00006619314' lon='0.00028736964' />
  <node id='-138526' lat='-0.00007364858' lon='0.00031050376' />
  <node id='-138527' lat='-0.00013274789' lon='0.0003947526' />
  <node id='-138528' lat='0.00047512262' lon='0.00027089488'>
    <tag k='name' v='N_6' />
  </node>
  <node id='-138529' lat='0.00065913733' lon='0.00041933107' />
  <node id='-138530' lat='0.00045577401' lon='0.0002963228'>
    <tag k='name' v='N_5' />
  </node>
  <node id='-138531' lat='0.00063995558' lon='0.00044690134' />
  <node id='-138532' lat='0.00043511273' lon='0.00032347587'>
    <tag k='name' v='N_4' />
  </node>
  <node id='-138533' lat='0.00061297519' lon='0.00046802168' />
  <node id='-138534' lat='0.00041854663' lon='0.00010071125' />
  <node id='-138535' lat='0.00022939956' lon='-0.00003704763' />
  <node id='-138536' lat='0.00041045338' lon='0.00016552' />
  <node id='-138537' lat='0.00016791161' lon='-0.00001478451' />
  <node id='-138538' lat='0.0004317877' lon='0.00019492827' />
  <node id='-138539' lat='0.0002569335' lon='0.00042825257' />
  <node id='-138540' lat='0.00048015198' lon='0.00023113642' />
  <node id='-138541' lat='0.00032438178' lon='0.00043485593' />
  <node id='-138542' lat='0.00012508717' lon='0.00031903283' />
  <node id='-138543' lat='0.00028226042' lon='0.00042678384' />
  <node id='-138544' action='modify' lat='0.00009180175' lon='0.00036441055'>
    <tag k='location' v='urban' />
    <tag k='name' v='E_ex_1:gap' />
    <tag k='one_way' v='yes' />
    <tag k='region' v='cn' />
    <tag k='subtype' v='road' />
    <tag k='type' v='lanelet' />
  </node>
  <node id='-138545' lat='0.00020590296' lon='0.00044210121' />
  <node id='-138546' lat='-0.00004912146' lon='0.00019396368' />
  <node id='-138547' lat='0.00008377535' lon='0.00028782944' />
  <node id='-138548' lat='-0.00005527093' lon='0.00025693171' />
  <node id='-138549' lat='0.00005067009' lon='0.000332218' />
  <node id='-138550' lat='-0.00004546717' lon='0.00018904807' />
  <node id='-138551' lat='0.00011918109' lon='-0.00002132259' />
  <node id='-138552' lat='-0.00006621011' lon='0.00012458632' />
  <node id='-138553' lat='0.00006562699' lon='-0.00004118141' />
  <node id='-138554' lat='0.000295627' lon='0.00001118694' />
  <node id='-138555' lat='0.00027080954' lon='-0.00003110772'>
    <tag k='name' v='W_6' />
  </node>
  <node id='-138556' lat='0.00035706423' lon='-0.00015084971' />
  <node id='-138557' lat='0.00029680736' lon='-0.00001240566'>
    <tag k='name' v='W_5' />
  </node>
  <node id='-138558' lat='0.00038319033' lon='-0.00013458682' />
  <node id='-138559' lat='0.00012928461' lon='0.00041225121'>
    <tag k='name' v='E_5' />
  </node>
  <node id='-138560' lat='0.00004128642' lon='0.00053824851' />
  <node id='-138561' lat='0.00015373126' lon='0.00043008511'>
    <tag k='name' v='E_6' />
  </node>
  <node id='-138562' lat='0.00006847264' lon='0.00055876345' />
  <node id='-138563' action='modify' lat='0.00010459941' lon='0.00039477277'>
    <tag k='location' v='urban' />
    <tag k='name' v='E_ex_1:gap' />
    <tag k='one_way' v='yes' />
    <tag k='region' v='cn' />
    <tag k='subtype' v='road' />
    <tag k='type' v='lanelet' />
  </node>
  <node id='-138564' lat='0.00001676861' lon='0.00052362859' />
  <node id='-138565' lat='0.00044244804' lon='0.00006047767' />
  <node id='-138566' lat='-0.00006169537' lon='0.00027466686'>
    <tag k='name' v='E_0' />
  </node>
  <node id='-138567' lat='0.00002415815' lon='-0.00002914346'>
    <tag k='name' v='S_1' />
  </node>
  <node id='-138568' lat='-0.00016588008' lon='-0.00017873777' />
  <node id='-138569' lat='-0.00001174398' lon='0.00031082497'>
    <tag k='name' v='E_1' />
  </node>
  <node id='-138570' lat='-0.00008898792' lon='0.00042327877' />
  <node id='-138571' lat='0.00018639742' lon='0.00045162733'>
    <tag k='name' v='E_7' />
  </node>
  <node id='-138572' lat='0.0004004422' lon='0.00006145037'>
    <tag k='name' v='W_1' />
  </node>
  <node id='-138573' lat='0.00048804598' lon='-0.0000583307' />
  <node id='-138574' lat='0.00037510111' lon='0.00004399671'>
    <tag k='name' v='W_2' />
  </node>
  <node id='-138575' lat='0.00046736908' lon='-0.00008093235' />
  <node id='-138576' lat='0.00042815532' lon='0.00008471259' />
  <node id='-138577' lat='0.00004093213' lon='0.00034601895'>
    <tag k='name' v='E_2' />
  </node>
  <node id='-138578' lat='-0.00003995682' lon='0.00046050397' />
  <node id='-138579' lat='0.00039202467' lon='0.00038047102'>
    <tag k='name' v='N_2' />
  </node>
  <node id='-138580' lat='0.00056980876' lon='0.00052487103' />
  <node id='-138581' lat='0.00037108393' lon='0.00040754846'>
    <tag k='name' v='N_1' />
  </node>
  <node id='-138582' lat='0.00055151644' lon='0.00055489709' />
  <node id='-138583' lat='0.00034464029' lon='0.00044239203'>
    <tag k='name' v='N_0' />
  </node>
  <node id='-138584' lat='0.00024206863' lon='-0.00005201252'>
    <tag k='name' v='W_7' />
  </node>
  <node id='-138585' lat='0.00042978877' lon='0.00008096734'>
    <tag k='name' v='W_0' />
  </node>
  <node id='-138586' lat='-0.00000908268' lon='0.00050825522' />
  <node id='-138607' action='modify' lat='-0.00017373944' lon='-0.00013023498' />
  <node id='-138608' action='modify' lat='-0.00000140527' lon='0.00000234604'>
    <tag k='name' v='S_2' />
  </node>
  <node id='-138654' action='modify' lat='0.00041368376' lon='-0.00012131183' />
  <node id='-138655' action='modify' lat='0.0003236315' lon='0.00000688077'>
    <tag k='name' v='W_4' />
  </node>
  <node id='-138666' action='modify' lat='0.00041314429' lon='0.0003524262'>
    <tag k='name' v='N_3' />
  </node>
  <node id='-138667' action='modify' lat='0.00059117466' lon='0.00049668767' />
  <node id='-139364' action='modify' lat='0.00011524039' lon='0.00037884825' />
  <node id='-139374' action='modify' lat='0.00011454163' lon='0.00037989396' />
  <node id='-139470' action='modify' lat='0.0001096951' lon='0.00038741101' />
  <node id='-139535' action='modify' lat='0.00014047753' lon='0.00039755353' />
  <node id='-139536' action='modify' lat='0.00013947611' lon='0.00039698345' />
  <node id='-139807' action='modify' lat='0.00016453873' lon='0.00041393662' />
  <node id='-139827' action='modify' lat='0.00019674654' lon='0.00043586667' />
  <node id='-139870' action='modify' lat='0.00039677616' lon='0.00034017706' />
  <node id='-139871' action='modify' lat='0.00041874948' lon='0.00031143988' />
  <node id='-139873' action='modify' lat='0.0004248258' lon='0.00031590932' />
  <node id='-139875' action='modify' lat='0.00043962162' lon='0.00028414286' />
  <node id='-139876' action='modify' lat='0.00045920403' lon='0.00025853258' />
  <node id='-139877' action='modify' lat='0.00048054933' lon='0.00023042384' />
  <node id='-139881' action='modify' lat='0.00031442721' lon='0.0000242059' />
  <node id='-139882' action='modify' lat='0.0002861915' lon='0.00000404018' />
  <node id='-139885' action='modify' lat='0.00025838766' lon='-0.00001607533' />
  <node id='-139893' action='modify' lat='0.00000011803' lon='0.00004118745' />
  <node id='-139894' action='modify' lat='-0.00001709291' lon='0.00006282793' />
  <node id='-139895' action='modify' lat='-0.00003664176' lon='0.00008699454' />
  <node id='-139898' action='modify' lat='-0.00006354658' lon='0.00012120004' />
  <node id='1000' version='1' lat='0.00031198278' lon='0.00002881665' />
  <node id='1001' version='1' lat='0.00030258558' lon='0.00005175059' />
  <node id='1002' version='1' lat='0.00029549669' lon='0.00007548902' />
  <node id='1003' version='1' lat='0.0002907844' lon='0.00009980334' />
  <node id='1004' version='1' lat='0.00028849407' lon='0.00012445936' />
  <node id='1005' version='1' lat='0.00028864779' lon='0.00014921964' />
  <node id='1006' version='1' lat='0.00029124404' lon='0.00017384573' />
  <node id='1007' version='1' lat='0.00029625784' lon='0.00019810046' />
  <node id='1008' version='1' lat='0.0003036409' lon='0.00022175026' />
  <node id='1009' version='1' lat='0.00031332211' lon='0.00024456735' />
  <node id='1010' version='1' lat='0.00032520826' lon='0.00026633201' />
  <node id='1011' version='1' lat='0.00033918485' lon='0.00028683461' />
  <node id='1012' version='1' lat='0.00035511728' lon='0.00030587771' />
  <node id='1013' version='1' lat='0.00037285213' lon='0.00032327792' />
  <node id='1014' version='1' lat='0.0003922186' lon='0.00033886765' />
  <node id='1016' version='1' lat='0.00028465433' lon='0.00000940422' />
  <node id='1017' version='1' lat='0.0002744612' lon='0.00003218321' />
  <node id='1018' version='1' lat='0.00026630556' lon='0.00005575796' />
  <node id='1019' version='1' lat='0.00026024949' lon='0.00007994906' />
  <node id='1020' version='1' lat='0.00025633905' lon='0.0001045724' />
  <node id='1021' version='1' lat='0.00025460403' lon='0.00012944056' />
  <node id='1022' version='1' lat='0.00025505763' lon='0.0001543643' />
  <node id='1023' version='1' lat='0.00025769638' lon='0.00017915394' />
  <node id='1024' version='1' lat='0.00026250021' lon='0.0002036208' />
  <node id='1025' version='1' lat='0.00026943256' lon='0.00022757868' />
  <node id='1026' version='1' lat='0.00027844066' lon='0.00025084523' />
  <node id='1027' version='1' lat='0.00028945597' lon='0.00027324341' />
  <node id='1028' version='1' lat='0.00030239465' lon='0.00029460273' />
  <node id='1029' version='1' lat='0.00031715824' lon='0.00031476064' />
  <node id='1030' version='1' lat='0.00033363436' lon='0.00033356373' />
  <node id='1031' version='1' lat='0.00035169762' lon='0.00035086889' />
  <node id='1032' version='1' lat='0.00037121056' lon='0.00036654442' />
  <node id='1035' version='1' lat='0.00031035254' lon='0.00002792957' />
  <node id='1036' version='1' lat='0.00029911648' lon='0.00005007533' />
  <node id='1037' version='1' lat='0.00028998547' lon='0.00007315643' />
  <node id='1038' version='1' lat='0.00028303742' lon='0.00009697592' />
  <node id='1039' version='1' lat='0.00027833161' lon='0.0001213306' />
  <node id='1040' version='1' lat='0.00027590819' lon='0.00014601269' />
  <node id='1041' version='1' lat='0.00027578783' lon='0.00017081158' />
  <node id='1042' version='1' lat='0.00027797155' lon='0.00019551572' />
  <node id='1043' version='1' lat='0.00028244072' lon='0.00021991435' />
  <node id='1044' version='1' lat='0.00028915724' lon='0.00024379928' />
  <node id='1045' version='1' lat='0.00029806377' lon='0.00026696676' />
  <node id='1046' version='1' lat='0.00030908435' lon='0.00028921911' />
  <node id='1047' version='1' lat='0.00032212494' lon='0.00031036651' />
  <node id='1048' version='1' lat='0.00033707428' lon='0.00033022851' />
  <node id='1049' version='1' lat='0.00035380484' lon='0.00034863567' />
  <node id='1050' version='1' lat='0.00037217388' lon='0.00036543093' />
  <node id='1052' version='1' lat='0.00028326645' lon='0.00000857161' />
  <node id='1053' version='1' lat='0.00027151574' lon='0.00003058795' />
  <node id='1054' version='1' lat='0.00026163552' lon='0.00005349296' />
  <node id='1055' version='1' lat='0.00025369328' lon='0.00007713018' />
  <node id='1056' version='1' lat='0.00024774326' lon='0.00010133813' />
  <node id='1057' version='1' lat='0.00024382611' lon='0.00012595147' />
  <node id='1058' version='1' lat='0.0002419686' lon='0.00015080205' />
  <node id='1059' version='1' lat='0.0002421834' lon='0.00017572012' />
  <node id='1060' version='1' lat='0.00024446905' lon='0.00020053547' />
  <node id='1061' version='1' lat='0.00024880995' lon='0.00022507857' />
  <node id='1062' version='1' lat='0.00025517642' lon='0.00024918177' />
  <node id='1063' version='1' lat='0.00026352501' lon='0.00027268043' />
  <node id='1064' version='1' lat='0.00027379865' lon='0.00029541403' />
  <node id='1065' version='1' lat='0.00028592719' lon='0.00031722727' />
  <node id='1066' version='1' lat='0.00029982776' lon='0.00033797115' />
  <node id='1067' version='1' lat='0.00031540542' lon='0.00035750395' />
  <node id='1068' version='1' lat='0.00033255374' lon='0.00037569227' />
  <node id='1069' version='1' lat='0.00035115561' lon='0.00039241184' />
  <node id='1072' version='1' lat='0.00009694658' lon='0.00035758107' />
  <node id='1073' version='1' lat='0.00011182643' lon='0.00033543709' />
  <node id='1074' version='1' lat='0.00012404065' lon='0.00031725679' />
  <node id='1075' version='1' lat='0.00012823207' lon='0.00028193869' />
  <node id='1076' version='1' lat='0.00012599549' lon='0.00024267722' />
  <node id='1077' version='1' lat='0.00012606414' lon='0.00023172276' />
  <node id='1078' version='1' lat='0.00012385866' lon='0.00021069717' />
  <node id='1079' version='1' lat='0.0001207608' lon='0.00018574403' />
  <node id='1080' version='1' lat='0.00011535823' lon='0.00016118125' />
  <node id='1081' version='1' lat='0.00010769709' lon='0.0001372184' />
  <node id='1082' version='1' lat='0.00009784271' lon='0.00011405992' />
  <node id='1083' version='1' lat='0.00008587917' lon='0.0000919034' />
  <node id='1084' version='1' lat='0.00007190854' lon='0.00007093786' />
  <node id='1085' version='1' lat='0.00005605003' lon='0.00005134216' />
  <node id='1086' version='1' lat='0.0000384389' lon='0.00003328352' />
  <node id='1087' version='1' lat='0.00001922543' lon='0.00001691596' />
  <node id='1089' version='1' lat='0.00011803315' lon='0.00037338275' />
  <node id='1090' version='1' lat='0.00012964272' lon='0.00035096387' />
  <node id='1091' version='1' lat='0.00014214919' lon='0.00032837873' />
  <node id='1092' version='1' lat='0.00015469194' lon='0.00030170833' />
  <node id='1093' version='1' lat='0.00015920632' lon='0.00027799514' />
  <node id='1094' version='1' lat='0.00015980504' lon='0.00025447693' />
  <node id='1095' version='1' lat='0.00016063072' lon='0.00022969455' />
  <node id='1096' version='1' lat='0.00015748465' lon='0.00020377748' />
  <node id='1097' version='1' lat='0.0001548592' lon='0.00017870182' />
  <node id='1098' version='1' lat='0.00015015801' lon='0.00015392716' />
  <node id='1099' version='1' lat='0.00014341323' lon='0.00012962275' />
  <node id='1100' version='1' lat='0.00013467092' lon='0.00010595459' />
  <node id='1101' version='1' lat='0.00012399079' lon='0.00008308439' />
  <node id='1102' version='1' lat='0.00011144581' lon='0.00006116835' />
  <node id='1103' version='1' lat='0.00009712166' lon='0.00004035618' />
  <node id='1104' version='1' lat='0.00008111619' lon='0.00002079005' />
  <node id='1105' version='1' lat='0.00006353876' lon='0.00000260363' />
  <node id='1106' version='1' lat='0.00004450942' lon='-0.00001407886' />
  <node id='1109' version='1' lat='0.00014329178' lon='0.00039118881' />
  <node id='1110' version='1' lat='0.00015567519' lon='0.00036914556' />
  <node id='1111' version='1' lat='0.00016636558' lon='0.00034624473' />
  <node id='1112' version='1' lat='0.00017530315' lon='0.00032261438' />
  <node id='1113' version='1' lat='0.00018243794' lon='0.00029838669' />
  <node id='1114' version='1' lat='0.00018773004' lon='0.00027369712' />
  <node id='1115' version='1' lat='0.00019114985' lon='0.00024868376' />
  <node id='1116' version='1' lat='0.00019267824' lon='0.00022348648' />
  <node id='1117' version='1' lat='0.00019230668' lon='0.00019824621' />
  <node id='1118' version='1' lat='0.00019003723' lon='0.00017310411' />
  <node id='1119' version='1' lat='0.00018588261' lon='0.00014820076' />
  <node id='1120' version='1' lat='0.00017986602' lon='0.00012367545' />
  <node id='1121' version='1' lat='0.00017202113' lon='0.00009966533' />
  <node id='1122' version='1' lat='0.0001623918' lon='0.00007630467' />
  <node id='1123' version='1' lat='0.00015103189' lon='0.00005372411' />
  <node id='1124' version='1' lat='0.00013800493' lon='0.00003204994' />
  <node id='1125' version='1' lat='0.00012338375' lon='0.00001140336' />
  <node id='1126' version='1' lat='0.00010725016' lon='-0.00000810015' />
  <node id='1127' version='1' lat='0.00008969434' lon='-0.00002635154' />
  <node id='1128' version='1' lat='0.0000708145' lon='-0.00004324873' />
  <node id='1131' version='1' lat='0.00001559339' lon='0.00001990629' />
  <node id='1132' version='1' lat='0.00003426082' lon='0.00003569194' />
  <node id='1133' version='1' lat='0.00005439605' lon='0.00004958411' />
  <node id='1134' version='1' lat='0.00007580518' lon='0.00006144899' />
  <node id='1135' version='1' lat='0.00009828201' lon='0.00007117233' />
  <node id='1136' version='1' lat='0.00012161009' lon='0.00007866047' />
  <node id='1137' version='1' lat='0.00014556475' lon='0.00008384132' />
  <node id='1138' version='1' lat='0.00016991529' lon='0.00008666497' />
  <node id='1139' version='1' lat='0.00019442721' lon='0.00008710424' />
  <node id='1140' version='1' lat='0.00021886445' lon='0.00008515487' />
  <node id='1141' version='1' lat='0.00024299166' lon='0.00008083567' />
  <node id='1142' version='1' lat='0.00026657648' lon='0.0000741882' />
  <node id='1143' version='1' lat='0.00028939177' lon='0.00006527651' />
  <node id='1144' version='1' lat='0.00031121782' lon='0.00005418642' />
  <node id='1145' version='1' lat='0.00033184442' lon='0.00004102472' />
  <node id='1147' version='1' lat='-0.00000258334' lon='0.00004172386' />
  <node id='1148' version='1' lat='0.0000160018' lon='0.00005740581' />
  <node id='1149' version='1' lat='0.0000358922' lon='0.00007141913' />
  <node id='1150' version='1' lat='0.00005693649' lon='0.00008365717' />
  <node id='1151' version='1' lat='0.0000789745' lon='0.00009402679' />
  <node id='1152' version='1' lat='0.00010183851' lon='0.00010244906' />
  <node id='1153' version='1' lat='0.00012535452' lon='0.0001088599' />
  <node id='1154' version='1' lat='0.00014934354' lon='0.00011321051' />
  <node id='1155' version='1' lat='0.00017362302' lon='0.00011546777' />
  <node id='1156' version='1' lat='0.00019800817' lon='0.00011561452' />
  <node id='1157' version='1' lat='0.00022231339' lon='0.00011364963' />
  <node id='1158' version='1' lat='0.00024635372' lon='0.00010958806' />
  <node id='1159' version='1' lat='0.0002699462' lon='0.00010346071' />
  <node id='1160' version='1' lat='0.00029291127' lon='0.00009531423' />
  <node id='1161' version='1' lat='0.00031507415' lon='0.00008521061' />
  <node id='1162' version='1' lat='0.00033626617' lon='0.00007322674' />
  <node id='1163' version='1' lat='0.00035632604' lon='0.00005945383' />
  <node id='1166' version='1' lat='0.00001490386' lon='0.00002084471' />
  <node id='1167' version='1' lat='0.00003287979' lon='0.0000377348' />
  <node id='1168' version='1' lat='0.00005234796' lon='0.00005290532' />
  <node id='1169' version='1' lat='0.00007314228' lon='0.00006622686' />
  <node id='1170' version='1' lat='0.00009508533' lon='0.00007758576' />
  <node id='1171' version='1' lat='0.00011798991' lon='0.00008688512' />
  <node id='1172' version='1' lat='0.0001416606' lon='0.00009404557' />
  <node id='1173' version='1' lat='0.00016589545' lon='0.00009900605' />
  <node id='1174' version='1' lat='0.00019048769' lon='0.00010172423' />
  <node id='1175' version='1' lat='0.00021522753' lon='0.00010217691' />
  <node id='1176' version='1' lat='0.00023990388' lon='0.00010036025' />
  <node id='1177' version='1' lat='0.00026430622' lon='0.00009628973' />
  <node id='1178' version='1' lat='0.00028822634' lon='0.00009000007' />
  <node id='1179' version='1' lat='0.00031146018' lon='0.00008154496' />
  <node id='1180' version='1' lat='0.00033380951' lon='0.00007099651' />
  <node id='1181' version='1' lat='0.00035508365' lon='0.00005844473' />
  <node id='1183' version='1' lat='-0.00000312852' lon='0.00004260127' />
  <node id='1184' version='1' lat='0.00001491353' lon='0.00005928699' />
  <node id='1185' version='1' lat='0.00003428115' lon='0.00007443579' />
  <node id='1186' version='1' lat='0.00005484202' lon='0.00008794418' />
  <node id='1187' version='1' lat='0.00007645569' lon='0.00009971991' />
  <node id='1188' version='1' lat='0.00009897454' lon='0.00010968252' />
  <node id='1189' version='1' lat='0.00012224473' lon='0.00011776396' />
  <node id='1190' version='1' lat='0.00014610728' lon='0.00012390903' />
  <node id='1191' version='1' lat='0.00017039922' lon='0.00012807574' />
  <node id='1192' version='1' lat='0.00019495458' lon='0.00013023564' />
  <node id='1193' version='1' lat='0.00021960565' lon='0.00013037397' />
  <node id='1194' version='1' lat='0.00024418401' lon='0.00012848978' />
  <node id='1195' version='1' lat='0.00026852179' lon='0.00012459596' />
  <node id='1196' version='1' lat='0.00029245272' lon='0.00011871908' />
  <node id='1197' version='1' lat='0.00031581334' lon='0.00011089931' />
  <node id='1198' version='1' lat='0.00033844406' lon='0.00010119005' />
  <node id='1199' version='1' lat='0.0003601903' lon='0.00008965764' />
  <node id='1200' version='1' lat='0.00038090352' lon='0.00007638085' />
  <node id='1203' version='1' lat='0.00039535703' lon='0.00033592094' />
  <node id='1204' version='1' lat='0.00037621956' lon='0.00032103556' />
  <node id='1205' version='1' lat='0.000355781' lon='0.00030796764' />
  <node id='1206' version='1' lat='0.00033421577' lon='0.00029682868' />
  <node id='1207' version='1' lat='0.00031170782' lon='0.0002877137' />
  <node id='1208' version='1' lat='0.00028844919' lon='0.00028070047' />
  <node id='1209' version='1' lat='0.00026463832' lon='0.00027584883' />
  <node id='1210' version='1' lat='0.00024047835' lon='0.00027320017' />
  <node id='1211' version='1' lat='0.00021617541' lon='0.00027277708' />
  <node id='1212' version='1' lat='0.00019193684' lon='0.00027458318' />
  <node id='1213' version='1' lat='0.00016796944' lon='0.00027860305' />
  <node id='1214' version='1' lat='0.00013957593' lon='0.00027965898' />
  <node id='1215' version='1' lat='0.00011443643' lon='0.00028058077' />
  <node id='1216' version='1' lat='0.00008314184' lon='0.00028735889' />
  <node id='1220' version='1' lat='0.00041737399' lon='0.00030623159' />
  <node id='1221' version='1' lat='0.00039832784' lon='0.00029042293' />
  <node id='1222' version='1' lat='0.00037809172' lon='0.00027614734' />
  <node id='1223' version='1' lat='0.00035679037' lon='0.00026349282' />
  <node id='1224' version='1' lat='0.00033455514' lon='0.00025253742' />
  <node id='1225' version='1' lat='0.00031152311' lon='0.00024334867' />
  <node id='1226' version='1' lat='0.00028783628' lon='0.00023598321' />
  <node id='1227' version='1' lat='0.00026364068' lon='0.00023048647' />
  <node id='1228' version='1' lat='0.0002390855' lon='0.00022689233' />
  <node id='1229' version='1' lat='0.00021432212' lon='0.00022522294' />
  <node id='1230' version='1' lat='0.00018950322' lon='0.0002254886' />
  <node id='1231' version='1' lat='0.00016175452' lon='0.00022363649' />
  <node id='1232' version='1' lat='0.00013648874' lon='0.00022367731' />
  <node id='1233' version='1' lat='0.00010567811' lon='0.00022642748' />
  <node id='1234' version='1' lat='0.00008139408' lon='0.00023282102' />
  <node id='1235' version='1' lat='0.00006380436' lon='0.00024466717' />
  <node id='1236' version='1' lat='0.00004451703' lon='0.00026423877' />
  <node id='1237' version='1' lat='0.00002687648' lon='0.00027990682' />
  <node id='1238' version='1' lat='0.00000695477' lon='0.00029461227' />
  <node id='1241' version='1' lat='0.00039642654' lon='0.00033400419' />
  <node id='1242' version='1' lat='0.00037834222' lon='0.00031693668' />
  <node id='1243' version='1' lat='0.00035890075' lon='0.00030141088' />
  <node id='1244' version='1' lat='0.00033823492' lon='0.00028753281' />
  <node id='1245' version='1' lat='0.00031648592' lon='0.00027539729' />
  <node id='1246' version='1' lat='0.00029380231' lon='0.00026508722' />
  <node id='1247' version='1' lat='0.00027033902' lon='0.00025667301' />
  <node id='1248' version='1' lat='0.00024625637' lon='0.00025021216' />
  <node id='1249' version='1' lat='0.00022171883' lon='0.00024574879' />
  <node id='1250' version='1' lat='0.00019689403' lon='0.00024331339' />
  <node id='1251' version='1' lat='0.00017195156' lon='0.0002429226' />
  <node id='1252' version='1' lat='0.0001470618' lon='0.00024457909' />
  <node id='1253' version='1' lat='0.00012239475' lon='0.00024827154' />
  <node id='1254' version='1' lat='0.00009811893' lon='0.00025397474' />
  <node id='1255' version='1' lat='0.00007440017' lon='0.00026164971' />
  <node id='1256' version='1' lat='0.00005140047' lon='0.00027124404' />
  <node id='1257' version='1' lat='0.00002927697' lon='0.00028269218' />
  <node id='1258' version='1' lat='0.00000818078' lon='0.00029591594' />
  <node id='1260' version='1' lat='0.00041844901' lon='0.00030469906' />
  <node id='1261' version='1' lat='0.0004004792' lon='0.00028715089' />
  <node id='1262' version='1' lat='0.00038129486' lon='0.00027092082' />
  <node id='1263' version='1' lat='0.00036099376' lon='0.00025609153' />
  <node id='1264' version='1' lat='0.00033967935' lon='0.00024273859' />
  <node id='1265' version='1' lat='0.00031746024' lon='0.00023093004' />
  <node id='1266' version='1' lat='0.00029444965' lon='0.00022072606' />
  <node id='1267' version='1' lat='0.00027076484' lon='0.00021217865' />
  <node id='1268' version='1' lat='0.0002465265' lon='0.00020533137' />
  <node id='1269' version='1' lat='0.00022185815' lon='0.00020021909' />
  <node id='1270' version='1' lat='0.00019688548' lon='0.00019686787' />
  <node id='1271' version='1' lat='0.00017173576' lon='0.00019529481' />
  <node id='1272' version='1' lat='0.00014653714' lon='0.00019550789' />
  <node id='1273' version='1' lat='0.00012141802' lon='0.00019750605' />
  <node id='1274' version='1' lat='0.00009650641' lon='0.00020127909' />
  <node id='1275' version='1' lat='0.00007192926' lon='0.0002068078' />
  <node id='1276' version='1' lat='0.0000478118' lon='0.000214064' />
  <node id='1277' version='1' lat='0.00002427692' lon='0.00022301072' />
  <node id='1278' version='1' lat='0.00000144457' lon='0.00023360236' />
  <node id='1279' version='1' lat='-0.00002056893' lon='0.00024578494' />
  <node id='1280' version='1' lat='-0.00004165139' lon='0.0002594964' />
  <node id='1283' version='1' lat='0.0002840136' lon='0.00000551558' />
  <node id='1284' version='1' lat='0.00027121985' lon='0.0000234368' />
  <node id='1285' version='1' lat='0.00025842609' lon='0.00004135803' />
  <node id='1286' version='1' lat='0.00024563233' lon='0.00005927926' />
  <node id='1287' version='1' lat='0.00023283857' lon='0.00007720049' />
  <node id='1288' version='1' lat='0.00022004482' lon='0.00009512172' />
  <node id='1289' version='1' lat='0.00020725105' lon='0.00011304295' />
  <node id='1290' version='1' lat='0.00019445729' lon='0.00013096418' />
  <node id='1291' version='1' lat='0.00018166353' lon='0.00014888541' />
  <node id='1292' version='1' lat='0.00016886977' lon='0.00016680664' />
  <node id='1293' version='1' lat='0.00015607601' lon='0.00018472787' />
  <node id='1294' version='1' lat='0.00014328224' lon='0.0002026491' />
  <node id='1295' version='1' lat='0.00013048849' lon='0.00022057033' />
  <node id='1296' version='1' lat='0.00011769472' lon='0.00023849156' />
  <node id='1297' version='1' lat='0.00010490096' lon='0.0002564128' />
  <node id='1298' version='1' lat='0.00009210719' lon='0.00027433402' />
  <node id='1299' version='1' lat='0.00007931343' lon='0.00029225526' />
  <node id='1300' version='1' lat='0.00006651966' lon='0.00031017648' />
  <node id='1301' version='1' lat='0.0000537259' lon='0.00032809771' />
  <node id='1303' version='1' lat='0.00025668188' lon='-0.00001401108' />
  <node id='1304' version='1' lat='0.0002425542' lon='0.00000308555' />
  <node id='1305' version='1' lat='0.00022842652' lon='0.00002018218' />
  <node id='1306' version='1' lat='0.00021429885' lon='0.00003727882' />
  <node id='1307' version='1' lat='0.00020017118' lon='0.00005437545' />
  <node id='1308' version='1' lat='0.00018604351' lon='0.00007147208' />
  <node id='1309' version='1' lat='0.00017191583' lon='0.00008856872' />
  <node id='1310' version='1' lat='0.00015778816' lon='0.00010566535' />
  <node id='1311' version='1' lat='0.00014366048' lon='0.00012276199' />
  <node id='1312' version='1' lat='0.00012953281' lon='0.00013985862' />
  <node id='1313' version='1' lat='0.00011540513' lon='0.00015695525' />
  <node id='1314' version='1' lat='0.00010127745' lon='0.00017405189' />
  <node id='1315' version='1' lat='0.00008714978' lon='0.00019114853' />
  <node id='1316' version='1' lat='0.0000730221' lon='0.00020824516' />
  <node id='1317' version='1' lat='0.00005889442' lon='0.0002253418' />
  <node id='1318' version='1' lat='0.00004476674' lon='0.00024243843' />
  <node id='1319' version='1' lat='0.00003063906' lon='0.00025953507' />
  <node id='1320' version='1' lat='0.00001651138' lon='0.00027663171' />
  <node id='1321' version='1' lat='0.0000023837' lon='0.00029372834' />
  <node id='1324' version='1' lat='0.00022688044' lon='-0.00003567855' />
  <node id='1325' version='1' lat='0.00021169224' lon='-0.00001934458' />
  <node id='1326' version='1' lat='0.00019650404' lon='-0.00000301062' />
  <node id='1327' version='1' lat='0.00018131584' lon='0.00001332335' />
  <node id='1328' version='1' lat='0.00016612765' lon='0.00002965732' />
  <node id='1329' version='1' lat='0.00015093945' lon='0.00004599129' />
  <node id='1330' version='1' lat='0.00013575125' lon='0.00006232526' />
  <node id='1331' version='1' lat='0.00012056305' lon='0.00007865923' />
  <node id='1332' version='1' lat='0.00010537485' lon='0.0000949932' />
  <node id='1333' version='1' lat='0.00009018665' lon='0.00011132717' />
  <node id='1334' version='1' lat='0.00007499845' lon='0.00012766114' />
  <node id='1335' version='1' lat='0.00005981025' lon='0.0001439951' />
  <node id='1336' version='1' lat='0.00004462206' lon='0.00016032908' />
  <node id='1337' version='1' lat='0.00002943385' lon='0.00017666305' />
  <node id='1338' version='1' lat='0.00001424565' lon='0.00019299702' />
  <node id='1339' version='1' lat='-0.00000094255' lon='0.00020933099' />
  <node id='1340' version='1' lat='-0.00001613075' lon='0.00022566495' />
  <node id='1341' version='1' lat='-0.00003131896' lon='0.00024199892' />
  <node id='1342' version='1' lat='-0.00004650717' lon='0.00025833289' />
  <node id='1345' version='1' lat='0.00011554933' lon='0.00037537953' />
  <node id='1346' version='1' lat='0.00012649926' lon='0.00035598629' />
  <node id='1347' version='1' lat='0.00013744918' lon='0.00033659305' />
  <node id='1348' version='1' lat='0.0001483991' lon='0.00031719982' />
  <node id='1349' version='1' lat='0.00015934902' lon='0.00029780658' />
  <node id='1350' version='1' lat='0.00017029895' lon='0.00027841334' />
  <node id='1351' version='1' lat='0.00018124887' lon='0.00025902011' />
  <node id='1352' version='1' lat='0.00019219878' lon='0.00023962688' />
  <node id='1353' version='1' lat='0.0002031487' lon='0.00022023364' />
  <node id='1354' version='1' lat='0.00021409862' lon='0.0002008404' />
  <node id='1355' version='1' lat='0.00022504854' lon='0.00018144717' />
  <node id='1356' version='1' lat='0.00023599846' lon='0.00016205394' />
  <node id='1357' version='1' lat='0.00024694838' lon='0.0001426607' />
  <node id='1358' version='1' lat='0.00025789829' lon='0.00012326746' />
  <node id='1359' version='1' lat='0.00026884821' lon='0.00010387423' />
  <node id='1360' version='1' lat='0.00027979813' lon='0.00008448099' />
  <node id='1361' version='1' lat='0.00029074805' lon='0.00006508776' />
  <node id='1362' version='1' lat='0.00030169796' lon='0.00004569453' />
  <node id='1363' version='1' lat='0.00031264788' lon='0.0000263013' />
  <node id='1365' version='1' lat='0.00014037403' lon='0.00039293455' />
  <node id='1366' version='1' lat='0.00015146345' lon='0.0003736179' />
  <node id='1367' version='1' lat='0.00016255286' lon='0.00035430125' />
  <node id='1368' version='1' lat='0.00017364228' lon='0.00033498459' />
  <node id='1369' version='1' lat='0.00018473171' lon='0.00031566794' />
  <node id='1370' version='1' lat='0.00019582112' lon='0.00029635128' />
  <node id='1371' version='1' lat='0.00020691054' lon='0.00027703463' />
  <node id='1372' version='1' lat='0.00021799996' lon='0.00025771798' />
  <node id='1373' version='1' lat='0.00022908937' lon='0.00023840133' />
  <node id='1374' version='1' lat='0.00024017879' lon='0.00021908467' />
  <node id='1375' version='1' lat='0.0002512682' lon='0.00019976802' />
  <node id='1376' version='1' lat='0.00026235762' lon='0.00018045137' />
  <node id='1377' version='1' lat='0.00027344703' lon='0.00016113472' />
  <node id='1378' version='1' lat='0.00028453645' lon='0.00014181807' />
  <node id='1379' version='1' lat='0.00029562587' lon='0.00012250142' />
  <node id='1380' version='1' lat='0.00030671528' lon='0.00010318477' />
  <node id='1381' version='1' lat='0.00031780469' lon='0.00008386812' />
  <node id='1382' version='1' lat='0.00032889411' lon='0.00006455147' />
  <node id='1383' version='1' lat='0.00033998352' lon='0.00004523482' />
  <node id='1386' action='modify' version='1' lat='0.00011692309' lon='0.00037633004'>
    <tag k='location' v='urban' />
    <tag k='name' v='E_ex_1:gap' />
    <tag k='one_way' v='yes' />
    <tag k='region' v='cn' />
    <tag k='subtype' v='road' />
    <tag k='type' v='lanelet' />
  </node>
  <node id='1387' version='1' lat='0.00012924677' lon='0.00035788731' />
  <node id='1388' version='1' lat='0.00014157045' lon='0.00033944458' />
  <node id='1389' version='1' lat='0.00015389413' lon='0.00032100185' />
  <node id='1390' version='1' lat='0.00016621781' lon='0.00030255911' />
  <node id='1391' version='1' lat='0.00017854148' lon='0.00028411638' />
  <node id='1392' version='1' lat='0.00019086516' lon='0.00026567365' />
  <node id='1393' version='1' lat='0.00020318884' lon='0.00024723092' />
  <node id='1394' version='1' lat='0.00021551252' lon='0.00022878819' />
  <node id='1395' version='1' lat='0.00022783619' lon='0.00021034546' />
  <node id='1396' version='1' lat='0.00024015987' lon='0.00019190273' />
  <node id='1397' version='1' lat='0.00025248354' lon='0.00017346' />
  <node id='1398' version='1' lat='0.00026480722' lon='0.00015501727' />
  <node id='1399' version='1' lat='0.0002771309' lon='0.00013657454' />
  <node id='1400' version='1' lat='0.00028945457' lon='0.00011813181' />
  <node id='1401' version='1' lat='0.00030177824' lon='0.00009968908' />
  <node id='1402' version='1' lat='0.00031410191' lon='0.00008124636' />
  <node id='1403' version='1' lat='0.00032642559' lon='0.00006280362' />
  <node id='1404' version='1' lat='0.00033874926' lon='0.00004436089' />
  <node id='1406' version='1' lat='0.00014157544' lon='0.00039383848' />
  <node id='1407' version='1' lat='0.00015386627' lon='0.00037542575' />
  <node id='1408' version='1' lat='0.0001661571' lon='0.00035701303' />
  <node id='1409' version='1' lat='0.00017844792' lon='0.0003386003' />
  <node id='1410' version='1' lat='0.00019073875' lon='0.00032018758' />
  <node id='1411' version='1' lat='0.00020302958' lon='0.00030177485' />
  <node id='1412' version='1' lat='0.0002153204' lon='0.00028336213' />
  <node id='1413' version='1' lat='0.00022761123' lon='0.0002649494' />
  <node id='1414' version='1' lat='0.00023990206' lon='0.00024653668' />
  <node id='1415' version='1' lat='0.00025219288' lon='0.00022812395' />
  <node id='1416' version='1' lat='0.00026448371' lon='0.00020971122' />
  <node id='1417' version='1' lat='0.00027677453' lon='0.0001912985' />
  <node id='1418' version='1' lat='0.00028906536' lon='0.00017288578' />
  <node id='1419' version='1' lat='0.00030135618' lon='0.00015447305' />
  <node id='1420' version='1' lat='0.000313647' lon='0.00013606033' />
  <node id='1421' version='1' lat='0.00032593782' lon='0.0001176476' />
  <node id='1422' version='1' lat='0.00033822865' lon='0.00009923488' />
  <node id='1423' version='1' lat='0.00035051947' lon='0.00008082215' />
  <node id='1424' version='1' lat='0.00036281028' lon='0.00006240943' />
  <node id='1427' version='1' lat='0.00016606681' lon='0.00041165337' />
  <node id='1428' version='1' lat='0.00017840237' lon='0.00039322163' />
  <node id='1429' version='1' lat='0.00019073791' lon='0.0003747899' />
  <node id='1430' version='1' lat='0.00020307346' lon='0.00035635815' />
  <node id='1431' version='1' lat='0.00021540901' lon='0.00033792642' />
  <node id='1432' version='1' lat='0.00022774457' lon='0.00031949468' />
  <node id='1433' version='1' lat='0.00024008011' lon='0.00030106294' />
  <node id='1434' version='1' lat='0.00025241565' lon='0.0002826312' />
  <node id='1435' version='1' lat='0.00026475121' lon='0.00026419947' />
  <node id='1436' version='1' lat='0.00027708675' lon='0.00024576773' />
  <node id='1437' version='1' lat='0.0002894223' lon='0.000227336' />
  <node id='1438' version='1' lat='0.00030175784' lon='0.00020890426' />
  <node id='1439' version='1' lat='0.00031409339' lon='0.00019047252' />
  <node id='1440' version='1' lat='0.00032642894' lon='0.00017204079' />
  <node id='1441' version='1' lat='0.00033876448' lon='0.00015360905' />
  <node id='1442' version='1' lat='0.00035110002' lon='0.00013517731' />
  <node id='1443' version='1' lat='0.00036343557' lon='0.00011674557' />
  <node id='1444' version='1' lat='0.00037577111' lon='0.00009831384' />
  <node id='1445' version='1' lat='0.00038810665' lon='0.00007988211' />
  <node id='1448' version='1' lat='0.00019856698' lon='0.00043309433' />
  <node id='1449' version='1' lat='0.00021073656' lon='0.00041456133' />
  <node id='1450' version='1' lat='0.00022290613' lon='0.00039602833' />
  <node id='1451' version='1' lat='0.0002350757' lon='0.00037749533' />
  <node id='1452' version='1' lat='0.00024724527' lon='0.00035896233' />
  <node id='1453' version='1' lat='0.00025941484' lon='0.00034042933' />
  <node id='1454' version='1' lat='0.00027158441' lon='0.00032189632' />
  <node id='1455' version='1' lat='0.00028375397' lon='0.00030336332' />
  <node id='1456' version='1' lat='0.00029592355' lon='0.00028483033' />
  <node id='1457' version='1' lat='0.00030809312' lon='0.00026629733' />
  <node id='1458' version='1' lat='0.00032026268' lon='0.00024776433' />
  <node id='1459' version='1' lat='0.00033243225' lon='0.00022923132' />
  <node id='1460' version='1' lat='0.00034460181' lon='0.00021069833' />
  <node id='1461' version='1' lat='0.00035677139' lon='0.00019216533' />
  <node id='1462' version='1' lat='0.00036894095' lon='0.00017363233' />
  <node id='1463' version='1' lat='0.00038111052' lon='0.00015509933' />
  <node id='1464' version='1' lat='0.00039328008' lon='0.00013656633' />
  <node id='1465' version='1' lat='0.00040544964' lon='0.00011803334' />
  <node id='1466' version='1' lat='0.00041761921' lon='0.00009950034' />
  <node id='1469' version='1' lat='-0.00000169044' lon='0.00003815946' />
  <node id='1470' version='1' lat='0.00001634088' lon='0.0000518263' />
  <node id='1471' version='1' lat='0.00003437221' lon='0.00006549314' />
  <node id='1472' version='1' lat='0.00005240354' lon='0.00007915999' />
  <node id='1473' version='1' lat='0.00007043487' lon='0.00009282682' />
  <node id='1474' version='1' lat='0.0000884662' lon='0.00010649367' />
  <node id='1475' version='1' lat='0.00010649752' lon='0.00012016051' />
  <node id='1476' version='1' lat='0.00012452886' lon='0.00013382734' />
  <node id='1477' version='1' lat='0.00014256018' lon='0.00014749418' />
  <node id='1478' version='1' lat='0.00016059152' lon='0.00016116103' />
  <node id='1479' version='1' lat='0.00017862284' lon='0.00017482787' />
  <node id='1480' version='1' lat='0.00019665418' lon='0.00018849471' />
  <node id='1481' version='1' lat='0.00021468551' lon='0.00020216155' />
  <node id='1482' version='1' lat='0.00023271684' lon='0.00021582839' />
  <node id='1483' version='1' lat='0.00025074817' lon='0.00022949523' />
  <node id='1484' version='1' lat='0.0002687795' lon='0.00024316207' />
  <node id='1485' version='1' lat='0.00028681084' lon='0.00025682891' />
  <node id='1486' version='1' lat='0.00030484217' lon='0.00027049575' />
  <node id='1487' version='1' lat='0.0003228735' lon='0.00028416259' />
  <node id='1488' version='1' lat='0.00034090483' lon='0.00029782943' />
  <node id='1489' version='1' lat='0.00035893617' lon='0.00031149627' />
  <node id='1490' version='1' lat='0.0003769675' lon='0.00032516311' />
  <node id='1491' version='1' lat='0.00039499884' lon='0.00033882994' />
  <node id='1493' version='1' lat='-0.00002008715' lon='0.00006050317' />
  <node id='1494' version='1' lat='-0.00000216925' lon='0.00007441481' />
  <node id='1495' version='1' lat='0.00001574866' lon='0.00008832646' />
  <node id='1496' version='1' lat='0.00003366655' lon='0.00010223811' />
  <node id='1497' version='1' lat='0.00005158445' lon='0.00011614975' />
  <node id='1498' version='1' lat='0.00006950235' lon='0.0001300614' />
  <node id='1499' version='1' lat='0.00008742026' lon='0.00014397305' />
  <node id='1500' version='1' lat='0.00010533817' lon='0.00015788469' />
  <node id='1501' version='1' lat='0.00012325607' lon='0.00017179634' />
  <node id='1502' version='1' lat='0.00014117397' lon='0.00018570799' />
  <node id='1503' version='1' lat='0.00015909187' lon='0.00019961964' />
  <node id='1504' version='1' lat='0.00017700978' lon='0.00021353128' />
  <node id='1505' version='1' lat='0.00019492768' lon='0.00022744293' />
  <node id='1506' version='1' lat='0.00021284559' lon='0.00024135457' />
  <node id='1507' version='1' lat='0.00023076349' lon='0.00025526621' />
  <node id='1508' version='1' lat='0.0002486814' lon='0.00026917786' />
  <node id='1509' version='1' lat='0.00026659931' lon='0.00028308951' />
  <node id='1510' version='1' lat='0.00028451721' lon='0.00029700115' />
  <node id='1511' version='1' lat='0.00030243512' lon='0.0003109128' />
  <node id='1512' version='1' lat='0.00032035303' lon='0.00032482444' />
  <node id='1513' version='1' lat='0.00033827093' lon='0.00033873608' />
  <node id='1514' version='1' lat='0.00035618885' lon='0.00035264773' />
  <node id='1515' version='1' lat='0.00037410676' lon='0.00036655938' />
  <node id='1518' version='1' lat='-0.00003985411' lon='0.00008446899' />
  <node id='1519' version='1' lat='-0.00002198724' lon='0.00009851592' />
  <node id='1520' version='1' lat='-0.00000412037' lon='0.00011256286' />
  <node id='1521' version='1' lat='0.0000137465' lon='0.0001266098' />
  <node id='1522' version='1' lat='0.00003161336' lon='0.00014065673' />
  <node id='1523' version='1' lat='0.00004948023' lon='0.00015470367' />
  <node id='1524' version='1' lat='0.0000673471' lon='0.0001687506' />
  <node id='1525' version='1' lat='0.00008521397' lon='0.00018279753' />
  <node id='1526' version='1' lat='0.00010308083' lon='0.00019684447' />
  <node id='1527' version='1' lat='0.00012094771' lon='0.0002108914' />
  <node id='1528' version='1' lat='0.00013881458' lon='0.00022493833' />
  <node id='1529' version='1' lat='0.00015668145' lon='0.00023898527' />
  <node id='1530' version='1' lat='0.00017454832' lon='0.0002530322' />
  <node id='1531' version='1' lat='0.00019241519' lon='0.00026707913' />
  <node id='1532' version='1' lat='0.00021028206' lon='0.00028112607' />
  <node id='1533' version='1' lat='0.00022814894' lon='0.000295173' />
  <node id='1534' version='1' lat='0.0002460158' lon='0.00030921994' />
  <node id='1535' version='1' lat='0.00026388268' lon='0.00032326686' />
  <node id='1536' version='1' lat='0.00028174955' lon='0.0003373138' />
  <node id='1537' version='1' lat='0.00029961643' lon='0.00035136073' />
  <node id='1538' version='1' lat='0.00031748331' lon='0.00036540766' />
  <node id='1539' version='1' lat='0.00033535017' lon='0.00037945459' />
  <node id='1540' version='1' lat='0.00035321705' lon='0.00039350153' />
  <node id='1543' version='1' lat='0.00041692359' lon='0.00031009685' />
  <node id='1544' version='1' lat='0.00039873446' lon='0.00029671782' />
  <node id='1545' version='1' lat='0.00038054532' lon='0.00028333879' />
  <node id='1546' version='1' lat='0.00036235619' lon='0.00026995976' />
  <node id='1547' version='1' lat='0.00034416704' lon='0.00025658073' />
  <node id='1548' version='1' lat='0.00032597791' lon='0.0002432017' />
  <node id='1549' version='1' lat='0.00030778878' lon='0.00022982267' />
  <node id='1550' version='1' lat='0.00028959964' lon='0.00021644365' />
  <node id='1551' version='1' lat='0.00027141051' lon='0.00020306461' />
  <node id='1552' version='1' lat='0.00025322137' lon='0.00018968559' />
  <node id='1553' version='1' lat='0.00023503224' lon='0.00017630656' />
  <node id='1554' version='1' lat='0.00021684311' lon='0.00016292753' />
  <node id='1555' version='1' lat='0.00019865397' lon='0.0001495485' />
  <node id='1556' version='1' lat='0.00018046484' lon='0.00013616947' />
  <node id='1557' version='1' lat='0.00016227571' lon='0.00012279044' />
  <node id='1558' version='1' lat='0.00014408658' lon='0.00010941141' />
  <node id='1559' version='1' lat='0.00012589745' lon='0.00009603238' />
  <node id='1560' version='1' lat='0.00010770832' lon='0.00008265335' />
  <node id='1561' version='1' lat='0.00008951919' lon='0.00006927432' />
  <node id='1562' version='1' lat='0.00007133006' lon='0.00005589529' />
  <node id='1563' version='1' lat='0.00005314092' lon='0.00004251626' />
  <node id='1564' version='1' lat='0.0000349518' lon='0.00002913723' />
  <node id='1565' version='1' lat='0.00001676267' lon='0.0000157582' />
  <node id='1567' version='1' lat='0.00043779001' lon='0.00028276171' />
  <node id='1568' version='1' lat='0.00041980601' lon='0.00026920062' />
  <node id='1569' version='1' lat='0.00040182201' lon='0.00025563953' />
  <node id='1570' version='1' lat='0.00038383802' lon='0.00024207843' />
  <node id='1571' version='1' lat='0.00036585402' lon='0.00022851734' />
  <node id='1572' version='1' lat='0.00034787002' lon='0.00021495624' />
  <node id='1573' version='1' lat='0.00032988603' lon='0.00020139515' />
  <node id='1574' version='1' lat='0.00031190203' lon='0.00018783406' />
  <node id='1575' version='1' lat='0.00029391803' lon='0.00017427296' />
  <node id='1576' version='1' lat='0.00027593404' lon='0.00016071187' />
  <node id='1577' version='1' lat='0.00025795004' lon='0.00014715077' />
  <node id='1578' version='1' lat='0.00023996605' lon='0.00013358968' />
  <node id='1579' version='1' lat='0.00022198206' lon='0.00012002859' />
  <node id='1580' version='1' lat='0.00020399806' lon='0.0001064675' />
  <node id='1581' version='1' lat='0.00018601407' lon='0.0000929064' />
  <node id='1582' version='1' lat='0.00016803008' lon='0.0000793453' />
  <node id='1583' version='1' lat='0.00015004608' lon='0.00006578421' />
  <node id='1584' version='1' lat='0.00013206209' lon='0.00005222311' />
  <node id='1585' version='1' lat='0.0001140781' lon='0.00003866202' />
  <node id='1586' version='1' lat='0.0000960941' lon='0.00002510093' />
  <node id='1587' version='1' lat='0.00007811011' lon='0.00001153983' />
  <node id='1588' version='1' lat='0.00006012612' lon='-0.00000202127' />
  <node id='1589' version='1' lat='0.00004214214' lon='-0.00001558237' />
  <node id='1592' version='1' lat='0.00045743902' lon='0.00025716188' />
  <node id='1593' version='1' lat='0.00043975541' lon='0.00024342887' />
  <node id='1594' version='1' lat='0.00042207181' lon='0.00022969587' />
  <node id='1595' version='1' lat='0.0004043882' lon='0.00021596286' />
  <node id='1596' version='1' lat='0.0003867046' lon='0.00020222986' />
  <node id='1597' version='1' lat='0.000369021' lon='0.00018849686' />
  <node id='1598' version='1' lat='0.00035133739' lon='0.00017476385' />
  <node id='1599' version='1' lat='0.00033365379' lon='0.00016103085' />
  <node id='1600' version='1' lat='0.00031597019' lon='0.00014729785' />
  <node id='1601' version='1' lat='0.00029828659' lon='0.00013356484' />
  <node id='1602' version='1' lat='0.00028060299' lon='0.00011983184' />
  <node id='1603' version='1' lat='0.00026291938' lon='0.00010609883' />
  <node id='1604' version='1' lat='0.00024523579' lon='0.00009236583' />
  <node id='1605' version='1' lat='0.00022755219' lon='0.00007863282' />
  <node id='1606' version='1' lat='0.00020986859' lon='0.00006489982' />
  <node id='1607' version='1' lat='0.00019218499' lon='0.00005116682' />
  <node id='1608' version='1' lat='0.00017450139' lon='0.00003743381' />
  <node id='1609' version='1' lat='0.0001568178' lon='0.00002370081' />
  <node id='1610' version='1' lat='0.0001391342' lon='0.0000099678' />
  <node id='1611' version='1' lat='0.0001214506' lon='-0.00000376521' />
  <node id='1612' version='1' lat='0.000103767' lon='-0.00001749821' />
  <node id='1613' version='1' lat='0.00008608341' lon='-0.00003123121' />
  <node id='1614' version='1' lat='0.00006839981' lon='-0.00004496422' />
  <node id='1617' version='1' lat='-0.0000397638' lon='0.00008435467' />
  <node id='1618' version='1' lat='-0.00002379108' lon='0.00010049629' />
  <node id='1619' version='1' lat='-0.0000100761' lon='0.00011857071' />
  <node id='1620' version='1' lat='0.00000114645' lon='0.00013826867' />
  <node id='1621' version='1' lat='0.00000968457' lon='0.00015925316' />
  <node id='1622' version='1' lat='0.00001539215' lon='0.00018116511' />
  <node id='1623' version='1' lat='0.00001817155' lon='0.0002036296' />
  <node id='1624' version='1' lat='0.0000179752' lon='0.00022626225' />
  <node id='1625' version='1' lat='0.00001480647' lon='0.00024867582' />
  <node id='1626' version='1' lat='0.00000871957' lon='0.00027048681' />
  <node id='1627' version='1' lat='-0.00000018134' lon='0.00029132203' />
  <node id='1629' version='1' lat='-0.0000685226' lon='0.00011701758' />
  <node id='1630' version='1' lat='-0.00005542107' lon='0.00013400012' />
  <node id='1631' version='1' lat='-0.00004548745' lon='0.00015298449' />
  <node id='1632' version='1' lat='-0.00003902356' lon='0.00017339385' />
  <node id='1633' version='1' lat='-0.00003622581' lon='0.00019460808' />
  <node id='1634' version='1' lat='-0.0000371792' lon='0.00021598259' />
  <node id='1635' version='1' lat='-0.00004185476' lon='0.00023686793' />
  <node id='1636' version='1' lat='-0.00005011043' lon='0.0002566295' />
  <node id='1639' version='1' lat='0.00045549762' lon='0.00025982639' />
  <node id='1640' version='1' lat='0.00043765819' lon='0.00024609634' />
  <node id='1641' version='1' lat='0.0004219675' lon='0.00022998421' />
  <node id='1642' version='1' lat='0.00040874498' lon='0.00021181801' />
  <node id='1643' version='1' lat='0.00039825978' lon='0.00019196756' />
  <node id='1644' version='1' lat='0.00039072536' lon='0.00017083695' />
  <node id='1645' version='1' lat='0.00038629509' lon='0.00014885633' />
  <node id='1646' version='1' lat='0.00038505917' lon='0.00012647317' />
  <node id='1647' version='1' lat='0.00038704276' lon='0.00010414314' />
  <node id='1648' version='1' lat='0.00039220547' lon='0.00008232078' />
  <node id='1651' version='1' lat='0.00025377784' lon='-0.00001602965' />
  <node id='1652' version='1' lat='0.0002349105' lon='-0.00000328878' />
  <node id='1653' version='1' lat='0.00021453035' lon='0.00000689689' />
  <node id='1654' version='1' lat='0.0001929861' lon='0.00001435309' />
  <node id='1655' version='1' lat='0.00017064636' lon='0.00001895222' />
  <node id='1656' version='1' lat='0.0001478934' lon='0.00002061562' />
  <node id='1657' version='1' lat='0.00012511651' lon='0.00001931481' />
  <node id='1658' version='1' lat='0.00010270541' lon='0.00001507206' />
  <node id='1659' version='1' lat='0.00008104357' lon='0.00000795994' />
  <node id='1660' version='1' lat='0.00006050162' lon='-0.00000189984' />
  <node id='1661' version='1' lat='0.00004143104' lon='-0.00001433858' />
  <node id='1664' version='1' lat='0.00017043501' lon='0.00041262574' />
  <node id='1665' version='1' lat='0.00018968275' lon='0.00039797687' />
  <node id='1666' version='1' lat='0.00021100056' lon='0.00038649921' />
  <node id='1667' version='1' lat='0.00023386351' lon='0.00037847537' />
  <node id='1668' version='1' lat='0.00025770865' lon='0.00037410293' />
  <node id='1669' version='1' lat='0.00028194882' lon='0.00037348955' />
  <node id='1670' version='1' lat='0.00030598715' lon='0.00037665034' />
  <node id='1671' version='1' lat='0.00032923175' lon='0.00038350746' />
  <node id='1672' version='1' lat='0.00035111025' lon='0.00039389206' />
  <node id='1674' version='1' lat='0.00020253593' lon='0.00043681537' />
  <node id='1675' version='1' lat='0.0002212735' lon='0.00042541541' />
  <node id='1676' version='1' lat='0.00024189004' lon='0.00041786554' />
  <node id='1677' version='1' lat='0.00026359328' lon='0.0004144559' />
  <node id='1678' version='1' lat='0.00028554915' lon='0.00041531753' />
  <node id='1679' version='1' lat='0.00030691393' lon='0.00042041731' />
  <node id='1680' version='1' lat='0.00032686656' lon='0.00042955925' />
  <way id='-105445' action='modify'>
    <nd ref='-138472' />
    <nd ref='-139877' />
    <nd ref='-138473' />
    <nd ref='-138471' />
    <nd ref='-138470' />
    <nd ref='-138455' />
    <nd ref='-138468' />
    <nd ref='-138467' />
    <nd ref='-138474' />
    <nd ref='-138469' />
    <nd ref='-138576' />
    <nd ref='-138585' />
    <tag k='name' v='N_7:W_0' />
    <tag k='subtype' v='low' />
    <tag k='type' v='curbstone' />
  </way>
  <way id='-105446' action='modify'>
    <nd ref='-138459' />
    <nd ref='-138461' />
    <tag k='type' v='guard_rail' />
  </way>
  <way id='-105447'>
    <nd ref='-138462' />
    <nd ref='-138460' />
    <tag k='type' v='guard_rail' />
  </way>
  <way id='-105448'>
    <nd ref='-138584' />
    <nd ref='-138555' />
    <nd ref='-138557' />
    <nd ref='-138463' />
    <tag k='subtype' v='solid' />
    <tag k='type' v='stop_line' />
  </way>
  <way id='-105449' action='modify'>
    <nd ref='-138464' />
    <nd ref='-138563' />
    <nd ref='-138559' />
    <tag k='subtype' v='solid' />
    <tag k='type' v='stop_line' />
  </way>
  <way id='-105450'>
    <nd ref='-138459' />
    <nd ref='-138532' />
    <nd ref='-138530' />
    <nd ref='-138528' />
    <nd ref='-138472' />
    <tag k='subtype' v='solid' />
    <tag k='type' v='stop_line' />
  </way>
  <way id='-105451'>
    <nd ref='-138460' />
    <nd ref='-138479' />
    <nd ref='-138481' />
    <nd ref='-138483' />
    <nd ref='-138524' />
    <tag k='subtype' v='solid' />
    <tag k='type' v='stop_line' />
  </way>
  <way id='-105452' action='modify'>
    <nd ref='-138475' />
    <nd ref='-138463' />
    <tag k='type' v='guard_rail' />
  </way>
  <way id='-105453'>
    <nd ref='-138476' />
    <nd ref='-138477' />
    <tag k='subtype' v='solid' />
    <tag k='type' v='line_thin' />
  </way>
  <way id='-105454'>
    <nd ref='-138478' />
    <nd ref='-138479' />
    <tag k='subtype' v='solid' />
    <tag k='type' v='line_thin' />
  </way>
  <way id='-105455'>
    <nd ref='-138480' />
    <nd ref='-138481' />
    <tag k='subtype' v='solid' />
    <tag k='type' v='line_thin' />
  </way>
  <way id='-105456'>
    <nd ref='-138482' />
    <nd ref='-138483' />
    <tag k='subtype' v='solid' />
    <tag k='type' v='line_thin' />
  </way>
  <way id='-105457'>
    <nd ref='-138583' />
    <nd ref='-138484' />
    <nd ref='-138485' />
    <nd ref='-138486' />
    <nd ref='-138487' />
    <nd ref='-138488' />
    <nd ref='-138489' />
    <nd ref='-138490' />
    <nd ref='-138571' />
    <tag k='name' v='S_7:N_0' />
    <tag k='subtype' v='low' />
    <tag k='type' v='curbstone' />
  </way>
  <way id='-105458'>
    <nd ref='-138497' />
    <nd ref='-138498' />
    <nd ref='-138499' />
    <nd ref='-138500' />
    <nd ref='-138501' />
    <nd ref='-138502' />
    <nd ref='-138503' />
    <nd ref='-138504' />
    <nd ref='-138505' />
    <nd ref='-138497' />
    <tag k='subtype' v='low' />
    <tag k='type' v='curbstone' />
  </way>
  <way id='-105459'>
    <nd ref='-138584' />
    <nd ref='-138510' />
    <nd ref='-138511' />
    <nd ref='-138512' />
    <nd ref='-138513' />
    <nd ref='-138514' />
    <nd ref='-138515' />
    <nd ref='-138516' />
    <nd ref='-138517' />
    <nd ref='-138518' />
    <tag k='name' v='W_7:S_0' />
    <tag k='subtype' v='low' />
    <tag k='type' v='curbstone' />
  </way>
  <way id='-105460' action='modify'>
    <nd ref='-138529' />
    <nd ref='-138528' />
    <tag k='subtype' v='solid' />
    <tag k='type' v='line_thin' />
  </way>
  <way id='-105461' action='modify'>
    <nd ref='-138531' />
    <nd ref='-138530' />
    <tag k='subtype' v='solid' />
    <tag k='type' v='line_thin' />
  </way>
  <way id='-105462' action='modify'>
    <nd ref='-138533' />
    <nd ref='-138532' />
    <tag k='subtype' v='solid' />
    <tag k='type' v='line_thin' />
  </way>
  <way id='-105463' action='modify'>
    <nd ref='-138534' />
    <nd ref='-139881' />
    <nd ref='-138554' />
    <nd ref='-139882' />
    <nd ref='-139885' />
    <nd ref='-138535' />
    <tag k='type' v='zebra_marking' />
  </way>
  <way id='-105464' action='modify'>
    <nd ref='-138536' />
    <nd ref='-138537' />
    <tag k='type' v='zebra_marking' />
  </way>
  <way id='-105465' action='modify'>
    <nd ref='-138538' />
    <nd ref='-138539' />
    <tag k='type' v='zebra_marking' />
  </way>
  <way id='-105466' action='modify'>
    <nd ref='-138540' />
    <nd ref='-139876' />
    <nd ref='-139875' />
    <nd ref='-139871' />
    <nd ref='-139870' />
    <nd ref='-138541' />
    <tag k='type' v='zebra_marking' />
  </way>
  <way id='-105467' action='modify'>
    <nd ref='-138542' />
    <nd ref='-138543' />
    <tag k='type' v='zebra_marking' />
  </way>
  <way id='-105468' action='modify'>
    <nd ref='-138544' />
    <nd ref='-139374' />
    <nd ref='-139536' />
    <nd ref='-139535' />
    <nd ref='-139807' />
    <nd ref='-139827' />
    <nd ref='-138545' />
    <tag k='type' v='zebra_marking' />
  </way>
  <way id='-105469' action='modify'>
    <nd ref='-138546' />
    <nd ref='-138547' />
    <tag k='type' v='zebra_marking' />
  </way>
  <way id='-105470' action='modify'>
    <nd ref='-138548' />
    <nd ref='-138549' />
    <tag k='location' v='urban' />
    <tag k='name' v='E_crosswalk' />
    <tag k='one_way' v='no' />
    <tag k='subtype' v='crosswalk' />
    <tag k='type' v='lanelet' />
  </way>
  <way id='-105471' action='modify'>
    <nd ref='-138550' />
    <nd ref='-138551' />
    <tag k='type' v='zebra_marking' />
  </way>
  <way id='-105472' action='modify'>
    <nd ref='-138552' />
    <nd ref='-139898' />
    <nd ref='-139895' />
    <nd ref='-139894' />
    <nd ref='-139893' />
    <nd ref='-138553' />
    <tag k='type' v='zebra_marking' />
  </way>
  <way id='-105473' action='modify'>
    <nd ref='-138556' />
    <nd ref='-138555' />
    <tag k='subtype' v='solid' />
    <tag k='type' v='line_thin' />
  </way>
  <way id='-105474' action='modify'>
    <nd ref='-138558' />
    <nd ref='-138557' />
    <tag k='subtype' v='solid' />
    <tag k='type' v='line_thin' />
  </way>
  <way id='-105475' action='modify'>
    <nd ref='-138560' />
    <nd ref='-138559' />
    <tag k='subtype' v='solid' />
    <tag k='type' v='line_thin' />
  </way>
  <way id='-105476' action='modify'>
    <nd ref='-138562' />
    <nd ref='-138561' />
    <tag k='subtype' v='solid' />
    <tag k='type' v='line_thin' />
  </way>
  <way id='-105477' action='modify'>
    <nd ref='-138564' />
    <nd ref='-138563' />
    <tag k='subtype' v='solid' />
    <tag k='type' v='line_thin' />
  </way>
  <way id='-105478'>
    <nd ref='-138567' />
    <nd ref='-138568' />
  </way>
  <way id='-105479'>
    <nd ref='-138569' />
    <nd ref='-138570' />
  </way>
  <way id='-105480'>
    <nd ref='-138572' />
    <nd ref='-138573' />
  </way>
  <way id='-105481'>
    <nd ref='-138574' />
    <nd ref='-138575' />
  </way>
  <way id='-105482'>
    <nd ref='-138566' />
    <nd ref='-138525' />
    <nd ref='-138526' />
    <nd ref='-138527' />
    <tag k='subtype' v='low' />
    <tag k='type' v='curbstone' />
  </way>
  <way id='-105483'>
    <nd ref='-138521' />
    <nd ref='-138522' />
    <nd ref='-138523' />
    <nd ref='-138524' />
    <tag k='subtype' v='low' />
    <tag k='type' v='curbstone' />
  </way>
  <way id='-105484'>
    <nd ref='-138518' />
    <nd ref='-138519' />
    <nd ref='-138520' />
    <tag k='subtype' v='low' />
    <tag k='type' v='curbstone' />
  </way>
  <way id='-105485'>
    <nd ref='-138577' />
    <nd ref='-138578' />
  </way>
  <way id='-105486'>
    <nd ref='-138579' />
    <nd ref='-138580' />
  </way>
  <way id='-105487'>
    <nd ref='-138581' />
    <nd ref='-138582' />
  </way>
  <way id='-105488' action='modify'>
    <nd ref='-138583' />
    <nd ref='-138493' />
    <nd ref='-138494' />
    <nd ref='-138495' />
    <nd ref='-138496' />
    <tag k='subtype' v='low' />
    <tag k='type' v='curbstone' />
  </way>
  <way id='-105489'>
    <nd ref='-138506' />
    <nd ref='-138507' />
    <nd ref='-138508' />
    <nd ref='-138509' />
    <nd ref='-138584' />
    <tag k='subtype' v='low' />
    <tag k='type' v='curbstone' />
  </way>
  <way id='-105490' action='modify'>
    <nd ref='-138585' />
    <nd ref='-138465' />
    <nd ref='-138565' />
    <nd ref='-138454' />
    <nd ref='-138466' />
    <tag k='subtype' v='low' />
    <tag k='type' v='curbstone' />
  </way>
  <way id='-105491' action='modify'>
    <nd ref='-138458' />
    <nd ref='-138457' />
    <nd ref='-138456' />
    <nd ref='-138472' />
    <tag k='subtype' v='low' />
    <tag k='type' v='curbstone' />
  </way>
  <way id='-105492'>
    <nd ref='-138586' />
    <nd ref='-138464' />
    <tag k='subtype' v='solid' />
    <tag k='type' v='line_thick' />
  </way>
  <way id='-105493' action='modify'>
    <nd ref='-138492' />
    <nd ref='-138491' />
    <nd ref='-138571' />
    <tag k='subtype' v='low' />
    <tag k='type' v='curbstone' />
  </way>
  <way id='-105521' action='modify'>
    <nd ref='-138608' />
    <nd ref='-138607' />
    <tag k='type' v='guard_rail' />
  </way>
  <way id='-105582' action='modify'>
    <nd ref='-138655' />
    <nd ref='-138654' />
    <tag k='type' v='guard_rail' />
  </way>
  <way id='-105593' action='modify'>
    <nd ref='-138667' />
    <nd ref='-138666' />
    <tag k='type' v='guard_rail' />
  </way>
  <way id='-124789' action='modify'>
    <nd ref='-138464' />
    <nd ref='-138544' />
  </way>
  <way id='-124790' action='modify'>
    <nd ref='-138464' />
    <nd ref='-138544' />
  </way>
  <way id='-124791' action='modify'>
    <nd ref='-138464' />
    <nd ref='-138544' />
  </way>
  <way id='-124803' action='modify'>
    <nd ref='-138563' />
    <nd ref='-139470' />
    <nd ref='-139374' />
  </way>
  <way id='-125047' action='modify'>
    <nd ref='-138559' />
    <nd ref='-138561' />
    <nd ref='-138571' />
    <tag k='subtype' v='solid' />
    <tag k='type' v='stop_line' />
  </way>
  <way id='-125055' action='modify'>
    <nd ref='-138559' />
    <nd ref='-139536' />
  </way>
  <way id='-125059' action='modify'>
    <nd ref='-138559' />
    <nd ref='-139536' />
    <nd ref='1406' />
    <nd ref='1109' />
  </way>
  <way id='-125069' action='modify'>
    <nd ref='-138563' />
    <nd ref='-139374' />
  </way>
  <way id='-125594' action='modify'>
    <nd ref='-138561' />
    <nd ref='-139807' />
  </way>
  <way id='-125597' action='modify'>
    <nd ref='-138561' />
    <nd ref='-139807' />
  </way>
  <way id='-125622' action='modify'>
    <nd ref='-138561' />
    <nd ref='-139807' />
  </way>
  <way id='-125627' action='modify'>
    <nd ref='-138559' />
    <nd ref='-139536' />
  </way>
  <way id='-125652' action='modify'>
    <nd ref='-138571' />
    <nd ref='-139827' />
  </way>
  <way id='-125719' action='modify'>
    <nd ref='-138571' />
    <nd ref='-139827' />
  </way>
  <way id='-125725' action='modify'>
    <nd ref='-138459' />
    <nd ref='-139870' />
  </way>
  <way id='-125728' action='modify'>
    <nd ref='-138532' />
    <nd ref='-139873' />
    <nd ref='-139871' />
  </way>
  <way id='-125734' action='modify'>
    <nd ref='-138530' />
    <nd ref='-139875' />
  </way>
  <way id='-125737' action='modify'>
    <nd ref='-138532' />
    <nd ref='-139871' />
  </way>
  <way id='-125738' action='modify'>
    <nd ref='-138528' />
    <nd ref='-139876' />
  </way>
  <way id='-125741' action='modify'>
    <nd ref='-138472' />
    <nd ref='-139877' />
  </way>
  <way id='-125743' action='modify'>
    <nd ref='-138463' />
    <nd ref='-139881' />
  </way>
  <way id='-125748' action='modify'>
    <nd ref='-138557' />
    <nd ref='-139882' />
  </way>
  <way id='-125752' action='modify'>
    <nd ref='-138555' />
    <nd ref='-139885' />
  </way>
  <way id='-125755' action='modify'>
    <nd ref='-138584' />
    <nd ref='-138535' />
  </way>
  <way id='-125763' action='modify'>
    <nd ref='-138460' />
    <nd ref='1087' />
  </way>
  <way id='-125766' action='modify'>
    <nd ref='-138460' />
    <nd ref='1087' />
  </way>
  <way id='-125767' action='modify'>
    <nd ref='-138479' />
    <nd ref='-139893' />
  </way>
  <way id='-125769' action='modify'>
    <nd ref='-138481' />
    <nd ref='-139894' />
  </way>
  <way id='-125772' action='modify'>
    <nd ref='-138483' />
    <nd ref='-139895' />
  </way>
  <way id='-125776' action='modify'>
    <nd ref='-138483' />
    <nd ref='-139895' />
  </way>
  <way id='-125777' action='modify'>
    <nd ref='-138524' />
    <nd ref='-139898' />
  </way>
  <way id='1015' action='modify' version='1'>
    <nd ref='-138463' />
    <nd ref='-139881' />
    <nd ref='1000' />
    <nd ref='1001' />
    <nd ref='1002' />
    <nd ref='1003' />
    <nd ref='1004' />
    <nd ref='1005' />
    <nd ref='1006' />
    <nd ref='1007' />
    <nd ref='1008' />
    <nd ref='1009' />
    <nd ref='1010' />
    <nd ref='1011' />
    <nd ref='1012' />
    <nd ref='1013' />
    <nd ref='1014' />
    <nd ref='-138459' />
    <tag k='link' v='W_4:N_3' />
    <tag k='type' v='virtual' />
  </way>
  <way id='1033' version='1'>
    <nd ref='-138557' />
    <nd ref='1016' />
    <nd ref='1017' />
    <nd ref='1018' />
    <nd ref='1019' />
    <nd ref='1020' />
    <nd ref='1021' />
    <nd ref='1022' />
    <nd ref='1023' />
    <nd ref='1024' />
    <nd ref='1025' />
    <nd ref='1026' />
    <nd ref='1027' />
    <nd ref='1028' />
    <nd ref='1029' />
    <nd ref='1030' />
    <nd ref='1031' />
    <nd ref='1032' />
    <nd ref='-138579' />
    <tag k='link' v='W_5:N_2' />
    <tag k='type' v='virtual' />
  </way>
  <way id='1051' action='modify' version='1'>
    <nd ref='-138463' />
    <nd ref='-139881' />
    <nd ref='1035' />
    <nd ref='1036' />
    <nd ref='1037' />
    <nd ref='1038' />
    <nd ref='1039' />
    <nd ref='1040' />
    <nd ref='1041' />
    <nd ref='1042' />
    <nd ref='1043' />
    <nd ref='1044' />
    <nd ref='1045' />
    <nd ref='1046' />
    <nd ref='1047' />
    <nd ref='1048' />
    <nd ref='1049' />
    <nd ref='1050' />
    <nd ref='-138579' />
    <tag k='link' v='W_4:N_2' />
    <tag k='type' v='virtual' />
  </way>
  <way id='1070' action='modify' version='1'>
    <nd ref='-138557' />
    <nd ref='-139882' />
    <nd ref='1052' />
    <nd ref='1053' />
    <nd ref='1054' />
    <nd ref='1055' />
    <nd ref='1056' />
    <nd ref='1057' />
    <nd ref='1058' />
    <nd ref='1059' />
    <nd ref='1060' />
    <nd ref='1061' />
    <nd ref='1062' />
    <nd ref='1063' />
    <nd ref='1064' />
    <nd ref='1065' />
    <nd ref='1066' />
    <nd ref='1067' />
    <nd ref='1068' />
    <nd ref='1069' />
    <nd ref='-138581' />
    <tag k='link' v='W_5:N_1' />
    <tag k='type' v='virtual' />
  </way>
  <way id='1088' version='1'>
    <nd ref='-138464' />
    <nd ref='1072' />
    <nd ref='1073' />
    <nd ref='1074' />
    <nd ref='1075' />
    <nd ref='1076' />
    <nd ref='1077' />
    <nd ref='1078' />
    <nd ref='1079' />
    <nd ref='1080' />
    <nd ref='1081' />
    <nd ref='1082' />
    <nd ref='1083' />
    <nd ref='1084' />
    <nd ref='1085' />
    <nd ref='1086' />
    <nd ref='1087' />
    <nd ref='-138460' />
    <tag k='link' v='E_3:S_2' />
    <tag k='type' v='virtual' />
  </way>
  <way id='1107' version='1'>
    <nd ref='-138563' />
    <nd ref='1089' />
    <nd ref='1090' />
    <nd ref='1091' />
    <nd ref='1092' />
    <nd ref='1093' />
    <nd ref='1094' />
    <nd ref='1095' />
    <nd ref='1096' />
    <nd ref='1097' />
    <nd ref='1098' />
    <nd ref='1099' />
    <nd ref='1100' />
    <nd ref='1101' />
    <nd ref='1102' />
    <nd ref='1103' />
    <nd ref='1104' />
    <nd ref='1105' />
    <nd ref='1106' />
    <nd ref='-138567' />
    <tag k='link' v='E_4:S_1' />
    <tag k='type' v='virtual' />
  </way>
  <way id='1129' action='modify' version='1'>
    <nd ref='-138559' />
    <nd ref='-139536' />
    <nd ref='1109' />
    <nd ref='1110' />
    <nd ref='1111' />
    <nd ref='1112' />
    <nd ref='1113' />
    <nd ref='1114' />
    <nd ref='1115' />
    <nd ref='1116' />
    <nd ref='1117' />
    <nd ref='1118' />
    <nd ref='1119' />
    <nd ref='1120' />
    <nd ref='1121' />
    <nd ref='1122' />
    <nd ref='1123' />
    <nd ref='1124' />
    <nd ref='1125' />
    <nd ref='1126' />
    <nd ref='1127' />
    <nd ref='1128' />
    <nd ref='-138518' />
    <tag k='link' v='E_5:S_0' />
    <tag k='type' v='virtual' />
  </way>
  <way id='1146' version='1'>
    <nd ref='-138460' />
    <nd ref='1131' />
    <nd ref='1132' />
    <nd ref='1133' />
    <nd ref='1134' />
    <nd ref='1135' />
    <nd ref='1136' />
    <nd ref='1137' />
    <nd ref='1138' />
    <nd ref='1139' />
    <nd ref='1140' />
    <nd ref='1141' />
    <nd ref='1142' />
    <nd ref='1143' />
    <nd ref='1144' />
    <nd ref='1145' />
    <nd ref='-138476' />
    <tag k='link' v='S_2:W_3' />
    <tag k='type' v='virtual' />
  </way>
  <way id='1164' version='1'>
    <nd ref='-138479' />
    <nd ref='1147' />
    <nd ref='1148' />
    <nd ref='1149' />
    <nd ref='1150' />
    <nd ref='1151' />
    <nd ref='1152' />
    <nd ref='1153' />
    <nd ref='1154' />
    <nd ref='1155' />
    <nd ref='1156' />
    <nd ref='1157' />
    <nd ref='1158' />
    <nd ref='1159' />
    <nd ref='1160' />
    <nd ref='1161' />
    <nd ref='1162' />
    <nd ref='1163' />
    <nd ref='-138574' />
    <tag k='link' v='S_3:W_2' />
    <tag k='type' v='virtual' />
  </way>
  <way id='1182' version='1'>
    <nd ref='-138460' />
    <nd ref='1166' />
    <nd ref='1167' />
    <nd ref='1168' />
    <nd ref='1169' />
    <nd ref='1170' />
    <nd ref='1171' />
    <nd ref='1172' />
    <nd ref='1173' />
    <nd ref='1174' />
    <nd ref='1175' />
    <nd ref='1176' />
    <nd ref='1177' />
    <nd ref='1178' />
    <nd ref='1179' />
    <nd ref='1180' />
    <nd ref='1181' />
    <nd ref='-138574' />
    <tag k='link' v='S_2:W_2' />
    <tag k='type' v='virtual' />
  </way>
  <way id='1201' version='1'>
    <nd ref='-138479' />
    <nd ref='1183' />
    <nd ref='1184' />
    <nd ref='1185' />
    <nd ref='1186' />
    <nd ref='1187' />
    <nd ref='1188' />
    <nd ref='1189' />
    <nd ref='1190' />
    <nd ref='1191' />
    <nd ref='1192' />
    <nd ref='1193' />
    <nd ref='1194' />
    <nd ref='1195' />
    <nd ref='1196' />
    <nd ref='1197' />
    <nd ref='1198' />
    <nd ref='1199' />
    <nd ref='1200' />
    <nd ref='-138572' />
    <tag k='link' v='S_3:W_1' />
    <tag k='type' v='virtual' />
  </way>
  <way id='1219' version='1'>
    <nd ref='-138459' />
    <nd ref='1203' />
    <nd ref='1204' />
    <nd ref='1205' />
    <nd ref='1206' />
    <nd ref='1207' />
    <nd ref='1208' />
    <nd ref='1209' />
    <nd ref='1210' />
    <nd ref='1211' />
    <nd ref='1212' />
    <nd ref='1213' />
    <nd ref='1214' />
    <nd ref='1215' />
    <nd ref='1216' />
    <nd ref='-138577' />
    <tag k='link' v='N_3:E_2' />
    <tag k='type' v='virtual' />
  </way>
  <way id='1239' version='1'>
    <nd ref='-138532' />
    <nd ref='1220' />
    <nd ref='1221' />
    <nd ref='1222' />
    <nd ref='1223' />
    <nd ref='1224' />
    <nd ref='1225' />
    <nd ref='1226' />
    <nd ref='1227' />
    <nd ref='1228' />
    <nd ref='1229' />
    <nd ref='1230' />
    <nd ref='1231' />
    <nd ref='1232' />
    <nd ref='1233' />
    <nd ref='1234' />
    <nd ref='1235' />
    <nd ref='1236' />
    <nd ref='1237' />
    <nd ref='1238' />
    <nd ref='-138569' />
    <tag k='link' v='N_4:E_1' />
    <tag k='type' v='virtual' />
  </way>
  <way id='1259' version='1'>
    <nd ref='-138459' />
    <nd ref='1241' />
    <nd ref='1242' />
    <nd ref='1243' />
    <nd ref='1244' />
    <nd ref='1245' />
    <nd ref='1246' />
    <nd ref='1247' />
    <nd ref='1248' />
    <nd ref='1249' />
    <nd ref='1250' />
    <nd ref='1251' />
    <nd ref='1252' />
    <nd ref='1253' />
    <nd ref='1254' />
    <nd ref='1255' />
    <nd ref='1256' />
    <nd ref='1257' />
    <nd ref='1258' />
    <nd ref='-138569' />
    <tag k='link' v='N_3:E_1' />
    <tag k='type' v='virtual' />
  </way>
  <way id='1281' version='1'>
    <nd ref='-138532' />
    <nd ref='1260' />
    <nd ref='1261' />
    <nd ref='1262' />
    <nd ref='1263' />
    <nd ref='1264' />
    <nd ref='1265' />
    <nd ref='1266' />
    <nd ref='1267' />
    <nd ref='1268' />
    <nd ref='1269' />
    <nd ref='1270' />
    <nd ref='1271' />
    <nd ref='1272' />
    <nd ref='1273' />
    <nd ref='1274' />
    <nd ref='1275' />
    <nd ref='1276' />
    <nd ref='1277' />
    <nd ref='1278' />
    <nd ref='1279' />
    <nd ref='1280' />
    <nd ref='-138566' />
    <tag k='link' v='N_4:E_0' />
    <tag k='type' v='virtual' />
  </way>
  <way id='1302' action='modify' version='1'>
    <nd ref='-138557' />
    <nd ref='-139882' />
    <nd ref='1283' />
    <nd ref='1284' />
    <nd ref='1285' />
    <nd ref='1286' />
    <nd ref='1287' />
    <nd ref='1288' />
    <nd ref='1289' />
    <nd ref='1290' />
    <nd ref='1291' />
    <nd ref='1292' />
    <nd ref='1293' />
    <nd ref='1294' />
    <nd ref='1295' />
    <nd ref='1296' />
    <nd ref='1297' />
    <nd ref='1298' />
    <nd ref='1299' />
    <nd ref='1300' />
    <nd ref='1301' />
    <nd ref='-138577' />
    <tag k='link' v='W_5:E_2' />
    <tag k='type' v='virtual' />
  </way>
  <way id='1322' action='modify' version='1'>
    <nd ref='-138555' />
    <nd ref='-139885' />
    <nd ref='1303' />
    <nd ref='1304' />
    <nd ref='1305' />
    <nd ref='1306' />
    <nd ref='1307' />
    <nd ref='1308' />
    <nd ref='1309' />
    <nd ref='1310' />
    <nd ref='1311' />
    <nd ref='1312' />
    <nd ref='1313' />
    <nd ref='1314' />
    <nd ref='1315' />
    <nd ref='1316' />
    <nd ref='1317' />
    <nd ref='1318' />
    <nd ref='1319' />
    <nd ref='1320' />
    <nd ref='1321' />
    <nd ref='-138569' />
    <tag k='link' v='W_6:E_1' />
    <tag k='type' v='virtual' />
  </way>
  <way id='1343' version='1'>
    <nd ref='-138584' />
    <nd ref='1324' />
    <nd ref='1325' />
    <nd ref='1326' />
    <nd ref='1327' />
    <nd ref='1328' />
    <nd ref='1329' />
    <nd ref='1330' />
    <nd ref='1331' />
    <nd ref='1332' />
    <nd ref='1333' />
    <nd ref='1334' />
    <nd ref='1335' />
    <nd ref='1336' />
    <nd ref='1337' />
    <nd ref='1338' />
    <nd ref='1339' />
    <nd ref='1340' />
    <nd ref='1341' />
    <nd ref='1342' />
    <nd ref='-138566' />
    <tag k='link' v='W_7:E_0' />
    <tag k='type' v='virtual' />
  </way>
  <way id='1364' action='modify' version='1'>
    <nd ref='-138563' />
    <nd ref='1345' />
    <nd ref='1346' />
    <nd ref='1347' />
    <nd ref='1348' />
    <nd ref='1349' />
    <nd ref='1350' />
    <nd ref='1351' />
    <nd ref='1352' />
    <nd ref='1353' />
    <nd ref='1354' />
    <nd ref='1355' />
    <nd ref='1356' />
    <nd ref='1357' />
    <nd ref='1358' />
    <nd ref='1359' />
    <nd ref='1360' />
    <nd ref='1361' />
    <nd ref='1362' />
    <nd ref='1363' />
    <nd ref='-139881' />
    <nd ref='-138463' />
    <tag k='link' v='E_4:W_4' />
    <tag k='type' v='virtual' />
  </way>
  <way id='1384' version='1'>
    <nd ref='-138559' />
    <nd ref='1365' />
    <nd ref='1366' />
    <nd ref='1367' />
    <nd ref='1368' />
    <nd ref='1369' />
    <nd ref='1370' />
    <nd ref='1371' />
    <nd ref='1372' />
    <nd ref='1373' />
    <nd ref='1374' />
    <nd ref='1375' />
    <nd ref='1376' />
    <nd ref='1377' />
    <nd ref='1378' />
    <nd ref='1379' />
    <nd ref='1380' />
    <nd ref='1381' />
    <nd ref='1382' />
    <nd ref='1383' />
    <nd ref='-138476' />
    <tag k='link' v='E_5:W_3' />
    <tag k='type' v='virtual' />
  </way>
  <way id='1405' action='modify' version='1'>
    <nd ref='-138563' />
    <nd ref='-139470' />
    <nd ref='-139374' />
    <nd ref='-139364' />
    <nd ref='1386' />
    <nd ref='1387' />
    <nd ref='1388' />
    <nd ref='1389' />
    <nd ref='1390' />
    <nd ref='1391' />
    <nd ref='1392' />
    <nd ref='1393' />
    <nd ref='1394' />
    <nd ref='1395' />
    <nd ref='1396' />
    <nd ref='1397' />
    <nd ref='1398' />
    <nd ref='1399' />
    <nd ref='1400' />
    <nd ref='1401' />
    <nd ref='1402' />
    <nd ref='1403' />
    <nd ref='1404' />
    <nd ref='-138476' />
    <tag k='link' v='E_4:W_3' />
    <tag k='type' v='virtual' />
  </way>
  <way id='1425' action='modify' version='1'>
    <nd ref='-138559' />
    <nd ref='-139536' />
    <nd ref='1406' />
    <nd ref='1407' />
    <nd ref='1408' />
    <nd ref='1409' />
    <nd ref='1410' />
    <nd ref='1411' />
    <nd ref='1412' />
    <nd ref='1413' />
    <nd ref='1414' />
    <nd ref='1415' />
    <nd ref='1416' />
    <nd ref='1417' />
    <nd ref='1418' />
    <nd ref='1419' />
    <nd ref='1420' />
    <nd ref='1421' />
    <nd ref='1422' />
    <nd ref='1423' />
    <nd ref='1424' />
    <nd ref='-138574' />
    <tag k='link' v='E_5:W_2' />
    <tag k='type' v='virtual' />
  </way>
  <way id='1446' action='modify' version='1'>
    <nd ref='-138561' />
    <nd ref='-139807' />
    <nd ref='1427' />
    <nd ref='1428' />
    <nd ref='1429' />
    <nd ref='1430' />
    <nd ref='1431' />
    <nd ref='1432' />
    <nd ref='1433' />
    <nd ref='1434' />
    <nd ref='1435' />
    <nd ref='1436' />
    <nd ref='1437' />
    <nd ref='1438' />
    <nd ref='1439' />
    <nd ref='1440' />
    <nd ref='1441' />
    <nd ref='1442' />
    <nd ref='1443' />
    <nd ref='1444' />
    <nd ref='1445' />
    <nd ref='-138572' />
    <tag k='link' v='E_6:W_1' />
    <tag k='type' v='virtual' />
  </way>
  <way id='1467' action='modify' version='1'>
    <nd ref='-138571' />
    <nd ref='-139827' />
    <nd ref='1448' />
    <nd ref='1449' />
    <nd ref='1450' />
    <nd ref='1451' />
    <nd ref='1452' />
    <nd ref='1453' />
    <nd ref='1454' />
    <nd ref='1455' />
    <nd ref='1456' />
    <nd ref='1457' />
    <nd ref='1458' />
    <nd ref='1459' />
    <nd ref='1460' />
    <nd ref='1461' />
    <nd ref='1462' />
    <nd ref='1463' />
    <nd ref='1464' />
    <nd ref='1465' />
    <nd ref='1466' />
    <nd ref='-138585' />
    <tag k='link' v='E_7:W_0' />
    <tag k='type' v='virtual' />
  </way>
  <way id='1492' action='modify' version='1'>
    <nd ref='-138479' />
    <nd ref='1469' />
    <nd ref='1470' />
    <nd ref='1471' />
    <nd ref='1472' />
    <nd ref='1473' />
    <nd ref='1474' />
    <nd ref='1475' />
    <nd ref='1476' />
    <nd ref='1477' />
    <nd ref='1478' />
    <nd ref='1479' />
    <nd ref='1480' />
    <nd ref='1481' />
    <nd ref='1482' />
    <nd ref='1483' />
    <nd ref='1484' />
    <nd ref='1485' />
    <nd ref='1486' />
    <nd ref='1487' />
    <nd ref='1488' />
    <nd ref='1489' />
    <nd ref='1490' />
    <nd ref='1491' />
    <nd ref='-139870' />
    <nd ref='-138459' />
    <tag k='link' v='S_3:N_3' />
    <tag k='type' v='virtual' />
  </way>
  <way id='1516' action='modify' version='1'>
    <nd ref='-138481' />
    <nd ref='1493' />
    <nd ref='-139894' />
    <nd ref='1494' />
    <nd ref='1495' />
    <nd ref='1496' />
    <nd ref='1497' />
    <nd ref='1498' />
    <nd ref='1499' />
    <nd ref='1500' />
    <nd ref='1501' />
    <nd ref='1502' />
    <nd ref='1503' />
    <nd ref='1504' />
    <nd ref='1505' />
    <nd ref='1506' />
    <nd ref='1507' />
    <nd ref='1508' />
    <nd ref='1509' />
    <nd ref='1510' />
    <nd ref='1511' />
    <nd ref='1512' />
    <nd ref='1513' />
    <nd ref='1514' />
    <nd ref='1515' />
    <nd ref='-138579' />
    <tag k='link' v='S_4:N_2' />
    <tag k='type' v='virtual' />
  </way>
  <way id='1541' action='modify' version='1'>
    <nd ref='-138483' />
    <nd ref='1518' />
    <nd ref='-139895' />
    <nd ref='1519' />
    <nd ref='1520' />
    <nd ref='1521' />
    <nd ref='1522' />
    <nd ref='1523' />
    <nd ref='1524' />
    <nd ref='1525' />
    <nd ref='1526' />
    <nd ref='1527' />
    <nd ref='1528' />
    <nd ref='1529' />
    <nd ref='1530' />
    <nd ref='1531' />
    <nd ref='1532' />
    <nd ref='1533' />
    <nd ref='1534' />
    <nd ref='1535' />
    <nd ref='1536' />
    <nd ref='1537' />
    <nd ref='1538' />
    <nd ref='1539' />
    <nd ref='1540' />
    <nd ref='-138581' />
    <tag k='link' v='S_5:N_1' />
    <tag k='type' v='virtual' />
  </way>
  <way id='1566' action='modify' version='1'>
    <nd ref='-138532' />
    <nd ref='-139873' />
    <nd ref='-139871' />
    <nd ref='1543' />
    <nd ref='1544' />
    <nd ref='1545' />
    <nd ref='1546' />
    <nd ref='1547' />
    <nd ref='1548' />
    <nd ref='1549' />
    <nd ref='1550' />
    <nd ref='1551' />
    <nd ref='1552' />
    <nd ref='1553' />
    <nd ref='1554' />
    <nd ref='1555' />
    <nd ref='1556' />
    <nd ref='1557' />
    <nd ref='1558' />
    <nd ref='1559' />
    <nd ref='1560' />
    <nd ref='1561' />
    <nd ref='1562' />
    <nd ref='1563' />
    <nd ref='1564' />
    <nd ref='1565' />
    <nd ref='-138460' />
    <tag k='link' v='N_4:S_2' />
    <tag k='type' v='virtual' />
  </way>
  <way id='1590' action='modify' version='1'>
    <nd ref='-138530' />
    <nd ref='-139875' />
    <nd ref='1567' />
    <nd ref='1568' />
    <nd ref='1569' />
    <nd ref='1570' />
    <nd ref='1571' />
    <nd ref='1572' />
    <nd ref='1573' />
    <nd ref='1574' />
    <nd ref='1575' />
    <nd ref='1576' />
    <nd ref='1577' />
    <nd ref='1578' />
    <nd ref='1579' />
    <nd ref='1580' />
    <nd ref='1581' />
    <nd ref='1582' />
    <nd ref='1583' />
    <nd ref='1584' />
    <nd ref='1585' />
    <nd ref='1586' />
    <nd ref='1587' />
    <nd ref='1588' />
    <nd ref='1589' />
    <nd ref='-138567' />
    <tag k='link' v='N_5:S_1' />
    <tag k='type' v='virtual' />
  </way>
  <way id='1615' action='modify' version='1'>
    <nd ref='-138528' />
    <nd ref='-139876' />
    <nd ref='1592' />
    <nd ref='1593' />
    <nd ref='1594' />
    <nd ref='1595' />
    <nd ref='1596' />
    <nd ref='1597' />
    <nd ref='1598' />
    <nd ref='1599' />
    <nd ref='1600' />
    <nd ref='1601' />
    <nd ref='1602' />
    <nd ref='1603' />
    <nd ref='1604' />
    <nd ref='1605' />
    <nd ref='1606' />
    <nd ref='1607' />
    <nd ref='1608' />
    <nd ref='1609' />
    <nd ref='1610' />
    <nd ref='1611' />
    <nd ref='1612' />
    <nd ref='1613' />
    <nd ref='1614' />
    <nd ref='-138518' />
    <tag k='link' v='N_6:S_0' />
    <tag k='type' v='virtual' />
  </way>
  <way id='1628' action='modify' version='1'>
    <nd ref='-138483' />
    <nd ref='1617' />
    <nd ref='-139895' />
    <nd ref='1618' />
    <nd ref='1619' />
    <nd ref='1620' />
    <nd ref='1621' />
    <nd ref='1622' />
    <nd ref='1623' />
    <nd ref='1624' />
    <nd ref='1625' />
    <nd ref='1626' />
    <nd ref='1627' />
    <nd ref='-138569' />
    <tag k='link' v='S_5:E_1' />
    <tag k='type' v='virtual' />
  </way>
  <way id='1637' version='1'>
    <nd ref='-138524' />
    <nd ref='1629' />
    <nd ref='1630' />
    <nd ref='1631' />
    <nd ref='1632' />
    <nd ref='1633' />
    <nd ref='1634' />
    <nd ref='1635' />
    <nd ref='1636' />
    <nd ref='-138566' />
    <tag k='link' v='S_6:E_0' />
    <tag k='type' v='virtual' />
  </way>
  <way id='1649' version='1'>
    <nd ref='-138528' />
    <nd ref='1639' />
    <nd ref='1640' />
    <nd ref='1641' />
    <nd ref='1642' />
    <nd ref='1643' />
    <nd ref='1644' />
    <nd ref='1645' />
    <nd ref='1646' />
    <nd ref='1647' />
    <nd ref='1648' />
    <nd ref='-138572' />
    <tag k='link' v='N_6:W_1' />
    <tag k='type' v='virtual' />
  </way>
  <way id='1662' version='1'>
    <nd ref='-138555' />
    <nd ref='1651' />
    <nd ref='1652' />
    <nd ref='1653' />
    <nd ref='1654' />
    <nd ref='1655' />
    <nd ref='1656' />
    <nd ref='1657' />
    <nd ref='1658' />
    <nd ref='1659' />
    <nd ref='1660' />
    <nd ref='1661' />
    <nd ref='-138567' />
    <tag k='link' v='W_6:S_1' />
    <tag k='type' v='virtual' />
  </way>
  <way id='1673' version='1'>
    <nd ref='-138561' />
    <nd ref='1664' />
    <nd ref='1665' />
    <nd ref='1666' />
    <nd ref='1667' />
    <nd ref='1668' />
    <nd ref='1669' />
    <nd ref='1670' />
    <nd ref='1671' />
    <nd ref='1672' />
    <nd ref='-138581' />
    <tag k='link' v='E_6:N_1' />
    <tag k='type' v='virtual' />
  </way>
  <way id='1681' version='1'>
    <nd ref='-138571' />
    <nd ref='1674' />
    <nd ref='1675' />
    <nd ref='1676' />
    <nd ref='1677' />
    <nd ref='1678' />
    <nd ref='1679' />
    <nd ref='1680' />
    <nd ref='-138583' />
    <tag k='link' v='E_7:N_0' />
    <tag k='type' v='virtual' />
  </way>
  <relation id='-99844'>
    <member type='way' ref='-105458' role='outer' />
    <tag k='subtype' v='traffic_island' />
    <tag k='type' v='multipolygon' />
  </relation>
  <relation id='-99845' action='modify'>
    <member type='way' ref='-105447' role='left' />
    <member type='way' ref='-105454' role='right' />
    <tag k='location' v='urban' />
    <tag k='name' v='R4In1' />
    <tag k='one_way' v='yes' />
    <tag k='region' v='cn' />
    <tag k='subtype' v='road' />
    <tag k='type' v='lanelet' />
  </relation>
  <relation id='-99846' action='modify'>
    <member type='way' ref='-105454' role='left' />
    <member type='way' ref='-105455' role='right' />
    <tag k='location' v='urban' />
    <tag k='name' v='R4In2' />
    <tag k='one_way' v='yes' />
    <tag k='region' v='cn' />
    <tag k='subtype' v='road' />
    <tag k='type' v='lanelet' />
  </relation>
  <relation id='-99847' action='modify'>
    <member type='way' ref='-105455' role='left' />
    <member type='way' ref='-105456' role='right' />
    <tag k='location' v='urban' />
    <tag k='name' v='R4In3' />
    <tag k='one_way' v='yes' />
    <tag k='region' v='cn' />
    <tag k='subtype' v='road' />
    <tag k='type' v='lanelet' />
  </relation>
  <relation id='-99848' action='modify'>
    <member type='way' ref='-105456' role='left' />
    <member type='way' ref='-105483' role='right' />
    <tag k='location' v='urban' />
    <tag k='name' v='R4In4' />
    <tag k='one_way' v='yes' />
    <tag k='region' v='cn' />
    <tag k='subtype' v='road' />
    <tag k='type' v='lanelet' />
  </relation>
  <relation id='-99849' action='modify'>
    <member type='way' ref='-105521' role='left' />
    <member type='way' ref='-105478' role='right' />
    <tag k='location' v='urban' />
    <tag k='name' v='R4Out1' />
    <tag k='one_way' v='yes' />
    <tag k='region' v='cn' />
    <tag k='subtype' v='road' />
    <tag k='type' v='lanelet' />
  </relation>
  <relation id='-99850' action='modify'>
    <member type='way' ref='-105478' role='left' />
    <member type='way' ref='-105484' role='right' />
    <tag k='location' v='urban' />
    <tag k='name' v='R4Out2' />
    <tag k='one_way' v='yes' />
    <tag k='region' v='cn' />
    <tag k='subtype' v='road' />
    <tag k='type' v='lanelet' />
  </relation>
  <relation id='-99851' action='modify'>
    <member type='way' ref='-105485' role='left' />
    <member type='way' ref='-105479' role='right' />
    <tag k='location' v='urban' />
    <tag k='name' v='R1Out1' />
    <tag k='one_way' v='yes' />
    <tag k='region' v='cn' />
    <tag k='subtype' v='road' />
    <tag k='type' v='lanelet' />
  </relation>
  <relation id='-99852' action='modify'>
    <member type='way' ref='-105479' role='left' />
    <member type='way' ref='-105482' role='right' />
    <tag k='location' v='urban' />
    <tag k='name' v='R1Out2' />
    <tag k='one_way' v='yes' />
    <tag k='region' v='cn' />
    <tag k='subtype' v='road' />
    <tag k='type' v='lanelet' />
  </relation>
  <relation id='-99853' action='modify'>
    <member type='way' ref='-105492' role='left' />
    <member type='way' ref='-105477' role='right' />
    <tag k='location' v='urban' />
    <tag k='name' v='R1In1' />
    <tag k='one_way' v='yes' />
    <tag k='region' v='cn' />
    <tag k='subtype' v='road' />
    <tag k='type' v='lanelet' />
  </relation>
  <relation id='-99854' action='modify'>
    <member type='way' ref='-105477' role='left' />
    <member type='way' ref='-105475' role='right' />
    <tag k='location' v='urban' />
    <tag k='name' v='R1In2' />
    <tag k='one_way' v='yes' />
    <tag k='region' v='cn' />
    <tag k='subtype' v='road' />
    <tag k='type' v='lanelet' />
  </relation>
  <relation id='-99855' action='modify'>
    <member type='way' ref='-105475' role='left' />
    <member type='way' ref='-105476' role='right' />
    <tag k='location' v='urban' />
    <tag k='name' v='R1In3' />
    <tag k='one_way' v='yes' />
    <tag k='region' v='cn' />
    <tag k='subtype' v='road' />
    <tag k='type' v='lanelet' />
  </relation>
  <relation id='-99856' action='modify'>
    <member type='way' ref='-105476' role='left' />
    <member type='way' ref='-105493' role='right' />
    <tag k='location' v='urban' />
    <tag k='name' v='R1In4' />
    <tag k='one_way' v='yes' />
    <tag k='region' v='cn' />
    <tag k='subtype' v='road' />
    <tag k='type' v='lanelet' />
  </relation>
  <relation id='-99857' action='modify'>
    <member type='way' ref='-105446' role='left' />
    <member type='way' ref='-105486' role='right' />
    <tag k='location' v='urban' />
    <tag k='name' v='R2Out1' />
    <tag k='one_way' v='yes' />
    <tag k='region' v='cn' />
    <tag k='subtype' v='road' />
    <tag k='type' v='lanelet' />
  </relation>
  <relation id='-99858' action='modify'>
    <member type='way' ref='-105486' role='left' />
    <member type='way' ref='-105487' role='right' />
    <tag k='location' v='urban' />
    <tag k='name' v='R2Out2' />
    <tag k='one_way' v='yes' />
    <tag k='region' v='cn' />
    <tag k='subtype' v='road' />
    <tag k='type' v='lanelet' />
  </relation>
  <relation id='-99859' action='modify'>
    <member type='way' ref='-105487' role='left' />
    <member type='way' ref='-105488' role='right' />
    <tag k='location' v='urban' />
    <tag k='name' v='R2Out3' />
    <tag k='one_way' v='yes' />
    <tag k='region' v='cn' />
    <tag k='subtype' v='road' />
    <tag k='type' v='lanelet' />
  </relation>
  <relation id='-99860' action='modify'>
    <member type='way' ref='-105593' role='left' />
    <member type='way' ref='-105462' role='right' />
    <tag k='location' v='urban' />
    <tag k='name' v='R2In1' />
    <tag k='one_way' v='yes' />
    <tag k='region' v='cn' />
    <tag k='subtype' v='road' />
    <tag k='type' v='lanelet' />
  </relation>
  <relation id='-99861' action='modify'>
    <member type='way' ref='-105462' role='left' />
    <member type='way' ref='-105461' role='right' />
    <tag k='location' v='urban' />
    <tag k='name' v='R2In2' />
    <tag k='one_way' v='yes' />
    <tag k='region' v='cn' />
    <tag k='subtype' v='road' />
    <tag k='type' v='lanelet' />
  </relation>
  <relation id='-99862' action='modify'>
    <member type='way' ref='-105461' role='left' />
    <member type='way' ref='-105460' role='right' />
    <tag k='location' v='urban' />
    <tag k='name' v='R2In3' />
    <tag k='one_way' v='yes' />
    <tag k='region' v='cn' />
    <tag k='subtype' v='road' />
    <tag k='type' v='lanelet' />
  </relation>
  <relation id='-99863' action='modify'>
    <member type='way' ref='-105460' role='left' />
    <member type='way' ref='-105491' role='right' />
    <tag k='location' v='urban' />
    <tag k='name' v='R2In4' />
    <tag k='one_way' v='yes' />
    <tag k='region' v='cn' />
    <tag k='subtype' v='road' />
    <tag k='type' v='lanelet' />
  </relation>
  <relation id='-99864' action='modify'>
    <member type='way' ref='-105480' role='left' />
    <member type='way' ref='-105490' role='right' />
    <tag k='location' v='urban' />
    <tag k='name' v='R3In4' />
    <tag k='one_way' v='yes' />
    <tag k='region' v='cn' />
    <tag k='subtype' v='road' />
    <tag k='type' v='lanelet' />
  </relation>
  <relation id='-99865' action='modify'>
    <member type='way' ref='-105481' role='left' />
    <member type='way' ref='-105480' role='right' />
    <tag k='location' v='urban' />
    <tag k='name' v='R3In3' />
    <tag k='one_way' v='yes' />
    <tag k='region' v='cn' />
    <tag k='subtype' v='road' />
    <tag k='type' v='lanelet' />
  </relation>
  <relation id='-99866' action='modify'>
    <member type='way' ref='-105453' role='left' />
    <member type='way' ref='-105481' role='right' />
    <tag k='location' v='urban' />
    <tag k='name' v='R3In2' />
    <tag k='one_way' v='yes' />
    <tag k='region' v='cn' />
    <tag k='subtype' v='road' />
    <tag k='type' v='lanelet' />
  </relation>
  <relation id='-99867' action='modify'>
    <member type='way' ref='-105452' role='left' />
    <member type='way' ref='-105474' role='right' />
    <tag k='location' v='urban' />
    <tag k='name' v='R3Out1' />
    <tag k='one_way' v='yes' />
    <tag k='region' v='cn' />
    <tag k='subtype' v='road' />
    <tag k='type' v='lanelet' />
  </relation>
  <relation id='-99868' action='modify'>
    <member type='way' ref='-105474' role='left' />
    <member type='way' ref='-105473' role='right' />
    <tag k='location' v='urban' />
    <tag k='name' v='R3Out2' />
    <tag k='one_way' v='yes' />
    <tag k='region' v='cn' />
    <tag k='subtype' v='road' />
    <tag k='type' v='lanelet' />
  </relation>
  <relation id='-99869' action='modify'>
    <member type='way' ref='-105473' role='left' />
    <member type='way' ref='-105489' role='right' />
    <tag k='location' v='urban' />
    <tag k='name' v='R3Out3' />
    <tag k='one_way' v='yes' />
    <tag k='region' v='cn' />
    <tag k='subtype' v='road' />
    <tag k='type' v='lanelet' />
  </relation>
  <relation id='-99944' action='modify'>
    <member type='way' ref='-105582' role='left' />
    <member type='way' ref='-105453' role='right' />
    <tag k='location' v='urban' />
    <tag k='name' v='R3In2' />
    <tag k='one_way' v='yes' />
    <tag k='region' v='cn' />
    <tag k='subtype' v='road' />
    <tag k='type' v='lanelet' />
  </relation>
  <relation id='-100424' action='modify'>
    <member type='way' ref='-105465' role='right' />
    <member type='way' ref='-105466' role='left' />
    <tag k='location' v='urban' />
    <tag k='name' v='N_crosswalk' />
    <tag k='one_way' v='no' />
    <tag k='subtype' v='crosswalk' />
    <tag k='type' v='lanelet' />
  </relation>
  <relation id='-101353' action='modify'>
    <member type='way' ref='-105471' role='right' />
    <member type='way' ref='-105472' role='left' />
    <tag k='location' v='urban' />
    <tag k='name' v='S_crosswalk' />
    <tag k='one_way' v='no' />
    <tag k='subtype' v='crosswalk' />
    <tag k='type' v='lanelet' />
  </relation>
  <relation id='-101363' action='modify'>
    <member type='way' ref='-105464' role='left' />
    <member type='way' ref='-105463' role='right' />
    <tag k='location' v='urban' />
    <tag k='name' v='W_crosswalk' />
    <tag k='one_way' v='no' />
    <tag k='subtype' v='crosswalk' />
    <tag k='type' v='lanelet' />
  </relation>
  <relation id='-101373' action='modify'>
    <member type='way' ref='-105467' role='left' />
    <member type='way' ref='-105468' role='right' />
    <member type='way' ref='-105470' role='left' />
    <member type='way' ref='-105469' role='right' />
    <tag k='location' v='urban' />
    <tag k='name' v='E_crosswalk' />
    <tag k='one_way' v='no' />
    <tag k='subtype' v='crosswalk' />
    <tag k='type' v='lanelet' />
  </relation>
  <relation id='-101388' action='modify'>
    <member type='way' ref='-125069' role='right' />
    <member type='way' ref='-124791' role='left' />
    <tag k='location' v='urban' />
    <tag k='name' v='E_ex_1:gap' />
    <tag k='one_way' v='yes' />
    <tag k='region' v='cn' />
    <tag k='subtype' v='road' />
    <tag k='type' v='lanelet' />
  </relation>
  <relation id='-101407' action='modify'>
    <member type='way' ref='-125055' role='left' />
    <member type='way' ref='-125597' role='right' />
    <tag k='location' v='urban' />
    <tag k='name' v='E_ex_2:gap' />
    <tag k='one_way' v='yes' />
    <tag k='region' v='cn' />
    <tag k='subtype' v='road' />
    <tag k='type' v='lanelet' />
  </relation>
  <relation id='-101426' action='modify'>
    <member type='way' ref='-125719' role='right' />
    <member type='way' ref='-125597' role='left' />
    <tag k='location' v='urban' />
    <tag k='name' v='E_ex_3:gap' />
    <tag k='one_way' v='yes' />
    <tag k='region' v='cn' />
    <tag k='subtype' v='road' />
    <tag k='type' v='lanelet' />
  </relation>
  <relation id='-101431' action='modify'>
    <member type='way' ref='-125728' role='right' />
    <member type='way' ref='-125725' role='left' />
    <tag k='location' v='urban' />
    <tag k='name' v='N_ex_1:gap' />
    <tag k='one_way' v='yes' />
    <tag k='region' v='cn' />
    <tag k='subtype' v='road' />
    <tag k='type' v='lanelet' />
  </relation>
  <relation id='-101436' action='modify'>
    <member type='way' ref='-125737' role='left' />
    <member type='way' ref='-125734' role='right' />
    <tag k='location' v='urban' />
    <tag k='name' v='N_ex_2:gap' />
    <tag k='one_way' v='yes' />
    <tag k='region' v='cn' />
    <tag k='subtype' v='road' />
    <tag k='type' v='lanelet' />
  </relation>
  <relation id='-101439' action='modify'>
    <member type='way' ref='-125738' role='right' />
    <member type='way' ref='-125734' role='left' />
    <tag k='location' v='urban' />
    <tag k='name' v='N_ex_3:gap' />
    <tag k='one_way' v='yes' />
    <tag k='region' v='cn' />
    <tag k='subtype' v='road' />
    <tag k='type' v='lanelet' />
  </relation>
  <relation id='-101442' action='modify'>
    <member type='way' ref='-125741' role='right' />
    <member type='way' ref='-125738' role='left' />
    <tag k='location' v='urban' />
    <tag k='name' v='N_ex_4:gap' />
    <tag k='one_way' v='yes' />
    <tag k='region' v='cn' />
    <tag k='subtype' v='road' />
    <tag k='type' v='lanelet' />
  </relation>
  <relation id='-101446' action='modify'>
    <member type='way' ref='-125748' role='right' />
    <member type='way' ref='-125743' role='left' />
    <tag k='location' v='urban' />
    <tag k='name' v='W_ex_1:gap' />
    <tag k='one_way' v='yes' />
    <tag k='region' v='cn' />
    <tag k='subtype' v='road' />
    <tag k='type' v='lanelet' />
  </relation>
  <relation id='-101449' action='modify'>
    <member type='way' ref='-125752' role='right' />
    <member type='way' ref='-125748' role='left' />
    <tag k='location' v='urban' />
    <tag k='name' v='W_ex_2:gap' />
    <tag k='one_way' v='yes' />
    <tag k='region' v='cn' />
    <tag k='subtype' v='road' />
    <tag k='type' v='lanelet' />
  </relation>
  <relation id='-101452' action='modify'>
    <member type='way' ref='-125755' role='right' />
    <member type='way' ref='-125752' role='left' />
    <tag k='location' v='urban' />
    <tag k='name' v='W_ex_3:gap' />
    <tag k='one_way' v='yes' />
    <tag k='region' v='cn' />
    <tag k='subtype' v='road' />
    <tag k='type' v='lanelet' />
  </relation>
  <relation id='-101457' action='modify'>
    <member type='way' ref='-125767' role='right' />
    <member type='way' ref='-125766' role='left' />
    <tag k='location' v='urban' />
    <tag k='name' v='S_ex_1:gap' />
    <tag k='one_way' v='yes' />
    <tag k='region' v='cn' />
    <tag k='subtype' v='road' />
    <tag k='type' v='lanelet' />
  </relation>
  <relation id='-101460' action='modify'>
    <member type='way' ref='-125769' role='right' />
    <member type='way' ref='-125767' role='left' />
    <tag k='location' v='urban' />
    <tag k='name' v='S_ex_2:gap' />
    <tag k='one_way' v='yes' />
    <tag k='region' v='cn' />
    <tag k='subtype' v='road' />
    <tag k='type' v='lanelet' />
  </relation>
  <relation id='-101463' action='modify'>
    <member type='way' ref='-125776' role='right' />
    <member type='way' ref='-125769' role='left' />
    <tag k='location' v='urban' />
    <tag k='name' v='S_ex_3:gap' />
    <tag k='one_way' v='yes' />
    <tag k='region' v='cn' />
    <tag k='subtype' v='road' />
    <tag k='type' v='lanelet' />
  </relation>
  <relation id='-101466' action='modify'>
    <member type='way' ref='-125777' role='right' />
    <member type='way' ref='-125776' role='left' />
    <tag k='location' v='urban' />
    <tag k='name' v='S_ex_4:gap' />
    <tag k='one_way' v='yes' />
    <tag k='region' v='cn' />
    <tag k='subtype' v='road' />
    <tag k='type' v='lanelet' />
  </relation>
  <relation id='1034' version='1'>
    <member type='way' ref='1015' role='left' />
    <member type='way' ref='1033' role='right' />
    <tag k='name' v='W_EX_1_to_N_EN_1' />
    <tag k='type' v='lanelet' />
  </relation>
  <relation id='1071' version='1'>
    <member type='way' ref='1051' role='left' />
    <member type='way' ref='1070' role='right' />
    <tag k='name' v='W_EX_1_to_N_EN_2' />
    <tag k='type' v='lanelet' />
  </relation>
  <relation id='1108' version='1'>
    <member type='way' ref='1088' role='left' />
    <member type='way' ref='1107' role='right' />
    <tag k='name' v='E_EX_1_to_S_EN_1' />
    <tag k='type' v='lanelet' />
  </relation>
  <relation id='1130' version='1'>
    <member type='way' ref='1107' role='left' />
    <member type='way' ref='1129' role='right' />
    <tag k='name' v='E_EX_2_to_S_EN_2' />
    <tag k='type' v='lanelet' />
  </relation>
  <relation id='1165' version='1'>
    <member type='way' ref='1146' role='left' />
    <member type='way' ref='1164' role='right' />
    <tag k='name' v='S_EX_1_to_W_EN_1' />
    <tag k='type' v='lanelet' />
  </relation>
  <relation id='1202' version='1'>
    <member type='way' ref='1182' role='left' />
    <member type='way' ref='1201' role='right' />
    <tag k='name' v='S_EX_1_to_W_EN_2' />
    <tag k='type' v='lanelet' />
  </relation>
  <relation id='1240' version='1'>
    <member type='way' ref='1219' role='left' />
    <member type='way' ref='1239' role='right' />
    <tag k='name' v='N_EX_1_to_E_EN_1' />
    <tag k='type' v='lanelet' />
  </relation>
  <relation id='1282' version='1'>
    <member type='way' ref='1259' role='left' />
    <member type='way' ref='1281' role='right' />
    <tag k='name' v='N_EX_1_to_E_EN_2' />
    <tag k='type' v='lanelet' />
  </relation>
  <relation id='1323' version='1'>
    <member type='way' ref='1302' role='left' />
    <member type='way' ref='1322' role='right' />
    <tag k='name' v='W_EX_2_to_E_EN_1' />
    <tag k='type' v='lanelet' />
  </relation>
  <relation id='1344' version='1'>
    <member type='way' ref='1322' role='left' />
    <member type='way' ref='1343' role='right' />
    <tag k='name' v='W_EX_3_to_E_EN_2' />
    <tag k='type' v='lanelet' />
  </relation>
  <relation id='1385' version='1'>
    <member type='way' ref='1364' role='left' />
    <member type='way' ref='1384' role='right' />
    <tag k='name' v='E_EX_2_to_W_EN_1' />
    <tag k='type' v='lanelet' />
  </relation>
  <relation id='1426' version='1'>
    <member type='way' ref='1405' role='left' />
    <member type='way' ref='1425' role='right' />
    <tag k='name' v='E_EX_2_to_W_EN_2' />
    <tag k='type' v='lanelet' />
  </relation>
  <relation id='1447' version='1'>
    <member type='way' ref='1425' role='left' />
    <member type='way' ref='1446' role='right' />
    <tag k='name' v='E_EX_3_to_W_EN_3' />
    <tag k='type' v='lanelet' />
  </relation>
  <relation id='1468' version='1'>
    <member type='way' ref='1446' role='left' />
    <member type='way' ref='1467' role='right' />
    <tag k='name' v='E_EX_4_to_W_EN_4' />
    <tag k='type' v='lanelet' />
  </relation>
  <relation id='1517' version='1'>
    <member type='way' ref='1492' role='left' />
    <member type='way' ref='1516' role='right' />
    <tag k='name' v='S_EX_2_to_N_EN_1' />
    <tag k='type' v='lanelet' />
  </relation>
  <relation id='1542' version='1'>
    <member type='way' ref='1516' role='left' />
    <member type='way' ref='1541' role='right' />
    <tag k='name' v='S_EX_3_to_N_EN_2' />
    <tag k='type' v='lanelet' />
  </relation>
  <relation id='1591' version='1'>
    <member type='way' ref='1566' role='left' />
    <member type='way' ref='1590' role='right' />
    <tag k='name' v='N_EX_2_to_S_EN_1' />
    <tag k='type' v='lanelet' />
  </relation>
  <relation id='1616' version='1'>
    <member type='way' ref='1590' role='left' />
    <member type='way' ref='1615' role='right' />
    <tag k='name' v='N_EX_2_to_S_EN_2' />
    <tag k='type' v='lanelet' />
  </relation>
  <relation id='1638' version='1'>
    <member type='way' ref='1628' role='left' />
    <member type='way' ref='1637' role='right' />
    <tag k='name' v='S_EX_4_to_E_EN_2' />
    <tag k='type' v='lanelet' />
  </relation>
  <relation id='1650' version='1'>
    <member type='way' ref='1649' role='left' />
    <member type='way' ref='-105445' role='right' />
    <tag k='name' v='N_EX_4_to_W_EN_4' />
    <tag k='type' v='lanelet' />
  </relation>
  <relation id='1663' version='1'>
    <member type='way' ref='1662' role='left' />
    <member type='way' ref='-105459' role='right' />
    <tag k='name' v='W_EX_3_to_S_EN_2' />
    <tag k='type' v='lanelet' />
  </relation>
  <relation id='1682' version='1'>
    <member type='way' ref='1673' role='left' />
    <member type='way' ref='1681' role='right' />
    <tag k='name' v='E_EX_4_to_N_EN_3' />
    <tag k='type' v='lanelet' />
  </relation>
</osm>
